trait_id,chr,1,2,3,4,5,6,7,8,9,10,11,12,13,14,15,16,17,18,19,20,21,22,23,24,25,26,27,28,29,30,31,32,33,34,35,36
A0A023GRW4,chrX,16.8689494090161,16.8750456274244,16.8320506293036,17.0423727973052,16.6659869375164,16.8163791374969,17.0603627297287,16.9092736355395,16.7320280689186,16.5369494705538,16.4527005626994,16.5547278946493,16.2694106220741,16.6297725359568,16.1630687157604,16.7181814713594,16.2704781672245,16.4353478279655,16.6457811061058,14.4894493391127,16.7941276648532,16.5717657806096,16.5552826823283,15.9311626689185,16.3891705168548,16.2016825614645,16.2024654795635,16.9854622316102,16.705720798534,16.8092900055858,16.9747584907322,16.8518019778561,16.0763050228223,16.0459918817708,16.5147186986543,16.0095530283572
A0A024E3A5,autosomes,18.5834430782502,18.2193251928407,18.4902363679055,18.5694197957529,18.1726342887999,18.0994713922792,18.6534375013338,18.4528216818413,18.4339302472767,18.4593179852909,18.2457880587112,18.7514930980939,18.1925042003944,18.3799467609993,18.1850013913682,18.2218484189564,18.201896938493,18.1780703388411,18.2959962827027,18.2903834237486,18.3982286278598,18.5075002970734,18.3182124155768,17.9038442955843,18.0819084644048,18.0015398185107,18.130851408329,18.0510603365784,18.1383001134264,18.2967738512111,18.405227461804,18.2208863255338,18.5757806498099,18.6763101677979,18.6760205179274,18.5531906439033
A0A0B4JCU7,autosomes,15.6385341603282,16.1321947676955,15.806105764084,15.8440640259786,16.0383841675406,16.2562406184591,16.0052968316309,16.166796643732,16.3192109184681,16.21220129293,16.3103789668187,15.7412572003293,15.6113715253022,15.8261438995505,16.2867637558395,16.0719722243215,16.5168857514908,16.2683664947287,16.3970469519417,15.4511716357833,16.2571116858441,15.95106909053,16.0658967188485,16.2241873127894,16.4568945359075,16.651212280814,16.041764039167,16.5997625828319,16.4142391198865,16.0814997609592,16.5350165456364,16.2897867064314,15.974480263882,15.7463417126024,15.9009142381821,16.0566331345904
A0A0B4JCW4,autosomes,20.3449793463391,20.4923703008544,20.3460992943672,20.1636195848597,19.4706656061179,19.3574683743059,20.3766062359595,19.799172397449,19.7895709929378,19.7740657517351,19.4584457017527,20.6004101447784,19.8233561392989,20.0496498630464,19.0647808967099,19.2342602880989,19.2441556412617,19.255751362613,19.4568594207027,19.7849881387746,19.7630598603008,19.7445495111832,19.6329209349541,19.2215821809929,19.2281846110208,19.1617577978567,19.2174383044001,19.393256633868,19.1287082800389,19.256349760786,19.5197725014661,19.503410657355,19.8846209236728,20.363594396601,20.0702120046021,19.9660473982596
A0A0B4JCZ4,autosomes,18.3780651409384,18.2041077865023,18.3246219986843,18.4730589079749,18.4047288455432,18.0561986477992,18.316628120465,17.8329176261251,18.1071984556755,18.051356218356,18.133012506844,18.8652506757532,17.3479724872764,17.2963397581681,17.2571137070275,17.7244898313144,17.3311935037778,17.2260403784682,18.0776162588555,15.5210670042043,17.8440663652587,17.680718274943,17.3332752251301,17.1919364768738,17.5370126157504,17.411537099471,17.5932927442563,17.5981839515245,17.7621374162309,17.5012701887525,17.408308175928,17.6381056209018,17.3367755861173,18.4966883647507,17.6001684081176,17.4137769439991
A0A0B4JD48,autosomes,18.8335823934679,19.6259119177533,19.0479912306755,18.8577323628069,18.9448402361123,19.3561590837836,18.7277694895257,18.930364930097,18.8514306581002,19.0062375826158,18.8981094140731,18.5070248218905,18.5915036256725,19.0224906629552,18.8470218529072,18.702496422775,18.8991972500696,18.827762477364,18.7464440665953,18.5726141117771,18.9073183691866,18.6971578334871,18.6422569202931,18.6525634348198,18.644876756922,18.9387085055966,18.8454981510279,18.9887987235653,18.739193592148,18.7063435600694,18.7985363769357,18.8226768506769,18.6346684083427,18.5124352297715,18.6238431897159,18.7696324886007
A0A0B4K620,autosomes,4.22480474212415,4.22480474212415,4.22480474212415,4.22480474212415,4.22480474212415,14.8753237792961,15.0761399597573,15.1945502943683,14.9603981484392,15.1811251434142,15.1476988019043,14.9581010731613,14.6878929296614,14.6997987826674,4.22480474212415,4.22480474212415,4.22480474212415,4.22480474212415,14.6363516056213,13.0131683274486,14.6248216684259,14.5959802405242,14.239152281515,4.22480474212415,4.22480474212415,4.22480474212415,14.7969224321573,15.0866166951978,14.8508468376711,14.5663453445383,4.22480474212415,4.22480474212415,4.22480474212415,4.22480474212415,4.22480474212415,4.22480474212415
A0A0B4K631,autosomes,14.4765764379471,13.3219407271542,14.6018312926343,14.2696104765557,14.4054308608474,14.6670834466231,14.462300384345,14.6005951946276,14.1264038585437,14.2158173925324,14.1075174023832,15.283977976572,13.4105046325053,13.5500274062849,13.888978553211,13.9570932578689,14.1647011546881,13.9676667880128,14.2713823665756,13.3778156374497,14.1992224572194,13.9832940957319,13.8354360729915,14.1127961300454,13.9560838308439,14.0979207507835,13.9753130830265,14.1703162098887,14.2802556224695,13.8844718754408,14.7621493332104,14.6263500915183,13.6891823029554,14.573691779398,13.7295622808545,13.751774869184
A0A0B4K686,autosomes,16.534063563397,16.2722530588184,16.5417392335019,16.471074219146,16.3971051626941,16.4866836258203,16.4201620514624,16.497784641527,16.5495662566494,16.4600686116718,16.442185107699,16.0543832339556,15.9833357753387,16.1321825717058,16.4234218863611,16.4527160626562,16.4842106366357,16.1343329524264,16.6722693976006,14.5190645964545,16.4004623731292,16.279883373984,15.8894895155688,15.9093131357366,16.9021385579896,16.8514731746505,16.3467201265154,16.8508631859523,16.9327427065491,16.5466593221817,16.890364396207,16.5060174421678,16.0178659515462,15.3793047951961,15.6745702681563,15.6257063260115
A0A0B4K6C3,autosomes,17.0570959112548,17.0133919615004,17.2953454294815,17.2135138705892,18.2542964085388,18.0128369580423,17.546382648183,17.5546017503031,17.7166376305179,17.7809517853633,17.8570499425942,17.1753901442944,18.3947741539216,18.7083018176145,18.5936799832135,18.0288165152924,19.1717725679477,18.6198989012873,18.9880307804802,18.9629009417394,18.8844201649821,18.4845799383154,19.105872391734,19.2677665905058,18.7749048875429,19.1072742251078,19.0015492573682,18.8724378019576,18.3707498148247,18.5912560671432,18.8641506989058,18.7231699238915,18.822902086791,18.6101739254527,18.4967632949997,18.0474266409685
A0A0B4K6T1,autosomes,16.4405240482862,16.4218090893197,16.438367049331,16.1184790418152,16.4400067340038,16.3843917979845,16.1609383647747,16.0587085606236,15.9698079387115,16.0854231024585,16.0746531169368,15.7733699612006,15.9658590768925,15.8731692496358,15.8452279572461,16.0109141971808,15.8431241625437,15.6048817582899,15.5488993085232,13.5535900723497,15.9072373390961,15.7851727461091,15.5040468508324,15.2249072839339,15.7165081307015,15.4732491155228,15.6284009945887,16.1479090048339,15.9153296984596,15.959840287308,15.9637951799173,15.7868854988374,15.7465543195766,15.0969068091872,15.7502009129441,15.6766928721728
A0A0B4K6U6,autosomes,19.977277027833,20.4505287093301,20.2426328205477,20.0196350020584,20.1988598027124,20.6092731697011,20.0510534745594,20.4649152267951,20.3419016200352,20.2361969336364,20.5192500295026,19.95433082437,20.2603910557121,20.2270544217601,20.5071009896495,20.4784765241522,20.1277516701971,20.1523132138987,20.3414661099807,17.5745087554873,20.1661323434288,20.259385711588,19.8536181576525,19.8886435347199,20.3882918065269,20.3054521187464,20.629818053226,20.2984276408713,20.4789287288503,20.4224130147273,20.2714246735737,20.1824166914907,20.0829309817498,19.6172521851205,20.1544841931825,20.0974729165299
A0A0B4K7G1,autosomes,15.3816451147332,16.0898367089639,15.5694522857547,15.4229336777388,15.6129713108552,16.1374225663878,15.8010668961116,15.7945524948645,15.8661751465847,15.7211938178678,16.0164933922572,15.4429424632919,15.827866884673,15.7306526103476,15.9200931414112,15.7359035717022,15.7676129413842,15.8124743597702,16.0971351728819,14.6823708417275,15.8048610659001,15.8413375119406,15.5697873471243,16.2890811607367,16.227247648493,16.4637458495993,16.0579073363865,16.222983197231,16.1939987239425,16.1792029535883,16.1899991830721,15.9332729720041,15.7430421861112,15.4295803236891,15.3885100726126,15.7063446647197
A0A0B4KEW6,autosomes,19.3349438777649,19.1830253563733,19.4233072150573,19.4176621556084,19.5891553427856,19.4128214261898,19.5084719958678,19.4885986088892,19.5772844248642,19.4421403474351,19.5465371130098,19.1229666974223,19.7326450312247,19.6571184664245,19.7853899511652,19.4849541921571,19.7537789918958,19.6483728305294,19.464913587314,19.6912072721696,19.6778391891339,19.4298711284869,19.6860939404952,19.6568630161993,19.3618435439187,19.386920900509,19.7233903550567,19.4893642813059,19.5390698272163,19.6055973348097,19.6336494282275,19.6373673679434,19.6422590493787,19.448996529962,19.72411527719,19.7329155100113
A0A0B4KF31,autosomes,15.5674344270646,15.7622022771226,15.6474922916614,15.6094516475026,15.5877857932038,15.5026714788801,15.3682952957661,15.4531033378692,15.2874808696574,15.8833368102104,15.749205020712,14.8433684493328,15.5071885653626,15.474326522217,15.9026504349001,15.9047174686976,15.8161593654006,15.5821623142889,15.8597114882046,16.1974109445411,15.501921320892,15.5162365379283,15.9507259813532,15.6522784240468,15.7484829741003,15.6503561532646,15.8932740399387,15.360783293688,15.533230764037,15.6547227923828,15.9251416227173,15.5995161423763,15.2324117211763,14.7030212724379,15.227166745058,15.0519585290707
A0A0B4KFE4,autosomes,13.811787433573,13.2911513342785,14.8009927738262,14.6366794317714,14.1441195438466,14.3202117514139,15.2920145791746,14.7905868855497,14.595810697478,14.7308914989091,14.2299011267374,15.6335734977294,13.8700095045534,14.0144673919225,13.298588132522,13.7117234402718,14.4544324026118,14.0111984997966,14.0572935349173,12.7177251450348,14.4388423307026,14.1701130875342,13.7776471548808,13.7372173973815,14.5155001425637,14.4176685410691,13.2367222765002,13.7190245496772,13.8703895384617,13.9612595673171,15.8214871733249,14.7569034483728,13.4389620182195,15.2792366043957,13.778546716652,13.7662972900313
A0A0B4KFF6,autosomes,16.3816734462591,15.6422663773738,16.6629209295201,16.8048273208714,16.3734759225347,16.1968978369716,16.7925892673137,16.6586560938389,16.4519551079906,16.5265734983769,16.471864999458,16.8148231986853,16.396269654543,16.5415224827279,15.2633030903864,15.8145326388332,15.6156178918803,15.6781283275877,15.9372819014848,12.7437630913347,15.934670032665,16.4205457915678,15.1943727473083,15.018306690709,15.3905187222972,15.3317494577235,15.8455354472098,15.7159968869608,15.9937730534884,15.643987122503,15.532646513274,15.3335634383589,16.6573668869974,17.2051805354804,17.0480158776974,16.9420083614822
A0A0B4KFZ4,autosomes,16.2173015910812,17.0419540858918,17.0317373704148,17.2698257468182,17.6502347984385,17.5315745889767,17.1415073797852,17.0127465560375,17.0927648731074,17.0832214942278,17.2329061645562,17.409030758652,16.5482446915918,16.4541696917192,17.5499389412571,16.8820838668978,17.4604447875025,17.2843346027498,17.4060615584031,17.7063407081991,17.331066361814,16.8158058888949,17.4905740895947,17.8150629409396,17.5826168316933,17.8489577517003,17.1674897222399,17.2706076108608,17.2139659012136,17.3961491443693,17.2028024100166,16.7450222952947,16.6541537084436,17.2944934381975,17.1381998933126,16.8541454181107
A0A0B4KGE4,autosomes,18.1390909332969,17.9101131926079,18.6582899209999,18.1915168501418,17.6951008471461,17.6128733508205,18.5190069479521,18.0904178529832,18.3219609655538,18.1886823758384,18.2201814930328,18.7039875968339,17.6074645402689,18.0161634684487,17.5920087923514,18.118990086378,18.0188625363425,17.4858857748987,18.2746321959441,15.4859306410499,17.8168856905597,17.8785612151161,17.2531102358361,17.2723631531113,18.1555533693752,18.0445475168419,17.7599736149737,18.2736666626969,18.3355267760389,17.9233113215886,18.5719773922107,18.1724428325025,17.4986143843198,17.8924554117982,17.6518930307709,17.6738318377536
A0A0B4KGF9,autosomes,4.22480474212415,4.22480474212415,4.22480474212415,4.22480474212415,4.22480474212415,11.9840322810944,12.67351242096,12.4095126887495,12.7526189767016,13.090980236486,12.5059155185678,12.6853099179516,12.2905149980665,12.6516458500015,4.22480474212415,4.22480474212415,4.22480474212415,4.22480474212415,11.8837248678096,8.04101914022512,12.3328382046407,11.8742809631325,12.2485615761009,4.22480474212415,4.22480474212415,4.22480474212415,12.1037439783723,12.8968771622196,12.2091017317068,12.4107390987587,4.22480474212415,4.22480474212415,4.22480474212415,4.22480474212415,4.22480474212415,4.22480474212415
A0A0B4KGG8,autosomes,20.5728093497497,21.0891950824721,22.056603746474,22.407565840773,21.4630009239031,20.7206096539949,22.4368971185472,21.0801808677424,20.5404732076397,20.8686768041018,20.4392167391611,23.1420389243104,20.0076561581232,20.2771018567223,19.3881976378852,19.9262350982171,19.7720589718285,19.6190826160743,20.0880667744808,18.5990803044254,20.7592773383729,19.8665394302673,19.7166196453186,19.7054397552493,19.7733749363022,19.9140063444283,19.7642108225921,20.0553118745247,19.8673087469659,19.8117676252413,20.0194756616929,20.4358438057689,19.5297107411708,22.7646010860882,19.8208948513463,19.7378294732506
A0A0B4KGI5,autosomes,17.0352190200571,17.0295499011723,17.0907592838411,17.110197097518,17.227355064404,17.0067223393529,17.1146882632331,16.9761107395495,16.970142095014,16.9364123128826,17.0235216307188,16.9247804907162,16.2193316654043,16.3949111398448,17.4125081250469,16.9792119840254,17.0921866511135,16.9921131712346,16.8146668593217,16.0976818363122,16.7304273716341,16.7136830516285,16.5655433318503,16.38533148184,16.8713554026178,16.7525042906033,17.052313423258,17.0361166061849,16.878987385821,16.5270856653772,16.8971801227502,16.7428380803169,16.2198014222466,15.805355869589,16.342633455462,15.972336066244
A0A0B4KGK5,autosomes,4.22480474212415,4.22480474212415,4.22480474212415,4.22480474212415,4.22480474212415,16.3638975407198,16.5387809178292,16.4101964351529,16.4915407137535,16.706749597102,16.6429381909512,16.5119262119901,16.3096664478075,16.2295879099968,4.22480474212415,4.22480474212415,4.22480474212415,4.22480474212415,16.4244452750102,14.130659617315,16.3858067034788,16.1658627253761,16.2401288194891,4.22480474212415,4.22480474212415,4.22480474212415,15.952582360995,16.8172124134471,16.2567460125854,16.400892497781,4.22480474212415,4.22480474212415,4.22480474212415,4.22480474212415,4.22480474212415,4.22480474212415
A0A0B4KGU4,autosomes,15.3423866934659,14.8537186948463,15.35146403433,15.2372295566263,15.5834934225167,15.6342431815757,15.806583182282,15.4027029290416,15.5973438862043,15.4813446307881,15.5783405025411,15.7209564684426,15.0217408871027,15.2450313382185,14.9418978922824,15.1310792722997,15.3105052368428,15.1288565447401,15.1664277736106,13.2806078033274,15.2076917633818,15.2575973375649,14.7813632132808,14.4063749213677,14.9046692258834,14.8195136381769,14.577809128509,15.0845368915726,14.9929255533081,14.993542680538,15.6814162206012,15.320743263991,15.3220907525362,14.9191896093606,15.6287465799428,15.3652255814447
A0A0B4KGV8,autosomes,14.8669190153502,15.3450448644766,15.2638712425976,15.1970503270213,15.7535190902121,15.5738155997126,15.5112634905475,15.3094147186074,15.4458627464117,15.3620378040789,15.6826092729805,15.0141753151492,15.1337979442456,15.3272998480188,16.5808619702705,15.5291546951253,16.0868056807773,15.9839351298349,16.1465901228485,16.2346459536819,16.0488079562737,15.8004008297742,16.1479014521937,16.1157360314341,15.6696663050747,15.9579785230076,15.9833590968678,16.1979023738216,15.9931767511095,15.8540071704948,15.9085449376636,15.9341667394624,15.9128886240527,15.3494374201611,15.5106669664279,15.220784388678
A0A0B4KGY6,autosomes,19.0113014693371,18.9064671892963,18.899494652485,18.8589525070677,18.427937759622,18.2473242774924,18.7921336116516,18.538685392762,18.5026177973719,18.5723223051163,18.3301825366052,18.6688199851907,18.620553220061,18.6611163152593,18.1208263595637,18.198691099944,18.1527501277247,18.1218659144535,18.0299869589676,18.8289440248001,18.3870113931643,18.2595276694449,18.409137359769,17.9853415426709,18.0506942752774,17.993093848577,18.1172426673742,18.0831340292397,18.0461355656688,18.0363564219826,18.4187470992476,18.2250382853795,18.5439127075516,18.5192412248736,18.5885057659998,18.5911968691439
A0A0B4KH34,autosomes,19.1761239706645,19.0795723275146,18.9798123682337,18.9302498130154,18.6488502102799,18.8023611067004,19.0889349164119,18.8474955236681,18.9887538401912,19.0388980697078,18.5870051579123,19.2157151321365,19.1035675393837,19.3592142029954,18.448912992589,18.5308813050796,18.7192253290443,18.6526218109018,18.6232115446665,18.2670300111729,18.9674267525209,18.9497770840072,18.5657550384203,18.2923254068006,18.4518855058589,18.4152992068132,18.4657797245355,18.845867167147,18.6022962688379,18.6339599042301,18.806036808832,18.8734717349961,19.1110422903103,19.4704027691276,19.2527550437018,19.1612433037777
A0A0B4KH51,autosomes,14.6309498961298,13.8017114635522,13.9685299869505,14.2725063715685,13.6826503958885,13.9768817674837,14.4262537395262,13.6506801926138,14.242403214116,13.7899299580805,14.0837421252127,14.1374757912872,14.3453528505651,14.6994741416145,14.0506350472743,13.0790905178198,14.2732528263089,14.1319366233354,13.979921040137,15.0475961653071,13.7441448674696,13.8153632729821,14.5285784409375,13.7392257010888,13.9010384649633,14.1437787103921,14.2148994513791,13.7409744197718,13.8988559055663,14.0209022425979,14.5852595204155,14.33598765234,14.3145950265805,13.698209487683,14.3052216522882,14.4849444262222
A0A0B4KHF0,autosomes,20.078940666632,20.4163412771201,20.1474960448917,20.2468187176953,20.1588641668761,20.2674311667072,19.8715987481842,20.196622870096,20.0826836044846,20.1771211058765,20.3187044493917,19.6884874914907,19.8453190203438,19.7673738951509,20.2609551079436,20.3989121850231,20.2232518752883,20.3059133775028,20.3256001666067,20.2871579889594,20.1169337432637,20.3864184080343,20.2357915499438,20.2422581979026,20.3565545777273,20.4499958893611,20.3601721560165,20.3347284237486,20.3714555445309,20.3706116479023,20.366389971049,20.3393713963061,19.8081605428774,19.5709241374661,19.8334167613104,19.8712602413192
A0A0B4KHJ9,autosomes,17.2758460971298,15.9145831380453,17.0387836932208,16.0649864953147,16.6156965210134,17.2897918676662,16.8971813175501,16.9626694652254,16.9025925556787,17.1556437695651,16.7759671343832,16.5713002196293,17.3330542177269,16.751900856507,16.8451870586678,16.8757195501336,16.8218621350834,17.8039917057342,17.0265374335603,13.4331139447796,16.9401275932454,17.2467469024277,16.3452339440824,16.5325259759129,16.7510968325381,16.8285311323056,16.8171059834849,17.2164931414535,16.9801647769028,16.6749078084786,16.5412936868833,17.002085078154,16.2922424726249,17.0810680216117,16.561963911122,16.2238101372838
A0A0B4KHQ8,autosomes,18.8315042301846,19.3616048825758,18.967003178318,18.9194250536009,19.3600783763784,19.3648741128548,18.4983742544767,18.8394177867513,18.7979212496697,18.7159371928926,19.1788561769691,18.4732106081963,18.8003725732138,18.5913900282531,18.6314430431406,18.8971105660967,18.6786086057164,18.4354852617597,18.2835236602478,19.1540409303914,18.5131220236485,18.2267574303478,18.6509555462796,18.8956914243382,18.7725138608028,18.7547290773914,18.9990872894331,18.5234181889467,18.6557625558132,18.7038142036794,18.0932609711038,18.3048311930461,18.5697894549962,18.4977992157973,18.2780686804135,18.3463876843397
A0A0B4LF49,autosomes,17.1764886220454,16.8896055986973,16.9895981952888,17.0329998353016,16.961420413226,16.7852385868675,17.3016894122077,17.0790706544657,17.1595263457306,17.1062841665612,17.0768241468962,17.0510784258177,17.4204772011228,17.2646485289569,16.9439012089313,17.0033158673829,16.8812472181746,16.9261648157093,16.7779511224755,16.9250423026818,16.9454818204557,16.9668153312707,17.0043710199805,16.5793002250073,16.6781661534797,16.7392957681616,16.9806575651605,16.7930281163527,16.9977198364983,16.9961628609057,17.0549439429995,17.0417074050113,17.3531958547225,17.1731871783886,17.4075328313363,17.3641888607469
A0A0B4LFB8,autosomes,17.3018328905953,16.83327797917,17.335297596658,17.3241515247901,17.1078601452917,17.1397396032683,17.5560456726721,17.3792450067848,17.5514178803055,17.6901867220885,17.5821132787199,17.6039701451736,17.6003472806726,17.5214868199513,16.7962701935349,17.4407121743836,17.6576340158623,17.172997880376,17.2216421260862,16.1898677341715,17.3759074652724,17.2513227464467,17.1790714121588,17.2209691760742,17.1295225815809,17.013967812191,17.1779403788739,17.3960782880613,17.3101375876472,17.3737700743772,17.9017928047173,17.6327372480696,17.3553313726829,17.3835467124165,17.6489658977031,17.471201330895
A0A0B4LFZ4,autosomes,17.6037558438213,16.3768003719266,17.1623405194426,17.4995423843626,16.7132776541708,16.6174296885341,17.6170005124488,17.1034487081282,17.1584457028915,17.2048027576915,16.8381701082255,17.5513470990897,16.9362430901923,17.1395121911614,16.3489646494939,16.80323307934,16.7481029556407,16.5789163569801,17.0703235094557,15.5333237867549,17.2691340115215,17.4853767124624,16.7266024781436,16.343672153155,16.3404418229712,16.3094704817112,16.5467729040398,17.2601490861793,17.0119615100813,16.8131228078848,17.0646768300867,16.9605902392026,17.2561183764683,17.9652665918721,17.5499055591643,17.5506470348392
A0A0B4LG23,autosomes,18.9133172211765,18.6217250095191,19.057971492111,18.9853914828688,18.7300436901529,18.9647450673181,19.0771478546936,18.9501764398702,18.9294002162768,18.9635711153963,18.9222095022087,19.0109358345492,18.5966205593859,18.7400596369505,18.3143689544721,18.6771576027145,18.6783491841396,18.2878458455772,18.5276807687222,16.8486145906483,18.6445495614803,18.529669438965,18.2801841975634,18.0278203914221,18.396141459694,18.5326872894131,18.3828265330851,18.7584595086937,18.6698188994956,18.5476015107371,19.0603687322993,18.9379434841485,18.5626865560765,18.7237668568155,18.5602255951332,18.4136381597247
A0A0B4LG26,autosomes,16.3747033907862,16.345206009705,16.9058587433148,17.0907524299133,16.5518370792531,17.063515710719,17.4125911415817,17.5318843940456,17.8174665138911,17.6593700786222,17.4887670181806,16.8648092703438,17.2971349562634,17.3751488914944,17.7046238938526,18.0117186754087,18.09643870395,17.9950753919699,18.0868180685157,14.0698942222802,17.9327837382015,17.6794568956286,17.4075645016458,17.37546233295,18.2532226707988,18.0767563394887,17.7628722778846,18.4115005201528,18.2439046604574,17.8738664166874,18.8549706692831,18.4375332949302,16.6887604577458,16.3045860384144,17.4342116140558,17.1095647775569
A0A0B4LG88,autosomes,16.7353861203241,17.1011496538848,17.2137510675708,17.0055858403909,17.1458310794819,17.2209115283897,16.8895090890655,16.8800259845747,16.9310785123558,17.0378112194618,17.0317205369027,16.6035361768492,17.0165153485778,16.9774789267566,16.4986813291915,16.8671424133057,16.7262702088689,16.4690529910591,16.7941999990177,14.0937240622229,16.6919571310008,16.4598738522468,16.2729461113033,16.0800261986802,16.8179318885046,16.6943237669456,16.9323437830868,16.9277517938805,16.8770801235177,16.9372468817382,16.4447766629936,16.6311474690371,16.7007606278404,16.1955545531343,16.8704765137125,16.5875150324727
A0A0B4LGB7,autosomes,13.2486058882017,13.7370186677306,14.4479031360079,14.9832497691587,14.0248897385981,14.1026049834809,15.4148608565357,14.0479411491148,13.4800671043838,14.1127056773797,14.2954578216668,15.8728939273335,10.0784858969706,13.3027713517609,13.8279919358556,12.7183059946861,13.7756110125296,13.63804456734,13.9013182114688,12.9644063945977,14.0270304639541,13.7080225447963,13.4007165217865,14.2858371679382,14.2411492952441,13.932778438677,12.7580123771569,14.5280967192732,14.1945453136251,14.011224171209,13.9488259435221,13.6376807393008,12.7152109528411,15.2044700922963,13.2024297510544,13.4352726131273
A0A0B4LGD3,autosomes,17.4548303532578,17.6667020918923,18.6859096560171,18.7989172798444,18.2866148432182,17.3435210449165,18.8806871975815,17.6997347373848,16.9925390106616,17.2982038789296,16.8457907356009,19.4390634565682,16.1075862481977,16.4310992096024,16.6874991841154,16.7093426749144,16.2553409709318,16.2202513076598,16.807523398917,14.9137703498032,17.2325452249086,16.6205024319047,16.1627639962579,16.3668706058713,16.7251303925158,16.8822631456722,16.5136824169269,16.4764743360677,16.5842779407118,16.6373579923286,16.2169754091837,16.503956267398,15.9406497484994,18.1284260484354,15.7880333993982,15.7644547221399
A0A0B4LGI1,autosomes,15.5280180312922,14.6840394273222,15.6485104365774,15.7494306981374,15.2397077655723,14.9531355717243,16.0681073861173,15.2925341681184,15.4043908437249,15.5211646648695,15.1980907150944,16.2904602298801,15.016383562763,14.4283900929834,14.155169570386,14.7948219063281,14.7027807033959,14.3838590047323,15.2678449453891,13.4993224249257,15.0992812336673,15.0388741778561,14.7472077665064,14.602978804936,14.5523390140605,14.644996683739,14.4816109912411,14.9590877924519,14.9359662194811,14.8940447334058,14.9747608224568,15.2846832556014,14.9922855461043,16.5720119698569,15.5419002813362,15.4135281767629
A0A0B4LGQ1,autosomes,17.9073464992629,17.4460648328072,17.4003055063481,17.6723607946096,17.4594978806892,17.0729222869207,17.5328401240477,17.5283337865812,17.5011338147836,17.5626894342227,17.3092845315011,17.6523709494056,17.4980290545586,17.5009441816552,17.2809151801963,17.5151555031225,17.3186117564586,17.3267222013743,17.2663081219915,18.2533150961108,17.5016921641509,17.3739568714559,17.7272055841193,17.3217658389122,17.014825409731,17.0114365287591,17.2171394983119,17.4005308117147,17.1276046067125,17.3935378332134,17.2036899193421,17.4562197955196,17.8213689283186,17.6764718519205,17.7044566318185,17.8701357575843
A0A0B4LH71,autosomes,18.2858026592248,18.7134746142423,17.9495943137275,18.0070924079021,18.5135540588817,18.5692153825398,17.9185351151336,18.7376196881164,18.5363636809187,18.3847700533857,18.6126046035159,17.9349166888998,17.2082019710408,17.1080093086738,18.1563304606891,17.7536317886974,17.9572847483439,17.6920087867196,17.7333482154414,17.164988741719,17.2332035532105,17.4619008238094,17.4406076350498,18.2531871529636,17.9396966506972,18.0561228048006,17.7204384744302,17.6205701212606,17.8643348766798,17.4636566276287,17.4107084160431,17.5640600693324,17.6063980336782,17.3176473249046,17.4370861820773,17.5126961185181
A0A0B4LHX6,autosomes,17.7924330262896,17.8250651713186,17.9743659698139,18.1449721546331,18.7212049881876,18.8118740280708,18.4046483805114,18.5350949556229,18.6380448179878,18.7496095882669,18.767531491569,18.4874819658501,19.4517506570872,19.280875953219,19.3593844015778,18.7033523107675,19.4485198806046,19.485576098305,19.1720518526969,20.1460175270111,19.3645905538527,19.2747216533816,19.7701523920792,19.4894916354266,19.0494132725778,19.0368873581912,19.2969052946347,18.7688726331404,18.7132786206077,18.9311910715533,19.3235174966834,19.3030094842857,19.8096807660268,19.3322780674218,19.5823909877504,19.5601450885306
A0A0C4DHA8,autosomes,18.142320830724,17.9584225509637,18.2149413435761,18.1720975054831,18.4461141510796,18.2013359487175,18.170158844819,18.0707205160578,18.2165835918136,18.1407826968487,18.2828010059387,17.9084796539564,17.5772323760046,17.6235214855897,17.7580926393206,17.6797973332221,17.8374940606352,17.6657850781217,17.7791693159301,16.2716969597659,17.8430213039223,17.7114054270409,17.6096228840677,17.2242566852843,17.4300354590658,17.417460433444,17.6608237964495,17.8565307356786,17.673229245736,17.5670218081274,17.9092345914385,17.8756274569106,17.8862086062773,17.4746167658296,17.6890670023425,17.6164407428962
A0A0C4DHG5,autosomes,18.7699118620998,18.8944024402901,18.7944059075467,18.6171527147363,18.8173883732191,18.9964352076006,18.1891611835606,18.4796197663011,18.3913531381094,18.1721307923963,18.402928265962,17.9493603531344,17.9027094073921,17.5892694858313,18.0010386038612,18.0254046498358,17.8100334515821,17.6063405662187,17.8830036284486,16.4625391301562,17.8128082045975,17.6470162472467,17.3242225505841,17.4553092725298,18.308507555341,18.4140932829709,18.1272495689498,18.2415830320553,18.4073190293545,17.9768094455982,17.914821298494,17.6788346725831,17.4569381305072,17.1533570988185,17.2824647218539,17.3508152230162
A0A0S0WH10,autosomes,18.3245884529612,18.6951035861731,18.3630194211751,18.1145231351202,18.5770440828694,18.6780947510321,18.3718439958365,18.3811763650297,18.5971768275218,18.7769700094663,18.5945018460512,17.8640204501979,19.1418817203214,18.9983712247708,19.1856742787524,19.3184486162382,19.2327147979768,19.0707510834581,19.1723039428075,19.5627646110943,18.9371959879774,19.077658142602,19.2007435424877,19.6261320403128,19.313470605872,19.4433809460295,19.0435813917429,19.4305360595201,19.1701805646463,19.1331963748431,18.8357753556214,18.7532289771532,18.930353941637,18.9249332478761,18.8833836728265,18.5531738770184
A0A0S0WIH4,autosomes,20.6427466801732,19.9950399563679,20.3554061653702,19.900665854817,19.3652906366921,19.5356036124189,19.3670297493429,19.9186567174482,19.1818749185935,19.4908386043973,18.9437064301956,21.0657544700813,19.1825184110574,19.2857674626741,18.2668152774232,18.511956509523,18.6506119448141,18.6155534626276,18.9595954053832,16.9213020031798,18.8281100074129,19.0903477298362,18.3599334148843,18.4606817320625,18.87620749897,18.8219974867934,18.5980593442587,19.3670203758285,19.0997877612801,18.928504348774,19.2125835537149,18.9123064054687,18.1335260192537,19.5782659621459,18.6799217014394,18.8137024686354
A0A0U3SHB6,autosomes,14.5631058606265,14.5185233464229,15.0764036923745,14.6434160832581,14.8285431445745,4.22480474212415,4.22480474212415,4.22480474212415,4.22480474212415,4.22480474212415,4.22480474212415,4.22480474212415,4.22480474212415,4.22480474212415,15.2004158399906,15.2790554888732,15.4672923304701,14.9977711226025,4.22480474212415,4.22480474212415,4.22480474212415,4.22480474212415,4.22480474212415,14.6778763987826,15.1438475658045,15.1821029365276,4.22480474212415,4.22480474212415,4.22480474212415,4.22480474212415,15.6171314423478,15.3765952316644,14.3231419711463,14.3159511628077,14.707897417943,14.4107548546837
A0A140B9G0,autosomes,14.6682550425931,14.4683990896616,14.8166456694738,14.6367886773818,14.6153357839313,14.3902214190975,14.6949091051871,14.6402398449982,14.9899320112558,14.9222623320809,14.9017236520038,14.46068862462,14.8561909153694,14.8638770649085,14.713291518287,14.3830208478962,14.7904370225559,14.4141011474948,14.7393720058375,14.4060134692487,14.8974999999369,14.5695598120872,14.6449775406464,14.7105847312572,14.534385004928,14.4746599359703,14.7377258550354,14.7483620616456,14.6530669918584,14.6486318704687,15.0514944629494,14.8636936039126,14.8578199423034,14.3561136817197,14.9554485256962,14.8900518032065
A0A1B2AJY5,autosomes,17.17770704525,16.8511635693311,17.3492600645086,17.1497930658643,17.7777225553804,16.5676243564942,17.2537923701515,17.0238948421682,17.5844927710745,17.5960838673494,17.3319347730344,16.8406484718149,17.2628862192746,17.386514006188,16.6665019263309,17.0380615229553,16.7644249627128,16.3896567837658,16.1810404110942,14.0999773010029,16.3683124462495,16.1317315662972,16.1980773296165,15.8218409171141,15.7817410040524,16.0288812056744,16.2158127853677,16.5393826176158,16.520380570721,16.0437996151548,15.9989076266237,15.9472303182267,16.8298220459082,16.1183926734508,16.8571220914567,16.4008848388742
A0A1Z1CN86,autosomes,16.3937940996007,17.4201945805747,16.8517949733749,17.0208927698625,16.7548414670326,17.5516609547924,16.3042634261363,17.0636577032767,16.7441862349467,16.8636979175638,16.3810201682656,16.2009197828621,16.20220970127,16.5309783646731,16.4430794669965,16.5822559970533,16.5334775015216,16.744286567318,16.6710056961233,17.229295319968,16.4554753718014,16.6474884206142,16.7569227216152,16.9203569913271,16.8829649554618,17.0560051150531,16.66581073596,17.0022240498528,16.95433040179,16.6157218161507,16.3107800048366,16.9244853326224,16.2832854111305,16.4863993298016,16.3910899583271,16.2349231382312
A0A2Z1YXZ9,autosomes,16.0044457530847,15.8229196631241,16.7275484988804,17.0242229409005,16.1511534528893,16.0142976104135,17.2465403612001,16.4878972850975,16.4380033150196,16.3870924240787,16.1943454072332,17.8250138034571,15.753496706906,16.0222842252762,15.2407095819516,15.8277827149336,15.6477656499966,15.6259002250939,16.0402708408138,14.1810333720044,16.1858988098091,16.117255528895,15.4688895341357,15.3961935722086,15.6202879044023,15.6148103709172,15.0774049833162,15.7698235645389,15.7975670687827,15.4703615233543,16.1938790807031,16.1641038466111,15.5373210004855,17.84026032771,16.3834884338029,15.6943815106758
A0A3Q7YR34,autosomes,18.1407767236675,18.7300896467952,18.2635762442976,18.2153044432327,18.5376574795613,18.6685620644262,17.9897029650003,18.3078415146406,18.1927305410168,18.1555069467909,18.5118521410601,17.7953867581041,18.0588921364915,18.0387297581916,18.3452114306798,18.0560247911922,17.9869868846696,18.1814885461714,18.2501834665549,15.1776580170575,18.0481775606291,18.1034493589068,17.6524487754885,17.4210322570476,18.1484713655374,17.7998623453812,18.4051673551278,18.24704116678,18.1822405464437,18.508665449431,18.0462739425808,18.1366134847596,17.7516476454735,17.2889834389385,17.6522362468759,17.6694972909935
A0A4D6K1L3,chrX,16.4049385336519,16.2530877659698,16.643631338084,16.6412368300594,16.7637760855504,16.543848252953,17.025588835292,16.5167407640072,16.8174935083683,16.8219939226491,16.7615779891186,17.4346920528895,16.1455971607459,16.2416547477311,15.9136286061891,16.2354830329785,16.3341099788868,16.4410738149258,16.1850524045638,16.0940570303121,16.3919730499026,16.2391068554162,16.258673480638,16.1484225017226,16.1253469040559,16.127054948351,16.2345600732527,16.0893363548576,16.2170800062051,15.9015473723001,17.0601139634472,17.0723721959831,16.4771576518292,17.0409750874823,16.4304094868801,16.1511884866014
A0A4D6K4F6,chrX,15.2536794678732,14.5832149107771,14.7251138513412,14.9585359437473,14.7736175968106,15.1178165577735,15.1456558007578,14.9413937775547,15.3830430906466,15.2497056689087,14.9119097382284,15.4617946878406,14.9927769169333,15.4845922747593,15.0499242677315,15.0559002733974,15.0134307996344,15.1735937789933,14.6295306026289,14.9047568536839,15.10218282904,15.0539920129773,14.7711472238018,14.9937297391856,14.8349479442407,14.9301374336945,14.931666732187,14.8753843158983,15.1162242456824,14.880199892004,14.9248846643282,14.860836704096,15.6865804543783,15.5946004630685,15.6689081212451,15.5946593265547
A0A4W2F0R0,autosomes,18.8233240242444,18.5254136156835,19.2102930125102,19.0766991549371,18.7589346717583,18.6979536835498,18.8884698518908,18.7090931103735,18.8820195555825,18.5196564488651,18.5864090731558,18.0185792425123,18.5953672707343,18.6029528788084,18.4017587841449,18.5949900482425,18.8594014699232,18.1138721704467,18.7723098219543,16.1439356819742,18.6741364092517,18.3818905501034,18.0396953725319,17.9512982421173,19.1261487925575,18.9774595148822,18.5455611476686,19.3921004016731,19.0587958421061,18.8284590479675,19.1977535471894,18.7826800753807,18.2840123220076,17.4902736616217,17.7677481167001,17.8019645643308
A0A5P9K655,autosomes,15.3513950186945,15.5273217390959,15.4360501975917,15.407335692584,15.8583221060912,15.5269145749944,15.3434509939769,15.279198847601,15.5604367181087,15.1986390855277,15.2219707091533,15.0667812800138,15.5119060990027,15.4367572419855,15.5024305823835,16.2330019007819,15.325405896546,15.8803434412843,15.9509116723089,15.6733245715138,15.8551649844732,15.8223526052744,15.8135769323549,15.7714777765858,15.975484705039,16.0579580715451,15.590838445229,15.7767427462833,16.0364483967731,16.2795696161047,15.6025353315858,15.7629733219989,15.2960311906109,14.8571764525405,15.4589026129495,15.4805525122529
A0A650BPI2,autosomes,21.5645083080942,21.744444430955,21.9361601940129,21.6009150065303,22.2189455161326,21.9527285439384,21.5798201571725,21.7685572010652,21.7320131378112,21.6357270920301,21.8998946794145,21.2608736395377,21.7360048423086,21.5613269237001,21.5111412339758,21.7407752189203,21.6931544899576,21.4645575255075,21.5867528843643,18.7503351902625,21.5985009249085,21.3785887645395,21.0295373187936,20.9641453954965,21.4555171002981,21.3756363030237,21.8589725646678,21.7648491415422,21.8264773095023,21.9741237034093,21.4178128106153,21.2872616035375,21.3769775834272,21.1140424671831,21.3734882000785,21.3630528842301
A0A6H2EFX8,chrX,19.2338071307669,19.3109938491277,18.9149030272699,19.0033459544765,17.8962117524373,17.7542551833564,18.875233126382,18.4452514204076,18.5812668496769,18.3239205494565,17.7985906336941,18.8192307399792,18.6928591638387,18.6934911069951,17.6642363352781,17.7924679840056,17.8425251057883,17.8637333071054,17.8521323995365,18.4199336944663,18.4838057049993,18.437484845956,18.1697586083287,17.7186193159112,17.577574937393,17.4052058555302,17.5085909270733,18.1741929317159,17.6198938237426,17.7764367797215,17.9901448426899,17.9297293490654,18.5174897470584,18.708998137695,18.5251361996804,18.6577404187937
A0A6H2EG56,autosomes,20.0039580768841,19.8663564472817,19.6982629089014,19.6276448104136,20.1890228647154,20.0450825784943,19.7881600267743,19.8451839533883,19.933412881111,19.9079115348101,20.0820303857809,19.5947213147263,19.980377724202,19.8110670123451,19.8478637686993,20.0235762078022,19.9243182907725,19.8313152596637,19.9075602693637,18.1307791375305,20.0049397220953,19.8674681205846,19.6632626232729,19.7140221328048,19.7921384480603,19.8105472511599,20.2066333113823,19.8593766096093,19.9073666672106,20.0812211785825,19.6637022167632,19.7467549737204,19.9061126052211,19.544692243363,19.8924089196713,19.8340119841898
A0A6M3Q7Q7,autosomes,19.820138205579,19.2771700972775,19.5626076615249,19.7695168391407,19.4420854286592,19.2141504925604,20.0691462438788,19.4322864322036,19.4975181857822,19.4655449730322,19.3188170483515,19.9684422817616,19.8070265903956,19.8490182446598,18.969125392385,18.9189677359271,19.1824456956311,19.1171094204985,19.196980285561,18.6070893279689,19.4530781038857,19.4213001714684,19.1745706554602,18.8636261878544,18.8274500552749,18.8834478912483,19.0798739043847,19.1130826455916,19.0834605346659,19.1502428037859,19.284883519269,19.3221649073501,19.7688103177119,19.9204963048668,20.0660403855195,19.944749110366
A0A8K1YXJ9,autosomes,15.8459651207405,15.9679399562443,16.9748727228949,16.8538936723306,16.4289686260181,16.1316668012732,16.8971012932539,15.9714870084095,15.8049988976407,16.1833519444111,15.9984669046096,17.2243513551106,15.8845376975916,15.796107226933,15.4084262035715,15.408290650412,15.4338975031221,15.3932501954593,15.8554179533942,13.8582725978558,15.7390239927959,15.4391042414195,15.3155081937598,15.1428409317273,15.8711302950691,15.7469757666938,15.8447418927521,15.7798306121235,15.9540951627798,15.8567419536767,16.0416571620892,15.8781349890841,15.4533577919319,16.6078788087176,15.7963605169994,15.2736348572651
A0A9F2H0Y4,autosomes,15.5803470227925,15.3428676076155,16.2127939945962,15.6723598716161,15.7147340864604,15.8236108955045,16.0133801592485,15.7137450429365,15.6566926637858,15.7539964378754,15.9272414283595,16.2032266801031,14.9291785893475,15.3086055910491,15.3145708208641,15.2551475867127,15.8437835400493,15.3027319152561,15.3195522899255,14.5793973350653,15.3801639931471,15.4291725046173,15.1851209863977,15.0185331107305,15.4456964371339,15.122453118465,15.366150581615,15.1700002451679,15.3926148991332,15.330231136194,15.5898795918617,15.5560237801463,15.44405138535,15.6874250029091,15.455254907946,15.0394015889849
A0A9F2H0Z0,autosomes,17.9747018126907,16.9874102878201,17.8500556730902,18.2282869205617,17.4043672776729,17.2555799751306,18.3198828801614,17.882080894426,17.7333299034988,17.6963690153053,17.1897554093013,18.7743878418277,16.9073703692566,17.2805193598672,16.3083014353299,17.158248084096,16.8725634141681,16.8100224161893,16.9147962221282,16.2419459742339,17.2076050636215,17.8053941798116,16.7268616137908,16.5361876529563,16.6643133136011,16.8269650270518,16.4785359285948,16.8970463935912,16.7355782395486,16.7842538409757,17.291726232282,17.1433701132206,17.1261274314523,18.6102318887199,17.3622023050766,17.3617026224012
A0ACD4DAB9,autosomes,20.1813602925975,18.9673658655578,19.9688992466558,20.0809168345949,20.0031375092432,19.9466038620126,20.3936423010425,20.0006870745085,19.894548239682,19.7396875954792,19.9210536625252,20.1384046250379,19.8214808950461,19.8185162203056,18.9497720617783,19.4158297683457,19.311213230857,19.4299827601849,18.9597574464937,17.7503294656486,19.2806586479357,19.6304729411899,18.8876963875722,18.7759572840421,18.9651539503706,18.7941696465494,19.0854312325704,19.2705887652792,19.2695088754373,19.244780603745,19.3866366801628,19.4157048721139,19.8162889291916,20.0546044305961,19.5967016104197,19.8067291465435
A0ACD4DAT5,chrX,15.1333871084037,14.6527666233293,15.4435737266855,15.4259384889295,15.1885462476097,15.1617544274993,15.878941343909,15.6147522746308,15.7964518763126,15.8403393006697,15.3813791579826,16.2131773986025,15.4569531963317,15.7931576556198,15.0820617437096,15.6123557302796,15.9214343517596,15.3548621944668,15.8583541715979,12.6391266895324,15.6262498563895,15.6065919250037,15.0144553293052,15.2656543430636,15.5995654229075,15.4040060273238,15.1550936866473,15.5749016378,15.6143384004634,15.3398893724877,16.2590739612282,16.1694471249816,15.2539789502829,16.0880807019038,15.3530934651013,15.0730696914978
A0ACD4DAT6,autosomes,19.5926650227368,20.0759234673108,19.8241852056836,19.6579872854702,19.9224460749826,19.9108581088049,19.5339944688228,19.7300243117539,19.6443859007138,19.5795098333733,19.8696848999199,19.3988153208657,19.152875795102,19.0866125599943,19.6237309077147,19.7753340446438,19.462401593164,19.344541247396,19.6733390724505,16.9919955358,19.5047437001477,19.4466090020167,19.1895842357297,19.3952822567845,19.5443247192511,19.3785066614523,19.8218124162632,19.6515699987148,19.7550535837406,19.568545224833,19.45588203687,19.4634450257155,19.0074203869572,18.5783360863249,18.9685765445221,18.7570450023181
A0AN12,autosomes,16.3849545558608,16.3471279966608,16.0855984144181,16.4419539327682,15.8407434037134,15.9144446306695,16.5177236282444,16.329679708988,16.2440269323568,16.3649513882111,16.3769347764607,16.0696962092311,16.7853344165267,17.2417217976402,16.2063370476156,16.3161607378774,16.3209752988617,16.4655659172034,16.1051375136207,16.2585964104127,16.0714663583179,16.1443583792629,16.1332836743136,16.4969947818509,16.2612949719588,16.3580375624356,16.268750626586,16.0465736289178,16.5410941255804,16.382661097354,16.8141316580952,16.8276514406404,16.2326437504096,16.0036701507519,16.5412445109375,16.3713186311408
A0APE4,autosomes,18.1385883902816,17.7547665314862,17.864555352577,18.1043591224409,18.1020671691914,17.7927297587955,18.214009012448,18.0543820812259,18.0099513839491,17.9161740837286,17.9435620635317,18.0384725471255,18.1967357389935,18.0691806043493,17.8660130651732,18.060639499499,17.8168844662674,17.9999801596099,17.9189577073841,18.2523751696694,17.9829687367777,18.0183673795224,17.9802246211106,17.9825633950995,17.8201977411811,17.8517301439917,17.8592593525187,17.6613506986802,17.8290024450005,18.0052958514314,17.7277493637124,17.8960998295493,18.2840215505325,18.1602385491389,18.2759605687905,18.3538616379572
A0APL1,autosomes,16.2159942081793,16.4484418599778,16.1916826552211,16.1314488983947,16.147826529908,16.076128277414,15.7758957518194,16.1866315985539,16.1373858976785,16.1455592479051,16.2114026658845,15.7176497239452,15.930117890957,15.7611867167404,15.9065920248764,15.7832519761677,15.8650574061286,15.8526756730521,15.7220419410479,16.1462656933471,15.777617371957,15.794152136082,16.0322562574574,15.9315206656798,15.88718230638,16.0550502185576,16.2568369435086,15.9334923445514,15.8910503371326,16.0233476756168,15.8444750583197,16.0542035426713,15.5440365648407,15.6882346667996,15.9387283534827,15.943108376969
A0AQB0,autosomes,4.22480474212415,4.22480474212415,4.22480474212415,4.22480474212415,4.22480474212415,14.4873562321213,15.5271617036033,15.1321362430716,15.2842585440813,14.746675532301,14.8582188707931,15.2948697215471,15.2168852393766,15.1153638234816,4.22480474212415,4.22480474212415,4.22480474212415,4.22480474212415,14.8887559348154,14.5562189445079,14.8368862071015,15.0436073853883,14.5758277333072,4.22480474212415,4.22480474212415,4.22480474212415,14.9786094678365,15.0884502705126,14.8295862440473,14.808052618493,4.22480474212415,4.22480474212415,4.22480474212415,4.22480474212415,4.22480474212415,4.22480474212415
A0AQH0,autosomes,15.2662519482857,14.7066401176076,14.8292984237523,14.6915144680363,14.6965271898822,14.4455475928505,15.0021094021231,14.2662542928144,14.734533431501,14.7280434056743,14.3246700836786,14.6417770630713,14.4486000682595,14.8517615475761,14.6590954758053,14.665313337546,14.7632965816236,14.4263817848461,14.8835104673927,14.4742160542443,14.8796150402864,14.6182995153716,14.1583721948179,14.3716006447901,14.6761590759862,14.4664458055358,14.3493731727493,14.7754641749446,14.7858738090753,14.7199079296931,15.1242287563623,14.7257211462345,14.6187580031122,14.2176340711566,14.9587891172311,14.2345217045404
A1Z6P3,autosomes,14.0295641692802,10.0648777910667,12.8253895089232,13.1807579104877,13.2311042878456,13.0467047398651,14.016915828955,12.9162880012466,13.0720712692692,12.9410928162645,12.5707134901467,13.9659623390009,13.8125595269633,13.6739405089265,13.4303342629733,13.4672206469887,12.8956912221279,13.2517138202341,13.0466777951445,13.8572128326648,13.3125655298266,13.2867444739259,13.4278709314296,13.2788797624555,12.8093580199517,12.5650689607835,13.1887020700959,12.3420339995832,12.7281748298445,12.8785132539753,13.4534188401294,12.9191366852228,13.807765097462,13.8360789872698,13.7511062333689,13.7558728541313
A1Z6V5,autosomes,13.4837716131862,13.4670039593884,14.2443900356756,13.8874979802456,14.1103222005459,4.22480474212415,4.22480474212415,4.22480474212415,4.22480474212415,4.22480474212415,4.22480474212415,4.22480474212415,4.22480474212415,4.22480474212415,14.3512614602156,14.8932241069342,14.5595286701401,14.593726068182,4.22480474212415,4.22480474212415,4.22480474212415,4.22480474212415,4.22480474212415,14.3551904090763,14.5332294457725,14.4518528849915,4.22480474212415,4.22480474212415,4.22480474212415,4.22480474212415,15.0700457868751,14.8549754561899,14.0281214667115,13.3406944039837,14.1271612472737,13.6739789797757
A1Z707,autosomes,16.5723313184103,16.6486435440408,16.7515660016262,16.3026653926252,16.4878303220359,16.0588252394146,16.6788228510461,16.6035152116816,16.9328300744141,16.850828580059,16.5350744135733,15.9526360367601,16.2290394029257,16.0954347539531,16.9664247550437,16.8937597478552,16.7046191367839,16.6138266149064,16.9574244305393,13.5582509987579,16.7794581104361,16.6280759550262,16.3181315637532,16.1353744326104,16.64771508263,16.3141979393346,16.4080916286126,17.2529275299358,17.0872177783161,16.8891103246229,17.3239090584042,16.9856614047012,15.9011542213791,15.0045119092341,15.7113721648066,15.497004253418
A1Z7G2,autosomes,15.5682055064392,15.9589053450691,15.8974532182734,15.7599502183705,16.3746137348859,15.9391945913324,15.594000369713,15.5036750552421,15.6089931198527,15.9998842749825,15.8938756513783,15.2954172766068,16.0750052737589,15.9892319963757,15.2682865343242,15.718499078726,15.611328164163,15.2279423670535,15.8585633427318,14.9823544089687,15.3882348109357,15.6104662959641,15.4262034755881,15.9413310697861,15.9440317519053,15.5146594891828,16.0323859347025,15.6686105569675,15.9474524466017,15.8226500054909,15.7881971218369,15.4725993419798,15.3582028414376,15.6570468186828,15.8151435013099,15.7200061073659
A1Z7M0,autosomes,15.9141353554556,15.6940810189368,15.6227979270861,15.4003094401474,15.8128542942437,15.7592136805622,15.3565946789609,15.6112237297198,15.4944134584312,15.5941415579928,15.7245747070927,15.2819362589141,15.3876216432961,15.4865693378285,15.8122988148493,15.9235859781613,15.5293159542857,15.5692631555744,15.7347710844643,15.5338558631805,15.5786090908706,15.6458566063414,15.766672146516,15.7281213191755,15.8611919469651,15.7003755275212,15.842483858807,15.7091818334064,15.4517837782355,15.9051441829886,15.6976651133895,15.6981388744405,15.3675358538383,15.0766285147421,15.1639606797245,15.2692690188269
A1Z847,autosomes,16.5729501926421,17.2372833063437,16.5698577730868,16.7265244904292,16.8595003464905,16.8562374680798,16.3354200319758,16.6913355746114,16.6500446001247,16.5330772541392,16.9099772679829,16.1471395383649,16.1162703466477,16.398928306988,16.7697470452352,16.9915907434735,16.4283657144876,16.4233829067598,16.8804666432995,16.1561981981998,16.7033302472244,16.6298928575615,16.4609475897194,17.0901245901034,17.0321278512466,17.2576694674248,17.1444703491884,16.9128263141716,17.0879501027731,17.2976041627551,16.5089058321643,16.6609747211484,16.3248284044092,16.0628468206741,16.2237994519291,16.3808255650416
A1Z877,autosomes,14.9800103370763,15.2787774076541,15.3490108056076,15.2374889299222,15.3611961313737,15.7030965975961,15.3520250364354,15.7258823642413,15.5355917056335,15.6448413216177,15.5483884477906,15.1686661313052,14.7949723799518,14.9940761489812,15.3105350976951,15.0479316864414,15.0076221400833,15.1388650680435,15.5983794967083,9.48845852963156,15.3897979796068,15.2716665509141,14.8715320084777,13.9194705539334,15.5542510654185,15.4590588059636,15.4891929302903,15.7806282991355,15.7036628642562,14.6908848957039,15.6679817494998,15.6068943014531,14.2188900582872,14.562705583098,14.7425087897227,14.4154981280787
A1Z897,autosomes,4.22480474212415,4.22480474212415,4.22480474212415,4.22480474212415,4.22480474212415,15.4887243237711,14.589137289051,14.94355403364,14.4691990702207,14.7249575158753,14.6323978298386,14.0186767903465,16.1471885161,16.7068375871678,4.22480474212415,4.22480474212415,4.22480474212415,4.22480474212415,16.2859706901044,16.5469492602633,16.2033328735013,16.7168805797625,16.528536404713,4.22480474212415,4.22480474212415,4.22480474212415,16.3398998355427,16.3732780603953,15.9904538632041,16.1043866810768,4.22480474212415,4.22480474212415,4.22480474212415,4.22480474212415,4.22480474212415,4.22480474212415
A1Z8P9,autosomes,15.9794673019224,15.9443365384624,16.4143242598284,15.8789763660974,16.6020220198924,16.0859275160223,15.9014626572664,15.9174281181708,15.9420354369658,16.4381255852182,16.3315749720961,15.7219860045763,16.1869032179648,16.1871829221565,15.3485928162708,16.0309943159673,15.6453733553437,15.4785032202933,15.2873903436408,12.4501835809383,15.7743492876737,15.3136840138506,14.7415577085129,14.7748124775389,15.5030242679877,15.0330602857342,15.8768757653866,15.5680451719631,15.6224061353222,15.8059967238654,15.6983380277035,15.3649371547536,15.9624306980232,15.2338984079879,15.5379259441255,15.7312209415942
A1Z8Q0,autosomes,15.5803786459735,15.7283018559268,16.1081447659895,15.7375361985279,15.9729110483381,15.9741718949502,15.3814561507723,15.5541364581374,15.2923336493345,15.528366402167,15.4883482318226,14.9479141775135,15.3570307180062,15.5714047637713,15.6087391520519,15.2769564905123,15.71769843787,15.3685933681465,15.6654136236245,16.2355122710234,15.6285958361705,15.3896213570257,15.841342380071,15.9252434720766,15.8690965223865,16.1685090333455,16.0263811537912,15.9546605767464,15.7974248897158,15.8248464314764,15.5592458253492,15.5890811597098,15.4354714690352,15.5454842645946,15.2188820935399,15.4426687666276
A1Z934,autosomes,16.2972949487257,16.3750641289376,16.5629203958192,16.9205213755206,17.0933860167799,16.9958864510047,17.0124500015335,17.0232620942208,16.9887323889093,17.03130286999,16.9321814687042,17.0064111376357,17.1089878565921,17.0632421118564,16.5671764374171,16.9177532405851,16.9314815756244,16.8026750802053,16.521237585363,17.7552470247241,16.7996738136139,16.9259153035832,17.1992571422798,16.854390541593,16.6653203774177,16.5503299543221,16.5560639399331,16.457856559799,16.3950788592049,16.6433152567699,17.0188788967877,16.9998034574049,17.2538993969206,17.3971021101057,17.2322286675738,17.3622009073902
A1Z9E3,autosomes,15.873941906588,14.6808422365052,15.4596825921598,15.6320868237019,14.9279329563912,15.0932885810802,15.9255081913716,15.293352727094,15.486385491916,15.4570871117484,15.1760673248649,16.1955824628999,15.0078660866203,15.6077598192987,14.8320393054721,15.4058831419938,14.9055700839961,15.1048087024973,14.973327318207,15.346722297535,15.2513361943466,15.6131944871931,15.129377765984,14.8725574394303,14.8868132788153,14.7432355743439,14.5704569692887,15.0877764707442,15.0071649603425,14.8481345727234,15.1325038982096,14.8145397005329,15.6195560894299,16.0078543729388,15.9144020481497,15.7178963493069
A1Z9I0,autosomes,14.2232088967583,14.8427923736515,14.2355815047452,14.1597993010252,13.8996018605789,14.4171215516613,14.5201361177293,14.2867315588877,13.5133871609388,13.6214342730386,13.7846836355748,13.7874517228065,13.7032399807716,14.0663354180364,14.53614522112,13.9350303199118,14.1477802086168,13.8605578420929,14.3327312773511,13.6828530659974,14.3837787878471,14.195337469648,13.4196820956034,13.8094264234823,14.2132570692475,14.5081875521981,14.1926952782229,14.718002441114,14.6313525315174,13.9477293636469,14.0503369754431,14.1168935987875,14.2518254027167,13.8832426058575,13.9199902573835,13.8763182291384
A1ZA83,autosomes,15.1099939208994,15.2730859607711,15.1049081943541,15.012828556792,14.8786989278685,14.6097054767929,14.7578817219471,14.606692455205,14.6556582232149,14.6765430460989,14.6589429304772,14.7077544452238,15.0048126729213,15.0904003926891,14.7159940039662,14.7112218173961,14.6231589729011,14.7898653834798,14.4356365709044,15.6756719233851,14.6593510194399,14.4531045789584,15.0943227989612,14.8362054872084,14.9439080113072,14.5170171893714,14.6039625621453,14.4301747600575,14.4235572560983,14.7159982866187,14.6058384853093,14.3309279602766,14.3763101592175,14.1674568365157,14.5139755027941,14.2459986518499
A1ZAA5,autosomes,16.4111471254433,16.7986285773221,16.6896672414709,16.9926799705857,16.2959446569628,16.1085689202777,16.6170034192437,16.3147449391936,16.306478767041,16.5271899551462,15.8500967506031,17.0155568796465,16.5571227861062,16.7230602068761,16.0052999713511,15.8218032280203,15.9841101375591,16.2402660719723,16.1283134117636,16.6826642545873,16.572430088479,16.6002922735613,16.4452221945899,16.0061342886751,15.9809303127743,15.9880640136899,15.7981536177838,16.2121386544373,15.9934435420835,15.8916883083876,15.9885814589514,16.1895742245555,16.5435178230522,17.0207987953836,16.6517784222457,16.518025965442
A1ZAH8,autosomes,17.1274428592514,17.1291260909896,16.9948001608845,16.8297651025515,16.9358062027456,17.1212196607689,17.0234377392774,17.1072901829293,17.1282779418244,17.2722239743289,17.2021794324793,16.7379261062343,17.0514755051232,16.954740518486,17.4886290691259,17.1402681088253,17.1958195996273,17.2205213625218,17.309414264091,16.8383507920673,17.2008854970973,17.0299860655492,16.9831961050301,17.3468382359171,17.2779755165782,17.4182443236541,17.2053186277156,17.3935305473828,17.3084042294158,17.3106918589801,17.1038507261483,17.2058516759254,17.163967623548,17.0019735762152,17.0252480724393,16.8842033764701
A1ZB68,autosomes,12.9418604905433,10.282025309127,13.2634443268324,13.8460103384511,14.0418774541625,14.1595616346938,13.5817166229392,13.6337834067426,13.620659628785,13.9570417113481,13.7384584816441,13.090836488016,14.8139170632402,14.343134600542,15.2478127910208,14.0242761722787,15.0054706120071,15.0633705556868,15.2623857011239,15.1451995080032,14.9397761464687,14.8961047477,15.1424995047874,15.3584388497833,15.1484241161316,15.2873263074445,14.8432150162673,14.9321383024055,14.727708868444,14.243674204603,15.1145519307273,15.0540938225256,14.7443807355543,14.5077248383465,14.4766429811886,14.1505845691398
A1ZB78,autosomes,16.8231492781699,17.1074066169406,17.0786828897674,16.7650767917154,17.1958478386541,17.2018757048682,16.9751097973725,17.0254876094722,16.9910398951009,16.9443779489847,17.3330014389432,16.3936971810325,17.2842635029732,16.8836167288473,16.7899953851128,17.0405932096518,17.0970888859762,16.6230586978188,17.1121509595598,16.0900022865026,16.806723548793,16.6312718820815,16.6105106131908,17.2880099203643,17.3650355349274,17.3641904747138,17.3315371087493,16.9458666232815,17.2528874641817,17.2803885924753,16.8024893361363,16.8366026629823,16.7959426197191,16.2656498428487,16.7753164449733,16.7177082952336
A1ZBB4,autosomes,17.331328326245,16.8916929521278,17.2217852722056,16.8972418817867,16.814160634542,17.2298192602142,17.0575109154715,17.0854947464201,17.0778893671798,17.1576047009516,17.5292047870828,17.2107311742404,17.4015910362053,17.1311115350599,16.5856264882037,17.0281544157674,16.9644220193946,17.1080566133756,16.6695695750677,15.5111536008198,16.7736541536387,17.0089988128408,16.3385764214895,16.2393369195519,16.6765743797699,16.7942165178637,16.7707344712252,16.8332095371414,16.9106234289771,16.9099621939085,17.3021029179392,17.0473723821097,17.0474998361382,17.013565286195,17.0598645185455,16.9462856947659
A1ZBJ2,autosomes,15.0173376881806,13.9886443660096,14.716407253654,14.2200986113378,14.3870715225312,14.4503826852878,14.9579676586841,14.8425837545124,14.7003578371522,14.4334686862319,14.7884338411891,14.9731440251867,13.9075657352495,13.9378215408485,13.5947545860285,14.0564547471037,14.3267362817857,14.1502731069527,14.1413901212719,12.8158146092562,14.4242180982729,14.0202848220042,13.8025547260873,14.1650363536155,14.9133373102178,14.4007822287408,14.2831082633291,14.6054637916843,14.0959676740139,13.8514494850625,15.113789946559,14.9783522367802,13.8579839236747,14.1151583046415,14.114813865753,13.8120296404676
A1ZBW0,autosomes,17.3657986709576,17.3497198156883,17.6803670756462,17.5131753778389,17.7920362535915,17.9059066202193,17.6860781184714,17.7391913007659,17.7458322309533,17.7301660135164,17.9180035502635,17.367388093072,17.9202157331769,17.8120708343327,17.6324267424144,17.3250380510526,17.6576274923393,17.6458196439869,17.5851996087085,15.8946248321071,17.696490979778,17.464696872937,17.4625123476273,17.4542736468221,17.4729145574755,17.4103061958633,17.7794594485748,17.6890654697691,17.7401552305396,17.9170035027682,17.8299511113176,17.665417581936,17.8085305391722,17.3093924443967,17.8727310088919,17.9311949524732
A2RVE5,autosomes,15.7505069887444,15.333842874086,15.7462281293087,16.0066848372279,15.4909242310547,15.4448850612575,16.1981831489141,15.7192808497667,15.8968109989007,15.9109418461864,15.4942817835298,16.2358285289575,15.8762488247983,16.3007414319654,15.3956554443022,15.6173309301891,15.5955810316284,15.5956771301472,15.5908094147423,15.9519653949711,15.872570501062,15.6791371233446,15.9733842452797,15.6845074162857,15.5501865080865,15.5028518592568,15.4330686029747,15.6653143224449,15.6515969177864,15.561045635723,16.1889172957007,15.765037602526,16.1073453168269,16.3476903833918,16.3545640533286,16.1345345831465
A2RVJ0,autosomes,16.1806944584317,16.2574383916301,16.2466307864571,16.0305026325375,16.2520406516089,15.9656094170789,16.2800996570024,16.2485573662502,16.3421180377778,16.3129995989273,16.3903863754677,15.8544660324643,15.9071499120161,15.9389540453716,16.1641823922371,16.2407647962365,16.0936005338512,15.8483036020912,16.2706052552558,15.2084304203402,16.0206034278514,15.9874527944048,15.9218024070613,15.647053497569,16.4288739796426,16.2704888492242,15.9887300810498,16.049589013355,16.2904776244262,16.2394232852398,16.515678782732,16.2221319729667,15.5644467239502,15.5598130155258,15.8940232822202,15.7639330045836
A4IJ59,autosomes,15.1143827365299,15.3008430649998,15.2579825733559,15.3307688077724,14.4528201753969,14.3818589772606,15.1223705434334,14.6471463982247,14.7165586795321,14.6590552784488,14.334116111864,15.1502939648386,15.3643526137276,15.5339325902532,13.8883123806241,14.2347007187111,14.430538691081,14.3259126792944,14.2080667498502,14.75046903914,14.6232914979497,14.9683239257733,14.5845925568968,14.406505412601,14.3000738446602,14.7624143035302,14.2131391553352,14.153974764011,14.5936231664962,14.2854838429845,14.9155821835895,14.263032222177,14.543246062084,15.0686145376232,15.0499615114257,14.7293530452292
A4V110,autosomes,15.7497304629563,15.4334424745835,15.9002397170343,15.7905394216583,15.8232713398268,15.6924698462248,15.7855895004426,16.0534530726921,16.0530695069512,16.049735044925,15.8157355350777,16.0155666227215,15.8009581267805,15.6035997157999,15.336578110882,15.7134103344606,15.5978770362279,15.7074304493038,15.6839753987343,15.2305987272906,15.6657342627067,15.6671888964285,15.5899593734877,15.4542032469086,15.6846950790984,15.4196198467656,15.6815861587173,15.515384096892,15.5251367055406,15.4930116302948,16.20771370332,15.8588785654848,15.818634725416,15.650734383285,15.8534898628866,15.7960252829262
A4V133,autosomes,19.0622190676627,18.0163373284751,19.221460949135,19.5810049252653,18.5936908358806,18.4446559218988,19.7735502312091,18.8841720215763,19.0167476701336,18.912920141857,18.5823911584469,20.0725525127448,18.1617367666995,18.6058362474708,17.7622744813612,18.3275289115776,18.0203325126889,17.9298592976223,18.5118558530948,16.9993906429467,18.6862189932849,18.7605412854432,18.0233086525406,17.8205378635878,17.8996485521017,17.9205955878664,17.9094460396342,18.3274567155244,18.0779118071975,18.0339748500251,18.6852244915374,18.534468515633,18.454807085041,20.1959291197189,18.9884650232329,18.5934405691252
A4V3J6,autosomes,19.052481967873,19.7131255393547,19.4161869522465,19.4874187535456,19.5893485175169,19.753276601033,19.1148082864256,19.4696163188361,19.4236960914501,19.3827442013637,19.6016170736589,19.0581020280193,19.2785183992706,19.3174041294211,19.1886916257636,19.4780067719386,19.3290694756413,19.1986181216039,19.3947294111093,17.3048082625135,19.2741518043826,19.3133856851832,18.9323385845516,19.7136140778085,19.6751892318703,19.7194261036457,19.6601279196817,19.5852663314755,19.6686669130615,19.6087061283371,19.4849040612804,19.3462632195892,18.7781648452521,18.6544682938303,18.8355927220613,18.883637136771
A4V4C1,chrX,15.8336353011086,15.7938490230626,16.0779683079259,15.842367324964,15.8557138979188,15.7185387504449,15.6418637631569,15.7040431295569,15.7682492662283,15.8873039149879,15.839189918928,15.5479663862915,15.6921036255081,15.6592605386031,15.7571794852231,15.7611355805025,15.5753243840884,15.590406633835,15.8028101298657,14.5356243604906,15.6528879352725,15.6684862330169,15.6252314796179,15.5088477776325,15.7525391752823,15.5351528157013,15.8279374398057,15.7769801773532,15.9478543673738,15.6981398444996,15.8105676542671,15.7228776195158,15.6083488094741,15.2987849546638,15.599590055107,15.7056102370514
A4V4J0,chrX,20.2944334993547,19.5724025296981,20.4561485703277,20.6643841872364,20.2376654077588,19.9338316147353,20.8980132447812,20.2567880617033,20.2070425376988,20.2542670064234,19.9936314532546,21.0362677144391,19.4699024499121,19.7476758666756,18.8458425785245,19.3439485462604,19.2917924369455,19.1132085500083,19.2736762046279,18.5361620590608,19.6023087838562,19.5166364061906,19.2467157331127,18.9643387911404,19.1207537660935,19.2293282308922,19.1513149979528,19.4899385898297,19.3311592330796,19.1556589185435,19.8838388729131,19.7342001530003,19.7483800574678,20.8314291531501,19.9625235644499,19.7588173160756
A4V4U5,chrX,17.7617266908144,17.0812552119708,17.970650696373,18.2358721897213,17.6209615215751,17.3236908047789,18.4138616574705,17.6804964949811,17.6359639573806,17.9769064213367,17.4324648373413,18.8401332070688,17.3386727420537,17.6608270153842,16.7159894627889,17.1921430896013,17.0320537552549,16.9945643368737,17.1567177571586,16.2071085703255,17.4725343632559,17.2918437302365,16.9904807407767,16.8284177134741,16.9211197422868,16.9373006817791,16.8088003535455,17.2092533951396,16.9494666233534,17.2398370604664,17.5229187522121,17.5093088073432,17.5136424015875,18.8761207011136,17.6699167035648,17.4076664162542
A4VA47,autosomes,14.4950467717946,14.5334400347904,15.5490247859601,14.539840619662,14.9447363183183,14.8093670338651,14.565576227772,15.0159219711703,14.9290329571183,14.3879752506573,14.5984513605254,14.6705341586971,14.2771496934125,14.002966719341,13.4944621234383,14.3421958176738,14.7843402813244,14.1413692852978,15.2088948813641,9.50216315210051,14.7157082356341,14.7449252824283,14.1463963227779,14.4290064711552,14.3051393470833,14.5391076746656,14.5644165699929,14.9702038184706,14.9138176069276,14.756902209954,14.9145799420771,14.5271829394034,14.0366663928678,14.0801660862451,13.9575733513046,13.4953285483535
A5XD83,autosomes,20.1560637123307,20.4253286687131,20.259080377433,20.3093111025565,20.1757016823143,20.3421347482555,20.256283704832,20.4413666587904,20.4342589249591,20.3890127429309,20.3697246434111,20.1250396025296,20.5132607171335,20.4645616125912,20.820721693265,20.6217814319238,20.6780507387842,20.716787845354,20.5335104373934,21.213496571,20.6460105247029,20.5739838701025,20.9247246901232,20.5862777865892,20.4780842913242,20.4867905521254,20.491354862948,20.5127645505051,20.4690530187984,20.4578271664587,20.7011911232867,20.7496925499094,20.5537904733536,20.2158768079588,20.3893235529918,20.6205960686187
A8DYH2,autosomes,15.5219243496175,15.983934666818,15.746488492476,15.7714939452963,15.6180969991948,15.9490848610265,15.5202672099381,15.8036651118786,15.9400747757393,15.6488557430308,15.7856883768324,15.5247753517084,15.9045592394246,15.9333186300178,15.941173172273,15.6385265367129,16.0192463201924,16.0028298145174,15.8586492430744,15.3851033762617,15.8413742689011,15.951856200585,15.7205158840482,15.9136538820697,15.8426121708982,15.8332445059585,15.669786900471,15.9293183850702,15.9398578860171,15.6374704549772,15.9836663931128,16.1199723330627,15.6996860333573,15.4218137417736,15.6264036184753,15.4974580981946
A8DYI7,autosomes,19.4988861000997,19.2219019334015,19.4954670812687,19.2860508390961,20.0737940285164,19.9056117948568,19.5782952455884,19.6231433694359,19.9084210497891,19.8563562334293,19.9335546957733,19.4392420747569,20.0703719326041,20.2429906154619,19.9452117224529,19.6424612918318,19.9505168893262,19.9500849107034,19.740444281654,19.8521354653326,19.7620978798097,19.60400341048,19.9439973622974,19.7914579527887,19.7570301445146,19.7598294775274,19.7866852089697,19.8011815124019,19.6736734728327,19.7791460923385,19.9870024369734,19.9084169744761,20.0383970140997,19.7383163443593,19.9234253425354,19.9705140568718
A8DZ06,autosomes,18.1475701180034,17.3576426606268,17.8191261203207,17.797210515507,17.2353461939976,17.5344381388874,17.5978492627666,17.3228637715165,17.674920594936,17.4344683388633,17.4332736299286,17.5212721148022,17.0496065781024,17.191423745883,17.0890517035696,17.1936308605214,16.8052435922761,16.9495747989516,17.6939690701723,15.9379139226722,17.1904774419853,17.3403540037508,16.45360495803,16.618071618302,17.6315040166231,17.5647763206307,17.1469907376953,17.5316251536975,17.5936557067254,17.115790095911,17.2243744712953,17.0488915410026,16.9893666395389,17.3239565289227,16.913205130563,17.2430934593415
A8E6M4,autosomes,14.3731819530689,14.8170664312069,14.4603805623982,14.5679542298109,14.0719157290826,15.1190808889461,13.8529481309239,15.2844909096918,13.9046201449269,14.8684562909161,14.3867847267081,14.6019979976817,14.5613948385119,15.4426933993377,14.5642256985303,15.1507757850959,14.6856154918473,14.4431406845576,15.1758497954973,14.1582593427773,14.0488626485705,14.799085879669,14.0861158060946,15.2039406982886,15.1169481664324,15.354603603211,13.4711429427204,15.411795302238,15.0064376562987,14.4033025553465,15.3905158237148,15.2271065642464,13.9279945856666,13.6554610596275,14.44349143935,14.364931684018
A8JNP2,autosomes,22.1967431484098,21.5971474302447,21.5538336386678,21.7728150834059,21.2604574872696,21.1448970366007,21.8094302419058,21.6179129164156,21.6827664553942,21.6136990441791,21.3969278756813,21.7298866829913,21.922069635666,21.8721805957369,21.4613100115875,21.5550773705637,21.4397542030845,21.6070063695403,21.4140542178886,22.4780968722426,21.7336392516747,21.7572997206722,21.9673742566854,21.3990224720791,21.0797751672359,21.0755380339713,21.2476606998816,21.3525983117957,21.2231220016382,21.3582010046166,21.4021397838742,21.581693812973,22.0430480404378,22.0840365238602,22.0375792681277,22.2605862284112
A8JNP7,autosomes,15.8362206351537,15.822209300589,16.1084524841406,15.4854472072526,16.0192836078492,16.0254161486593,15.8482666279573,15.9555712793585,16.069994099949,15.9440114379545,16.1732806916893,15.5905472228781,15.8076910652433,15.7829443330968,16.2792762881189,15.5416643003746,15.5261528678038,15.5774261122763,15.6520482462614,13.3411810609724,15.6690946558561,15.7858659050935,15.1743689801875,15.270714645876,16.0874505321918,15.8257921393926,16.034758843746,15.9165478681466,16.0458997153092,16.0044772031087,15.4244052480667,15.7000954405702,15.3346310997569,15.0323750042306,15.596364441181,15.1678078039213
A8JR57,autosomes,15.1072175423395,14.9939246037002,15.7101752199874,14.95292152827,15.5984051248752,15.1391028961208,15.2372867961237,15.2839504656513,15.6323571002461,15.556144207755,15.435642629279,14.8583402456841,15.1936895518818,15.2861029348021,14.9277332412538,15.3521328196453,15.2689725550634,15.1104890610702,15.541910190811,13.9545098803424,15.3322531048732,15.175054226933,14.7694157511705,14.6233048874614,15.6009060221927,14.7116673157834,15.4739908514127,15.5240780472651,15.5034239025049,15.4207238733226,15.5933957612114,15.2448103617271,15.4741435382954,14.9783653534337,15.4954890496746,15.3535439136618
A8JUZ8,chrX,16.4939696089597,16.8765073009724,16.5570354945813,16.1652866760929,16.9013750277958,4.22480474212415,4.22480474212415,4.22480474212415,4.22480474212415,4.22480474212415,4.22480474212415,4.22480474212415,4.22480474212415,4.22480474212415,16.2821350395938,15.7869712767152,16.0890951970733,16.0569151555776,4.22480474212415,4.22480474212415,4.22480474212415,4.22480474212415,4.22480474212415,15.5076360992558,15.8037321839477,15.5765918730651,4.22480474212415,4.22480474212415,4.22480474212415,4.22480474212415,15.7631920499271,15.8065051022588,15.9075433828826,15.7602561362463,15.625255589968,15.448432940114
A8JV19,chrX,18.635204220082,18.8170873289805,18.8061984895444,18.6892042484017,18.7695047373313,18.7469355333218,18.5552962230129,18.80844862022,18.8260369060864,18.7296106778794,18.7638025885123,18.3593710058421,18.4797981062183,18.492228035394,18.702565480661,18.6845626957412,18.7597134743299,18.3610390137201,18.7015371223085,17.3975432909731,18.5103765372188,18.5210265886832,18.166499194945,18.484074576706,18.7905604853811,18.9474234829258,18.3574791215031,18.8560261731999,18.8989593968767,18.5505711631899,18.6945487176361,18.6310701196622,18.2602264944777,17.9784545310615,18.1701839115613,18.1447246278401
A8Y535,autosomes,16.2312288153562,15.9785658149797,16.1848334616658,15.5656806926057,16.4180828457704,15.8819505276334,15.9359629265664,15.8518294616966,15.9859606689766,16.1290946400255,16.111890376938,15.8831430619785,16.2758405462253,16.0773351315258,16.2866817687902,16.4967936303386,16.4756180699355,16.4843329589771,16.0008593212224,17.1007556109291,16.160640746589,16.3195522426196,16.4739167256234,16.4506579942966,16.3191007403081,16.3852302955626,16.4387828610491,16.1834750578781,16.0715887420653,16.0103744631995,15.8038999504935,16.0767772663261,16.0695065921264,15.6463908714561,15.818228183719,15.7442945812479
A9QJK9,autosomes,15.2483228895365,15.6538664501491,15.6903611809138,15.3584385643158,15.0621338393661,15.9305394338556,15.2267830431826,15.6176793688086,15.5065231129377,15.5228146038883,15.5335394698487,15.1448115930188,15.2888452269708,15.5624273877927,15.4357828089426,15.0720680827257,15.422227143556,15.9885230148088,16.1842960451671,15.0309264015724,15.4026899805504,15.5863150595248,15.2805312503331,15.6418435308978,15.5058734053196,15.8197272237494,15.5540931501898,15.8350210047777,15.7088122820115,15.554548084506,15.5907121727105,15.5577483025452,15.6932261356071,15.5304418825219,15.2300060189048,15.0270597367672
A9UN96,autosomes,15.2398733393782,15.170716596144,15.4828302885562,15.3727473160107,15.5702121974215,16.0219421815781,15.2977968022091,15.6538865087073,15.4092627851149,15.7029820353152,15.9602190937242,14.9139920161498,15.1971392068636,15.220814997638,15.6670105887021,15.9171081488739,15.5645287889821,15.6093623974701,15.2708155725223,12.8887967577931,15.335380038297,15.3071308881954,15.1698854537622,15.0443742070929,15.4391735401212,15.462170988172,15.571028440155,15.6738781013396,15.5656025802026,15.7047321454467,15.8437304372823,15.7090083286083,14.8652671582915,14.5933081455218,14.9608879751121,14.7287835366454
A9UNH0,autosomes,19.0928415768479,19.203681018523,19.0549193283152,19.6070376862097,19.1324207865065,19.8831144101596,19.1095451961158,19.3603320934287,19.1542433628861,19.2901557039988,19.0471852514222,19.1033971379289,19.1320459369801,19.2776645350892,18.9088842046893,18.9837443636938,19.228745387513,19.2108717250732,19.0569214003564,19.370251259572,19.0714345895657,19.1014444091163,19.0458050222426,18.9374451292555,18.8013575706714,18.9978529083925,18.7060796759621,19.1760561527434,18.9110987480853,19.0072722802186,19.1148105821386,19.3350707743288,19.2706916687843,19.1900285530594,19.1567693541132,19.5888231180273
B1P5P2,autosomes,15.8821774226812,15.99608927043,16.0394579251197,16.0645777835832,15.9850975881573,16.2190567427641,16.1599348641214,16.1298785144571,16.0462755707844,16.4608611026659,16.2887419745901,15.6646163994122,15.9891450535641,15.7796312888475,16.1285836154922,16.6494418181053,16.2239032918061,16.4242599333548,16.4927524334348,16.1486637912728,16.3883479760003,16.270243460914,15.8528092039757,16.7221069898057,16.6541507966978,16.4461252809228,16.3275768070743,16.6677132474016,16.1685929826251,16.3973618368543,16.5163757434217,16.5908188678705,15.9765316145749,15.7603133947517,15.8694335967794,15.8144856738107
B1PFP9,autosomes,15.9870747027206,16.1348344233622,16.0302726692272,15.9687940821462,16.1232728704618,16.1149621862099,16.0757449370726,16.1352576226311,16.1892435957243,16.0846535087293,16.1470640327076,16.0260490514121,16.1277147459933,16.0244183393619,16.540817796652,16.3972014199505,16.2526171215482,16.2308964329916,16.2772120813616,16.1129463419606,16.3748456683164,16.3783474088608,16.3486792886715,16.2496838501047,16.1673047954139,16.2420975022932,16.3992728787864,16.1030007858064,16.3050066995489,16.4604011309053,16.3391683496131,16.2261519517439,16.3187172084269,16.104232751816,16.3364929037427,16.0662637511116
B3DML7,autosomes,17.2960033234979,17.2755767621291,17.0542296524036,17.0150115926903,17.5338350018964,17.47813852283,16.7717052980769,16.9478478914174,16.9875048683714,16.9425373636381,17.4131861030511,16.7903550650451,17.0976855291396,16.7354110160841,16.9686464628124,16.9088411611541,16.7668952434513,16.7663736520786,16.7638017921856,16.3097677986449,16.6223669493562,16.5629883646935,16.6051813861302,16.701550651561,16.7185556920018,16.6262846341355,16.9580440216755,16.7799896485627,17.2355736433755,16.974907367804,16.6740850726332,16.4951396972819,16.8584214411919,16.7670667229448,16.7973759792116,16.7556985373648
B3DMM4,autosomes,15.1525603926074,15.4236424191141,15.0494704698792,14.6941767331925,15.3953612849474,15.5430441264179,15.3404749964053,15.3348703274359,15.4879460292118,15.4343885750959,15.4993102149732,14.7975035821657,15.5321932754323,15.5806957016835,15.4017937997525,15.378088898484,15.5007153922155,15.4303616165041,15.2537648182544,14.1820976079782,15.2071657048641,15.1960996237709,15.1145738843137,15.5762834992784,15.2973345608674,15.5497749382386,15.1658136005297,15.5084791858137,15.3565635829017,15.3775910894905,15.5174571359546,15.5336158373774,14.900433686346,15.0937629423038,15.0326264814404,15.2495439285427
B3N6Y7,autosomes,13.1133490994279,13.1590170305919,13.7262120071918,13.0063047329484,13.5768208762395,13.6084250183699,13.7128715759779,13.5611812147031,13.8664470789968,13.7445717727647,13.8047268899413,13.0019412215259,13.1735366863082,13.5585194763882,14.3378928492279,13.173890034141,14.1910495790068,14.2345815959299,14.1298134138863,12.2124269575316,13.9235270266579,13.9291340929829,13.5063796875465,13.9985813686653,13.7450316926564,14.093196441276,13.6173307325689,14.4850873591455,14.1100510255599,13.9999598099894,13.9886987850304,14.2831199530536,13.853615102609,12.8743957911675,13.4959220535467,13.4714985580329
B5RIJ9,autosomes,16.5946582259379,16.5694038101211,16.9625553018218,16.8761729186745,17.1220170265839,17.0579512206765,17.0356856924089,16.7444192608676,17.0430380876246,17.18057701633,17.0263252746538,16.8294660945544,17.1952647633068,17.4309069072481,17.2566236196737,17.028523562533,17.3072160492628,17.2576268090584,17.3757108488624,17.1839458986451,17.3555880668422,17.420644401433,17.3946586396905,17.2659754142443,17.327026726667,17.3052451971767,17.1690807742163,17.3672315318645,17.3307479951775,17.2693907180199,17.615142964194,17.5127190594374,17.2719251075822,17.5028366791818,17.4217286293595,17.1912221941617
B5RIM9,autosomes,16.7723506127701,17.3845035651306,17.1273630728084,17.5942599055632,16.5152411480521,16.3610098944811,17.1635417764402,16.990681596848,16.8060718400838,16.7834866605647,16.243980853302,17.8764286091429,16.0660106160978,16.5819204619776,15.4539302374953,16.0187479524937,15.7324728781164,15.9160737612607,16.2341396683371,15.8416739161721,16.5103081091814,16.7290735927225,16.2206202510264,15.8404702440664,15.884898837148,15.8316986365506,15.6446709198086,16.4308466578679,16.0670039688774,16.0360423503389,16.4000585756008,16.3148375635211,16.3600385082896,17.6185393333134,16.5424698558122,16.7347306408976
B5RJ07,autosomes,14.0795648338037,13.0851716594438,14.056150085691,14.2959980283358,14.6473573658991,13.9348421700135,14.181733172545,14.2724626145603,14.5430298915698,14.0041948856602,14.3357322626427,14.1548632771637,14.2772184697527,13.4851240478187,14.5093338045985,14.3366216283399,14.4409526270689,14.5863603173687,14.653371469257,12.6622857071477,14.3469441583937,14.2599467160243,13.6118118217818,14.2530260854969,14.5506785417979,14.1099773731166,14.6016885923228,14.570868565607,14.6889468877476,14.6828016226414,14.3940501700398,14.4830835741323,14.2311501166151,13.3786029780843,14.1848889860991,13.7711484272021
B5RJE5,autosomes,17.7039087866859,17.3785162813526,17.6178749810348,17.7248834124483,17.5202186888701,17.6376811382577,17.6536626890275,17.5365130608011,17.6729163056658,17.4907479340557,17.616610690217,17.6003798431325,16.7819786638355,16.9291660224324,16.8709965026492,17.0801763234264,17.0328248682307,17.1161880099977,17.3618520366525,16.1902364859327,16.9594972001926,16.919892413327,16.8142874598125,16.2830402595897,17.1688501084587,17.019768010815,16.9282311515612,17.2579549073913,17.2262716899294,16.9014394096673,17.4198745837663,17.0449438184852,16.8676232065859,17.0958532151212,17.7162977300192,16.9325931231954
B5RJH2,autosomes,17.1678637438213,17.5740198824454,17.3372870483985,17.2249629241059,17.6118638962685,17.4966593988411,16.9678640262191,17.3450163172644,17.3928240545171,17.0970632853223,17.5378799622038,16.6956801977678,16.7611528861054,16.8628581415544,17.1138318213921,17.2801965722279,17.2217371623473,17.0095165107787,17.1529581204247,16.7109912994397,17.0216669055841,17.0346197007143,16.887680148695,16.9652084191519,17.4265367160901,17.3392626974055,17.4734600036112,17.3040328015316,17.3226682598712,17.2960311367992,17.3448242035161,17.1184004475304,16.8768480945537,16.4076650416342,16.7724053310903,16.6301433461474
B5RJK7,autosomes,17.379805400982,17.8809762500392,16.8896802400644,16.6233081775979,16.7119633618561,17.3341909564469,16.9186032425745,17.0647847924904,16.8677163978365,17.4270741371032,17.1687879421856,16.5626095270325,17.0857404513278,16.9590348894797,17.2123229889146,17.0780839455547,16.9689597582331,17.1340303219285,17.3883510199115,15.3315396214092,16.9366655623003,17.4525989517968,16.7879627607459,17.0579077232448,17.4023335822976,17.7288015240789,16.7470284750162,17.6798847399038,17.1461825302938,17.3419618538779,16.8768316250219,17.1165200113783,16.7922186553688,16.5214769977696,16.5678546353301,16.3471133529099
B6IDT0,autosomes,16.3268831374783,16.7184318396038,16.8307033210195,16.6709254509486,16.5004141439209,16.4144679692727,16.9604232131345,16.5858844212587,16.8394447660601,17.1064830799187,16.8595422655118,17.29611395511,16.6503420928517,17.1253077775976,16.908096722301,16.7461641383068,16.9703352244906,16.9496418160172,17.0379523998704,17.1322811489621,17.0825573938768,17.0097814556555,17.1784306260084,17.0394192024013,16.8315218702582,16.7243539932177,16.698880091572,16.9053077065215,16.8012769212808,16.8158369810063,17.2078773029631,17.0898260126246,17.0797222222996,17.3274452088363,17.0763218806054,16.9630306890367
B7FNL4,autosomes,18.1293720193405,17.1716343664073,17.5927990749906,17.4425392640955,17.5316152220502,17.6348332620794,17.1301952121686,17.1445732246959,17.5974394595655,17.6053993571392,17.3197872495072,16.9198170224796,17.5830345501171,17.0729906891083,17.9916798642073,17.5073223890971,17.1633279529077,17.9259464611789,17.9150920032619,18.0988415056212,17.5338459792032,17.8095572358452,17.6071896394093,17.4156968044671,17.822424928391,17.104618706907,17.1701198693715,17.2295553720598,17.237394516365,17.1027727375064,17.2214561059128,17.5559041079383,16.8712421479471,16.9186528985696,17.2926109588186,17.074220986364
B7YZQ9,autosomes,8.95872392986379,12.3242224215261,8.77418711131669,11.8600981661959,12.1294579058529,10.8848084475702,10.8107219289907,11.2753099493558,10.8704000845108,7.48067473114732,11.4473766979724,11.6525891261208,11.7079268860375,11.0683033690054,11.997252075778,9.38556926447166,8.85624965715323,12.7522484531591,10.9075513992904,11.7639912785713,10.6640710272417,10.0289998889962,11.0551832726084,11.8663776785708,11.7974278000097,12.0025990001657,10.6050968840345,11.3031184218422,7.27638278963646,10.6454728509191,11.7401663154681,8.87789163304518,11.3812605898465,8.6511259637492,8.7019881013026,8.75691791189743
B7Z0L0,autosomes,21.1839286493102,20.8329058093845,21.0459037802295,21.1822190866844,21.0460014465184,20.9065440040074,21.0437757812765,20.9385974496963,21.1268493881669,21.0559701774829,21.0751411402289,21.0985815921441,20.8790904133005,20.8952177278701,20.69022050682,20.7251003381642,20.6265635203259,20.9004579998095,20.8004237142127,19.7743203353014,20.7819312866621,20.8916267661725,20.5196376047288,20.1616927279899,20.5832519245988,20.5628831983425,20.8226136530127,20.8615416713074,20.8635524365244,20.775478313307,20.9028048780643,20.8041201995059,21.0535348593827,20.878068907089,21.0713505934002,21.0182813140632
B7Z0W9,chrX,15.6975111768189,15.8197080777492,15.9519105976453,15.9933159173586,16.0289723731551,16.1244250042215,15.9616550813654,16.2359507091994,16.135170209771,16.2331844430123,16.2176428559365,16.0429689642113,16.3021917544208,16.1389787785211,16.4179523474008,16.4610722592976,16.5864268417062,16.3201925807547,16.4014331385215,16.0451538991461,16.3333264466207,16.2466704213125,16.1259392107302,16.4401823289034,16.5868055781137,16.6021905079883,16.522402726749,16.6723092255787,16.7322293019123,16.6126384467879,16.6204218243353,16.4602926403976,16.1640331861037,16.2371122604649,16.3170607466709,16.2395864001907
B7Z0Y2,chrX,14.7960318944207,15.0713158908044,15.2938518969085,14.7404216230998,15.2528284206093,15.0285467945409,15.1274987697808,15.1457792444002,15.1774610368846,15.0682156120048,15.0085641109595,14.966984567671,14.6546167338225,14.6970875098124,14.9902215558839,14.8609034736386,15.0854272564633,15.2810230728965,15.1008760889296,14.3939200589951,15.2059234695817,15.2093343229867,15.0164666081695,14.8648890771227,15.1283378651,15.1775889374806,15.3068987014485,15.1772493932003,15.4323770001195,15.0991498788535,15.4254630360089,15.0169370710217,15.2398882096216,14.5372939220017,15.2364755294255,14.9754465904096
B7Z0Z0,chrX,16.1226533475422,16.3368268129132,16.0664169934887,16.1135867485258,16.5676441512402,16.3476384640623,15.7727259066697,16.2393611288981,16.0797728119838,16.1936581849654,16.2964004685425,15.841583378127,15.857467991219,15.6291262895608,15.8937427785549,15.586004091002,15.7078242890159,15.990819704357,15.6114113638582,15.0123393837383,15.8562358732935,15.5549794057589,15.5655873050857,15.3594000879258,15.5827379870701,15.2603064801555,15.8151231557182,15.974765572227,15.7317569129946,15.7997522255124,16.2042431592632,15.5983688024103,15.6865541848909,15.5448427140363,15.8714336700304,15.8434594059993
B7Z107,chrX,16.810123189965,16.9299383743347,16.9642968221184,16.7837308457169,17.046906681675,16.8585703854436,16.537658024981,16.6470834092336,16.7264377022259,16.731266177427,16.8260157001715,16.3898448460932,16.6040061955037,16.6527980868752,16.6231770082952,16.6015201068288,16.5990553227451,16.7069872173739,16.6087878338107,16.374361888196,16.6800307066854,16.3451129079307,16.553775999117,16.5119573915428,16.6489299411294,16.411536849804,16.8648203397082,16.724613620587,16.850312215268,16.9134424345771,16.6562314140244,16.6573346018064,16.5730157089412,16.3892503112889,16.4515980688344,16.5327089562705
B7ZWP7,autosomes,18.5237491553927,19.0519017390663,18.7510816205768,18.5318304245272,18.7861777987885,18.71454661602,18.4799354404905,18.5113935365693,18.4586387349026,18.7769582057918,18.8948940013817,18.1868765881591,18.9022353554927,19.0885909926502,18.8725535708797,18.9614580279183,18.9001545640052,18.7978893595035,18.7832893318088,18.6677703320885,18.4788839217006,18.5278664737554,18.9115604797448,19.0755148755497,18.9849395554189,18.9655750559384,18.9371974741897,18.6475526703797,18.9524939409153,18.6490641847713,18.6331269082622,18.5341109093719,18.4150225745661,18.3154728941562,18.5588027927022,18.6130758940911
B8A3X3,autosomes,15.7716315662781,15.6780839332037,16.21060811411,16.2339420732778,16.2911684695436,16.3829429587561,16.5168486447962,16.1737143691508,16.5426871237929,16.4981675440969,16.6023131599115,16.849599128755,16.0374774351937,16.0746939457431,16.6180348720586,16.7126774736881,16.5861647274597,16.5348881244038,17.1774413065944,16.5878748276326,16.7749325931733,16.1674756157886,16.4341416150143,16.5908849975721,16.7462381724227,16.7872925276094,16.4120290854232,16.6463629665915,16.6130553070787,16.563326574415,16.9218677474889,16.8518229531643,16.474660136419,17.0173614727538,16.6568036927237,16.7471564574394
C0HKA0,chrX,17.8130469191805,17.9224902347101,17.951748224936,17.5695881847775,17.8867759603979,18.0279218399517,17.8284322097401,17.7451462222416,17.933093371402,17.9337922095356,17.9145846288366,17.5641085383727,17.8457486137655,17.7855194790241,17.7479556647477,17.9114688233956,17.9741035902474,17.908928155416,17.8943455857491,17.7941418860724,17.8034948117357,17.6042147035518,17.9572941307372,17.7217028764547,17.929450466677,17.7673225834892,17.8545069916077,18.031250423079,17.7993944391936,17.8722394309334,18.1435423562161,17.8839729154165,17.6948023835469,17.6391999808375,17.8420282547611,17.7819953286171
C0HL66,autosomes,18.4647302151632,18.6748057910721,18.633915107361,18.5402430503194,18.5203999202431,17.9612307190183,18.5167362735815,18.4620505836698,18.6035713018697,19.0888682052684,18.4629488726426,18.9190494129108,17.933703907842,18.4046211260144,19.3735144453901,19.0266556282442,18.6276720349382,18.947189773229,18.8712589075329,19.0851870714064,18.9048742699378,18.8016937810631,19.2655320088638,18.3331796914042,18.5272120132337,18.1186638310224,18.5537455603028,18.5502418732818,18.3941265401386,18.4624367497372,18.6214755564055,18.8305889821485,18.9020471209653,18.4058804275881,18.6553851814766,18.3168793408651
C0PDF4,autosomes,17.3376814563962,17.3688955265562,17.3875644552159,17.4307970272329,17.5498113539148,17.4029480442219,17.4008799275333,17.3989584143923,17.4636769377877,17.5195904802296,17.4625194498231,17.3910814293356,17.6263145131578,17.6782358034209,17.2841734140903,17.093479725096,17.4212493611136,17.4249645084485,17.1258635484258,17.8539234451709,17.4455600096656,17.5028254054763,17.6387468502739,17.4294335257481,17.1287595840349,17.0353038272972,17.2605370119056,17.1647108074085,17.1342977271999,17.1803086666731,17.5698866602548,17.5052382719368,17.6485147568737,17.6217645067567,17.711031140758,17.7801599820623
C0PTW6,autosomes,16.592228743535,16.4446869450382,16.434878560549,16.1225075612324,16.2792782540638,16.4283197714784,16.3402771699934,16.049841517593,16.2791904411894,16.1485243892351,16.0668552839384,16.4649815884039,15.4608311933188,15.692391462693,15.9231853881395,16.2275427399647,15.7423235446814,15.81728275841,16.3648280669929,14.5055262116597,16.0113552809648,15.9840615656621,15.5685450787929,15.2019895464195,16.3679847274991,16.3430201883744,15.8016160490807,15.9917252883505,16.3600853294518,15.6498736272878,15.5939423548203,15.8435344484982,15.7346695516247,15.7112638102755,15.7228434863042,15.646751046229
C0PTX3,autosomes,14.7562267993885,15.0336994531053,14.5638393322452,14.651212039081,15.0474142444618,14.5298844158541,14.2737502084025,14.5577776697327,14.6513383991414,14.3196667499738,14.8088907940915,14.2404197532194,14.1800388211587,13.8655100235538,14.0512208434086,14.5635924426947,13.3449437816392,13.7904338533932,14.5212924821186,9.40106029307608,13.9725854943772,14.1941807412898,13.6768289963984,13.4274175816268,14.4637387246404,14.4103818871437,14.3390707034684,14.3684047193833,14.490811869713,14.2711515745712,13.8446744124283,13.1723952568531,13.8856134309302,13.2249589903819,13.194706165556,13.6131224848393
C0PTX6,autosomes,19.5393574590415,19.0188387055044,19.0285147872732,19.1209637894018,18.7548780653971,18.9692017270518,18.8174251005003,18.6879948974467,18.9300268618246,18.8539854969334,18.9565108776216,18.9535178517195,18.2276187510433,18.377235895068,18.4098148806126,18.4098701819515,18.367366930111,18.2131600604571,18.8629138623613,16.4542870273812,18.3245272301545,18.4892893966024,17.7592161975619,17.5387059541139,18.7464650320565,18.5707959202193,18.4674120665588,18.7387261786731,18.9090027845654,18.47406540627,18.6860166198251,18.3922658003917,18.1186324899525,18.1587201814143,18.1566798923052,17.9144721059747
C1C3C5,autosomes,16.6717788317545,16.8770177506533,17.0271215788071,16.892138066215,16.9221850862449,16.9066282045054,16.9924029242804,16.8794127086524,17.0216707569054,17.0137077849525,16.970757907625,16.4801414298408,16.8812278850606,16.6837832104971,16.9200531704853,16.7972530357639,16.9115701933735,16.7164505317405,17.1047990536972,15.8369075594503,16.9619416458276,16.8927637921939,16.776470289837,16.763008380477,16.9063792983009,16.8264149191912,16.8724293120581,17.2839647183706,17.3310714741857,17.2655470211056,17.3832159390986,17.2780717159094,16.7092631626824,16.5935686027707,16.9860770470849,16.8903193546483
C1C3F8,autosomes,16.5116165824553,15.8423528552622,15.9503867602627,16.2470254949355,15.7260142570312,15.7946807511932,16.421787157311,16.1180264271549,16.2256103569896,16.1177730158031,16.0182698266824,16.3617376612509,15.8876041073707,16.0573307265079,15.5665576620572,15.8051669514541,15.8294114326232,15.6963253174213,15.6607918912308,16.3555373775273,16.079852437207,16.1426932871836,16.1156388696807,15.4841056866525,15.7172372528376,15.4644317477073,15.44916621613,15.6333721971049,15.4576791379561,15.3807268621963,16.2344056738628,15.9071417324535,16.2166443636916,16.3026680869228,16.2849414431257,16.1992771708443
C3KGI9,autosomes,12.7850555658474,11.8755872137846,13.0822543760818,13.5940391242495,12.9304386192526,12.1503348085572,12.5622621129452,13.4075312658774,13.4250314443942,13.037318598754,13.3381147283058,13.6006620788658,13.4823503789937,12.6764328081283,12.1788130080707,13.3002810214616,13.3982304857524,12.9218407179561,11.869157962299,13.6524034399286,13.0575306659324,13.1097607334362,13.2406895854485,13.1722681532912,12.6497607459425,12.6381503819086,12.9684124553438,13.1373137419167,13.4932471851764,13.2019234998744,13.6690747010665,13.2354544420485,13.6769492023172,13.7717459386907,13.5221079173038,13.1397956981039
C4IXV9,autosomes,14.7283698633796,14.6513620473345,14.7686432194823,14.9338827890719,14.6858124608405,14.8077263140612,14.7833092513077,14.9905677240989,15.0103831153186,15.1702628384498,15.166186828576,14.68823574637,15.2666792608006,15.3503417521089,15.4050094745066,15.0563904713765,15.5720638065186,15.2218046987094,15.3136417244466,15.1340601915786,15.4546867423361,15.2405681421094,15.6590520916619,15.2674591189475,15.3285716695946,15.3636387979727,15.2813839008875,15.4897699543652,15.2027171676858,15.4539404910366,15.7786650461766,15.7441421825759,15.3359622447325,15.1055796942358,15.3250635437314,15.1281693373653
C4IXZ1,autosomes,15.0722402472109,15.3310371090406,15.2590423853634,15.3895674988667,15.1816268153473,15.6222920520936,15.0284770246943,15.324634834882,14.989864694629,14.8043194597028,14.974952765668,14.6494276406193,14.7406986760185,14.7106895412981,14.9353271649698,14.8269642792163,14.1745404194983,14.3417965031506,14.6406607982967,13.0744496245532,14.4775999833321,14.391357023509,14.5046961792575,13.8303543015352,14.9079172194951,14.9273433500216,14.8819043144807,14.7915521194327,14.837037981953,14.8660957750495,14.2322104456391,14.6117410327469,14.2419444128761,14.4399033319052,14.4730667011958,14.3389984126204
C4IY08,autosomes,17.2943003099998,17.5259639029843,17.9916566135247,18.0139063704495,17.5030829902029,17.1934132462778,18.163139761916,17.3368429151469,17.5441373375365,18.6352438522755,17.4993244841034,18.802355772703,17.0956150329661,17.2887007291546,17.3306386255186,17.6372374283804,17.2555002434446,17.4066977846092,17.7467236429959,17.7579740697745,17.5833852019595,17.381283453551,17.7523127161354,17.3915533625337,17.2864127620295,17.5891829705609,17.2814077073614,17.381435702969,17.2626480666758,17.4299110501292,17.3147839019095,17.5527814102316,17.6835676156251,18.9887864412511,17.8948363008717,17.6719777658369
C4NYP8,chrX,18.283255866927,18.4011473311323,18.4437181611801,18.5528364621673,18.5161945125132,19.0221555690648,18.6738897180592,18.8653563359646,18.8271669360617,18.9692317899177,19.0447124277327,18.4339899028293,18.6999503409993,18.7834649825997,18.9421956310836,18.9347615035054,18.7131825016397,18.7930981746296,18.7170801435414,17.2353435680462,18.7319280588099,18.7380929410767,18.476682619601,18.7119717598266,18.4279155441655,18.6170205450781,18.7651723428671,18.7432057605329,18.7090102992695,18.7963753810291,19.0422712837765,18.8965023555593,18.6684422068931,18.5268983977427,18.7331020002105,19.0212726425407
C5WLN6,autosomes,14.1552522771212,14.2979735086819,15.0688568952634,15.2871701299353,14.9092561371274,14.101455705425,15.1446627127503,14.2615603177816,14.5165759081933,14.8288453067291,14.3865342436768,15.6965431715696,14.5133088449557,14.9030481423811,13.0120188338039,13.5934971549442,13.7330714623926,14.0818266706149,13.5201859676625,13.4183657586825,14.0748528265187,13.4496125011982,13.5796709017372,13.2308309846018,13.7293999815133,13.8531243675106,14.0379030371836,13.23769582333,14.1516127339015,13.203597602377,13.5741175379737,14.4004218334699,14.2152848848265,15.6641245367091,14.0218242912821,14.2139010175125
C6SUZ2,autosomes,21.6426907394212,22.1245957172835,22.0648292315992,22.0988932989531,22.4435413541793,22.4982822148582,21.8206116313702,22.4409906289123,22.3267607013054,22.2124633190948,22.5032962027989,21.7282022301582,22.4750639041646,22.3976879549074,22.4680867068928,22.5228181518897,22.7800873015599,22.5264817836996,22.6629141761208,21.6157279096551,22.4949544319793,22.3931822023401,21.9981551555558,23.0458138420578,22.9304039884776,22.9755434483253,22.8351404551029,22.5774587552034,23.0187832328562,22.7522817096076,22.4602140047682,22.4061491763399,22.1777660390371,22.018434509648,22.175748916479,22.2609159372249
C6SUZ3,autosomes,15.1383203163152,15.2655245703883,15.1526532712303,14.9129414761247,14.6464598731027,14.2340857782187,14.9272738699473,14.3901664366293,14.9290199364616,14.5418795357316,14.1041930796321,14.9672587195398,14.9769865459267,15.2357429166809,14.4246136306217,14.4964493628674,14.5226105540061,14.1413976172374,14.5243109527486,14.5923997290788,14.7553670004614,14.7732543394328,14.6517869077524,14.149297209004,14.1682584296651,14.10903773531,14.209537141953,14.5989105243094,13.7049046216805,13.9514003930562,14.1733601765255,14.403973521462,14.896457842414,14.7545514819309,14.437828109928,14.6682693903608
C6TP35,autosomes,16.0846094085968,16.7861251238565,16.0101475529196,16.1389133734277,16.2626016506229,16.277309278582,16.3433903051167,16.2837977052601,16.3550088788111,16.5362890275468,16.5007663789426,16.1446753758934,15.9027359924877,16.234485716849,16.4844022693056,16.4010432620965,16.2341094394416,16.3972885694909,16.4428293732257,14.7373592004757,16.2557677182222,16.0422542521303,15.8861639288209,16.8238193219877,16.3613872729895,16.542854976292,16.2895336613566,16.4890107200905,16.3068897925688,16.0738981678148,16.0151679354925,16.1379737725289,15.5511577943219,15.7353916123518,15.7521196227099,15.8202037569705
C6TP50,autosomes,20.1770995899866,20.1554975672124,20.2579945004169,20.1035052913543,19.4863053663298,19.3420075853069,20.1189512020345,19.7087053517675,19.7966311010326,20.0342106239113,19.6229020230257,20.6394034405034,19.6118369840154,19.750025075069,19.1375782904061,19.5243217038269,19.1837614487343,19.4371313186985,19.6894920522341,19.4987343309143,19.6945488146634,19.6491925337966,19.5227493779728,19.0959861908155,19.322044659687,19.1916845960951,19.2031515743983,19.668847525284,19.3456916457629,19.269244129724,19.6079076388425,19.6451106293093,19.8708107288445,20.1736798852621,20.0302910170216,19.9309618824012
C6TP78,autosomes,18.622767151404,19.3700632493635,18.8039424749688,18.7265409904228,18.5171224374962,18.7064100487407,18.677968531538,19.060508753556,18.7581732967489,18.9367795651592,18.5323932203974,18.6036743338975,18.658720370627,18.9978714508097,18.957003279487,18.9909129072172,18.9541496406623,19.4626397658071,18.7531194413882,19.9211816017533,18.7769505361621,19.0633557773492,19.2967059290939,18.9955954099469,18.6052822593135,19.1162299369813,18.5588337514679,19.0744420483037,18.7667537801665,18.8542069430284,19.0719097035914,19.144895665795,18.8884675084868,18.3521488548074,18.8540095533671,18.6453973005126
C7LA72,autosomes,15.0664888154421,14.981323704334,15.0686896682335,14.9595451264649,15.2437524229897,15.1632000718893,15.0510700194477,15.0811695545596,15.3131459610804,15.2452235439682,14.9325820538121,15.0078171591362,15.0013908589736,14.6267724746963,15.1239839094054,14.6986763886003,14.9334829388077,15.276720524295,15.0072771800138,14.5941327462028,15.0994679120563,15.0475603545747,15.0642037312979,15.3178283352963,15.0317310643524,14.7891591234847,15.0502852689759,15.0918495535009,14.9004478107614,15.1054087545683,15.0891394348712,14.8751801864812,15.0709285650134,14.7570692321441,15.0384799882308,15.0200790254145
C7LAB3,autosomes,18.7423225910966,18.8994010836952,18.7131256518558,18.7695679445574,19.0229311756345,18.714223492359,18.4422699640623,18.57708188482,18.7060577366299,18.7161007473597,18.8107377146596,18.1133698264619,18.4877577922662,18.3396173137306,18.5340626556344,18.5907721153234,18.4081892588362,18.4667059342003,18.6280625432884,18.2971581260781,18.4223967759056,18.3108348080426,18.4871831067456,18.5978678581134,18.5871050645431,18.5119380652767,18.6477809068186,18.8231951797258,18.6537986903889,18.7210056303926,18.2932882146971,18.1970549306532,18.4412985255777,18.3160112981534,18.2841946737199,18.2851947249348
C7LAE4,autosomes,17.3361863400979,17.1297450213538,17.6378247639937,17.6144331322576,17.3743470605232,17.5055695932568,17.8677261264554,17.6270543568729,17.7746740374459,17.7443093263766,17.7764579092343,17.7488387265004,17.974295154022,18.0738610936073,17.0767542185586,17.2905186682382,17.4272258026519,17.5376203681259,17.3922471667265,16.077785782767,17.4983720491757,17.477528997195,17.2297778810542,17.2049107299461,17.1906964646269,17.2388791784015,17.3133942093699,17.5206869524728,17.4611874656723,17.6280037511109,17.8882123239582,17.7307656143639,17.9307495883602,17.8469674167465,18.1587120964008,18.1075204144184
C7LAH9,chrX,15.6639078518937,14.6884967999096,15.6971832768112,15.436143344511,15.0157418705267,16.0178113047226,15.4197763399063,15.8193490830047,15.6234830397726,15.8038035328575,15.7044640545788,15.8774692462826,15.556802689465,15.4391776667322,14.7969911484847,14.9508229197096,15.195429762491,16.0367457198539,15.4332250426082,12.1112514321671,15.4257393961858,15.5905390417261,14.731888365851,14.7817993275272,15.1956117160524,15.1668727007385,15.1667588688171,15.7510601171436,15.5452642760889,15.0885497224482,15.520181886736,15.7790474047432,15.0976338544125,15.9261403459213,15.8828024924321,15.3056303312142
C8VV33,autosomes,16.2880587643948,15.1696177308882,15.396980495252,15.2924059693092,14.9871958860224,14.8674361288825,15.6818068911417,15.4073986599261,15.109751323266,15.3300523735508,15.2719958367816,15.6412395302331,14.5917940233352,14.9378296912123,14.9607795011955,15.0023054314251,15.1268626349925,14.9371401683949,15.0602717454966,14.4580852910805,15.4115513425377,15.3589640317335,15.1021746954172,14.9327797837592,14.9553786507327,14.8470196214337,14.6947755830034,15.2014661429422,15.0078101013497,14.7845109170012,15.0712748934692,15.1370756682884,15.0882284017404,14.7817096024866,14.8934165807342,15.0115012286024
C8VV58,autosomes,20.8027909134201,19.964045620408,20.5043516581594,20.6835583131067,20.1321052968334,19.9399839375916,20.8833336829755,20.6370676523609,20.6437992463037,20.6462238587383,20.1754593762365,21.0839209576224,20.7538843793612,20.9560821939883,19.9149955347024,20.2776456312978,20.1595359361767,20.0422546524791,20.0689732645356,20.2475462360025,20.3695979821047,20.6980246591741,20.2222643566176,19.8814945066184,19.8292048326563,19.7905624053046,19.7104170814982,20.051014295465,19.8611859713989,19.8110918406963,20.1597879125047,20.3064834434043,20.8996910503343,21.3481559148972,20.991690340107,21.1220309855775
C8VV61,autosomes,17.9719373197351,17.3361184680858,17.1857485988848,17.2838816481242,16.5772387141001,16.7267394454449,17.6203912191512,17.2591742423054,17.2519180787353,17.2533547274571,16.8420120591327,17.9140625862046,17.7310210829974,17.921297096805,16.8722132486826,16.9120525338283,17.0413452873826,17.0995854539544,16.9090476788585,17.8361481780447,17.3474576277821,17.5649857462513,17.2037269238247,16.7985389274244,16.4131804208211,16.6731598110828,16.764803846147,16.9688915143885,16.8438916663557,16.643799013071,17.2189472877642,17.1070315680582,17.8666789408847,18.1204636133472,17.8482618506942,17.8584395202885
C9QP57,autosomes,16.2350214563728,15.8464990273816,16.4279112501129,16.7242891797049,16.4873015551915,16.4841095896142,16.7926302504326,16.8568607713145,17.1696681183528,17.0455572571466,16.9241410528456,16.3720036390429,16.8859799928215,17.0759541647984,16.9174315150484,16.6545745657766,16.4943190860672,16.6277380785112,17.2873344575233,14.374090135277,17.0495820032651,17.0614624940681,16.5137214190792,16.3890198957973,16.3066668741695,16.7258000570857,16.8695643036594,17.6786325811115,17.4736660835134,17.2663462236363,17.0536863350533,17.2082366664003,17.4202713458193,16.8177803855327,17.3118547563908,17.0975207155308
C9QP80,autosomes,19.1792993793552,19.4274897379727,19.2857040992396,19.3640973965386,20.0738042202567,20.2148583865551,19.6049128935566,19.9676650959431,19.8831576569938,19.8770615309572,19.8684808967698,19.1473672248733,19.7864069548656,19.6195592430516,20.0756773007534,19.9470902727247,20.0625119619423,19.9210250978772,19.7632746948026,19.7760486361706,19.7134817247444,19.6354054801827,19.5123419200082,20.0911140860024,19.9725516360834,20.1758189213549,19.7763693655735,19.951292750049,19.9260999250945,19.8639593892697,19.5035132875303,19.6963224585833,19.7251502085886,19.7334639921848,19.6813818847479,19.6707617930694
C9QPJ7,autosomes,15.7771980056809,14.8325523582532,15.4596005806664,15.6481470740883,15.0364398703101,15.0587864560878,15.8781362349654,15.314388963472,15.4727936116027,15.426282310891,15.0496638265738,15.434332720584,15.5146022549433,16.0005047741729,14.8351233456624,15.0222068133241,14.9878140256671,14.9891792324759,14.9234390080792,15.4483152323561,15.2980469806458,15.3655262578322,15.2394905553558,14.8959853208189,14.8756195293469,14.9011126059099,14.6773669817857,15.2963849557017,15.2938601110511,15.1785302665049,15.1770938205593,15.1579960308809,15.8168133946811,16.1387725678893,16.0523026263687,15.9683132968555
D0Z756,autosomes,18.8850763928643,18.7727562893897,18.7258003245937,18.8609829602302,18.5985386764651,18.8560184209179,18.7088988324069,18.7229782007635,18.7140155518366,18.6343111911549,18.759531376022,19.1214111922698,17.9878386626816,18.3250747032711,18.6393730600195,18.7628477244976,18.5421610424004,18.5442972409018,19.2856159663535,17.8248449129281,18.8085367119756,18.6632660868765,18.4556954403392,18.5991513602182,19.1033278397354,19.1147375028984,18.7578827174382,18.9115123120387,19.171432046096,18.5883745748729,18.8994546228771,18.8886154262758,18.0451587052656,18.8448328701706,18.5811631068434,18.2147612328924
D1FYT5,autosomes,13.7785989110501,15.05203301906,14.9105410305861,15.4177434740984,13.9167146003878,15.4412099101863,13.3429595920199,15.0603342186445,13.2329566785092,15.2954903609909,13.3784211464741,14.2369426657773,12.8383553830461,14.138781171372,13.1537572653043,14.932212575422,13.0765705053722,16.0927739519327,12.6540300653333,14.6463647062564,13.1347923232414,15.5999947482985,13.6826627528029,14.5849393533572,13.4806018231885,14.3522355072831,15.2406015262071,15.1977616823505,13.2926436824696,15.140275307485,12.9868959549432,13.9266452700766,14.4655221249085,14.1353498226797,13.2333894420596,14.7264031588275
D1FYU3,autosomes,14.6368494252574,14.4100398553508,14.0074480795487,12.4247124650542,14.2170486941268,14.7273829596096,13.8708827672129,13.9255329032216,14.6281617040141,12.3811890390187,14.674272825846,13.7781136279743,14.5267326256302,13.463548148393,15.1374132769655,13.0240046467209,14.5089044028868,12.9789226352989,15.0215206749377,11.5696478051311,14.5105976952308,12.9653640155223,14.5347988775538,15.0785652501822,15.3463424932815,13.9553002783841,14.2728791416092,14.4922168749442,14.870562382988,12.0771953418991,14.3000938362115,14.6541122232187,13.5483783940033,13.1714314383787,13.6260633469275,11.5906379951635
D2NUG2,autosomes,15.0064730788474,14.4779963113009,15.0036709149395,14.8607914630288,15.0311548620404,14.9114908589481,15.4878896986032,15.22599443348,15.310272345982,15.6130790936154,15.083822890799,15.623748729684,15.7139786869765,15.625968287691,15.2541320530207,15.1666272106074,15.5268921731081,15.4676222888637,15.4471182677553,14.5675276224799,15.5752070734438,15.648776105896,15.073787528917,15.381010776569,15.3295519990353,15.3721117355769,15.0042624909198,15.7165514493746,15.5948627147006,15.4239946074148,15.8586158712061,15.7884978520875,15.622200488579,16.1092426204783,15.7268958291866,15.888738823256
D2NUH9,autosomes,16.9223693758082,16.6159678935487,17.3146378818615,16.9889882336169,16.5538684078417,16.8082206706989,17.2549518792262,16.9447340602595,17.1200177141165,17.4260600092575,17.0346923406494,17.4652498732965,16.493686195607,16.6755902637774,16.8973890698015,16.7443811523353,16.5841208238336,17.1182885613565,17.2828814545851,14.5814420723121,17.0772125995693,16.9328134804783,16.6997989000412,16.7021849816616,16.4936036611993,16.3321083906918,16.7255762907041,17.203672012118,16.9029219901376,16.917503344281,16.5474836735645,16.6991338831461,16.7236900665866,18.149308607404,16.9153955916472,16.711370768332
D2NUJ7,autosomes,15.0636217568299,15.3234836771196,15.3794732101658,15.3082294819919,15.8872159171937,15.7982213203131,15.7584123351971,15.9429494421335,16.1190073493591,16.2187952057514,16.149975349728,15.4344347161228,15.9001815954411,15.9743621456017,15.7176046745895,15.8345107809776,15.9282585978227,15.9424622019781,15.8851688608231,15.1738096679902,15.7304228884301,15.5569280851781,15.6455519784274,15.8359422155847,16.0035788288568,16.1740542476792,15.6929095713361,15.8774564900463,15.7711480641561,15.575330635373,16.264340244697,16.1509123966695,15.7608999574611,15.9094149111291,15.798468434615,15.6160339429724
D3DMM4,autosomes,14.0852909506808,13.1664807830541,14.4373126598473,14.2133531370075,14.2806486196597,13.9017227915343,14.4206933385101,14.2637059663047,14.3516990620992,14.5054067983239,14.1230601839282,13.7427650260181,13.9003091632542,14.3727943376045,14.0011350568547,14.4607356036554,14.1547695450203,14.0357581345888,14.0774218501973,13.8959616647682,14.0405195610704,13.9889929575896,13.9669072292262,13.9250263273941,14.6064020754457,14.5671206795088,13.9492476316509,14.6328222508645,14.1329995918244,14.4268793178451,14.2576227845777,14.4188287620758,14.0514362703684,13.3083309590886,13.8845739019028,14.225831545138
D3DMQ1,autosomes,16.4124382472743,16.0661834461067,15.7952410332409,15.6399140496466,15.6162068599172,16.2491580346833,16.1555041339049,16.0183307452909,16.1113585726765,16.4995600145445,16.1695549715944,16.0126229128466,16.4344507086784,16.6167862044549,16.132800538888,16.0727945157507,15.9744419785956,16.4135593643094,16.2361361135327,15.7538626825195,15.9189057608933,16.6534899744766,15.7771901813324,15.9052678228116,15.9804268520488,16.2228273760121,15.5456345980519,16.5514497123455,15.9440444088935,16.1286169982694,16.2882252629436,16.4602263895205,16.5624646244614,16.4438308403387,16.3153304211569,16.43205902418
D3YE81,autosomes,19.3740950477414,18.1380122219814,18.7766296791484,19.0842578507561,18.2907583428333,18.1246003784057,19.3817268045207,18.7661100432078,18.7442576697686,18.5925819869797,18.1426206279174,19.3678520325192,18.3267298643141,18.5632051997727,17.8127589816003,18.0650408959216,18.0241070790038,18.005597989813,18.2434866198514,17.8285579879537,18.5427534128621,18.7595060364565,18.2418819607503,17.7431188636393,17.7627716262227,17.7823336182002,17.7944727115226,18.3718420385123,18.1035612717654,17.9639881217435,18.5004630768378,18.3738053681693,18.808189588404,19.3494079562795,18.9130210868133,18.660255773948
D4G7B1,autosomes,17.6923872905096,17.8152651461529,17.6482377626322,17.6935816923733,17.5378672123761,17.6014630912311,17.4697093650617,17.6312083373034,17.5114127011862,17.5613645465201,17.2899586767992,17.38488525013,17.2106180373827,17.3912005981723,17.487585479731,17.5949899452213,17.3299144087831,17.2034961057706,17.7391277078919,17.0398895100594,17.4814610653527,17.1622428062284,17.3007678530346,17.6280266738853,17.6136205090856,17.6889181074852,17.2800341564914,17.6140019339566,17.556334605295,17.9686788546143,17.5442842215989,17.6217241496302,17.0463194058243,16.7937461175579,17.1217114904987,17.4738163208449
D4G7G3,autosomes,14.5164074150658,14.5941496114686,14.7200571311768,14.6679151643978,14.6564150124455,4.22480474212415,4.22480474212415,4.22480474212415,4.22480474212415,4.22480474212415,4.22480474212415,4.22480474212415,4.22480474212415,4.22480474212415,14.3627189816314,14.9341841274732,15.1186017006517,15.0542570991597,4.22480474212415,4.22480474212415,4.22480474212415,4.22480474212415,4.22480474212415,15.6664621881563,15.3857718236053,15.576066700628,4.22480474212415,4.22480474212415,4.22480474212415,4.22480474212415,15.283531606863,15.5015020111502,14.6711592298776,15.0001872382216,14.8750818171053,14.937645065253
D5AEL0,autosomes,19.4655814011921,19.4725075973554,19.5273640031638,19.4247510147056,19.4868756043958,19.4895874006413,19.2973235202304,19.2654809886756,19.3028932409509,19.2946353228053,19.4370678591914,19.2511814259033,19.5516643187201,19.4942445446275,19.30068967721,19.1123260422794,19.1929962556669,19.3210964675614,19.1480801215485,18.1505842292727,19.207489875255,19.2346215567546,18.8643265617734,18.717608345645,18.8924573124727,18.721672691896,19.4170674667059,19.0529302002163,19.1008795391599,19.2475604663566,18.9963134132128,19.1021024058846,19.4037063127832,19.1902414389849,19.3406687244783,19.4252154060495
D5AEL7,autosomes,18.2084418082224,18.4796464062568,18.4933399233213,18.4921928448321,19.0992165595662,19.3572753856593,18.6269706208977,19.0217766427585,18.9808219259189,19.16275845121,18.8924260164993,18.3889808739587,19.1640949776809,19.2312969230745,19.633692860938,19.4377288282516,19.3816925596778,19.4930414886707,19.6606217502595,19.3062349048437,19.1713693938595,19.2328448785216,19.0870891576637,19.7924691408232,19.6416815611754,19.7588739296565,19.1093313364634,19.437895914269,19.4816657973608,19.1603855987277,19.3140034489146,19.4106541966447,19.0802897764228,19.0361837270868,18.9847677659397,19.1312141188597
D6W4L2,autosomes,18.5444799989037,17.7884933866029,18.2003697598179,17.7075458161477,17.5681983398314,17.8881759631661,17.8396463021177,18.1208208014974,17.6868860579623,17.9233213822239,17.5225217651841,18.3588368013904,18.4994242390569,18.1420320530389,18.2429788862784,18.159824716501,17.8104575913498,19.0540857598909,18.4942312956715,19.6352923757161,18.0206366610473,18.9612183261698,19.160490691127,18.6329655740619,17.9400567330418,17.705850162768,17.6158961748118,17.9161597287074,17.7938914649912,17.8317631836582,18.4022096616974,18.2801960591062,18.3376500843995,18.1558712946183,17.803776572542,19.1557522143065
D6W4V6,autosomes,4.22480474212415,4.22480474212415,4.22480474212415,4.22480474212415,4.22480474212415,4.22480474212415,4.22480474212415,4.22480474212415,4.22480474212415,4.22480474212415,4.22480474212415,4.22480474212415,4.22480474212415,4.22480474212415,4.22480474212415,4.22480474212415,4.22480474212415,4.22480474212415,4.22480474212415,4.22480474212415,4.22480474212415,4.22480474212415,4.22480474212415,4.22480474212415,4.22480474212415,4.22480474212415,4.22480474212415,4.22480474212415,4.22480474212415,4.22480474212415,4.22480474212415,4.22480474212415,4.22480474212415,4.22480474212415,4.22480474212415,4.22480474212415
D7RHE8,autosomes,15.3686313710636,15.4570666378794,15.8772634520867,16.0498045757566,16.3099416324412,16.4135520574264,16.1021760211171,16.1329603584036,16.0686690571073,16.3083409449595,16.0305224248716,16.1785883284125,15.6171529126147,15.5662995611317,15.6121746403728,15.4483958672292,15.6469695174962,15.8952296353304,15.6947750308743,15.5246088627604,15.3614121110005,15.9181680081502,15.5362452208087,16.0796557204834,16.1772761644583,16.1965198053788,15.7501290823033,15.7947249981408,15.8975776778575,15.6519617451033,15.9524876911839,15.9996532078101,15.6417310643587,16.0199104831747,15.7981900041738,15.9078490617268
E0R7Q7,autosomes,15.5686259370321,15.5610899309452,15.9561182647177,15.6427454874982,15.7941317901217,15.4634111187484,15.5491297024192,15.3846524818333,15.7778609396865,15.742993184869,15.8056384215527,14.8093869258945,15.307509650662,15.5112062306154,15.2378744047205,15.3512265313331,15.4753073947448,15.0978754011482,15.6501757191552,13.7423211706187,15.4363643589945,15.3531463150251,15.1185453142368,15.143662779502,15.5497034336927,15.3755029450987,15.2845490590218,15.8226295412395,15.7291758552414,15.3927594022159,15.8830603351892,15.4937510656889,15.1772249962551,14.7566928961103,15.1406249265657,15.2869327764176
E0R955,autosomes,14.6317132317025,14.7352022461692,14.8100916471475,14.4009414911148,14.4221318189485,14.6452227139503,14.4055450330543,14.492671619194,14.2688186885253,14.3166838756082,14.4941845373444,13.0471966104936,13.9144181744908,14.4958140680711,14.4826550662254,14.5657169764313,14.0915370962075,14.0494225841213,14.3847827660371,13.561837944622,14.0568898654495,14.3786258866147,14.3430622156459,14.1758322077614,14.6878166139315,14.6897440683864,14.668345566464,14.5267200708599,14.5269440309036,14.7980038124597,14.0584100381611,14.355493820735,14.0561988424402,13.6170168278529,14.0353273302072,14.1095242931726
E1JGP0,autosomes,19.7369633547219,19.6018590884568,19.4329076225425,19.1610262877819,18.4981590895615,18.5801877088575,19.1183188218332,19.0569480352444,18.7600154895329,18.9075409240676,18.4535885739038,19.9574820890108,19.1920553702767,18.9780330135916,18.1914540180285,18.5959407202712,18.5876000438939,18.6354543480263,18.809867386936,18.1950904297489,18.7162350371567,19.4625056744409,18.5430837315982,18.3189066717759,18.433585639487,18.3857326209292,18.2654208883866,18.7178633096735,18.4888377601144,18.3598764852659,18.8512472146741,18.624190439571,18.6020757974547,19.2373546907582,18.9269252225264,18.8761841891894
E1JHC4,autosomes,17.8830421326359,17.7917021861316,18.0187255875704,17.8352143336801,18.4845584163078,18.296476888203,18.3432468515258,18.1373476001747,18.4105887904358,18.3407348883129,18.5120942264369,18.0947836653118,19.7876581411209,19.8737431282007,19.476216161337,19.1808304239268,19.7228805246166,19.2705987326421,19.5175532647129,19.5752345416326,19.5616448466404,19.2993616554603,19.4644309508163,20.1168073585779,19.7058790996833,19.9818694674248,20.0849273416667,19.4427544020001,19.5749544010849,19.6338870089053,19.3215119528199,19.4075150526825,19.7393586164089,19.382892857555,19.580725348234,19.4353251828598
E1JHR5,autosomes,22.3910430580931,21.9558964501846,21.7883405591358,21.9475367682102,21.2992574781151,21.5045508512175,21.9384508908618,21.8435504498458,21.8331662742041,21.8265290409426,21.6128248683001,21.8940436917838,22.0866730628533,22.1109218047348,21.9569657125305,21.6247258049386,21.9331500503292,21.9791235660243,21.8385839751944,22.7719501957671,22.1885285732238,22.1259887097162,22.2991836536453,21.7475358266988,21.521553072414,21.5607876627419,21.6689075966998,21.7340593388561,21.6474495247873,21.6891134912738,21.9030040876204,21.9951114242625,22.2629051393598,22.1731541616019,22.2387962035845,22.4079785718084
E1JI73,autosomes,15.5586711190427,14.7781946605559,15.0192994451414,15.1667545151436,15.127790613547,15.3327809225773,15.0726187376047,15.231624409831,15.2195473512076,15.194947340789,14.9719679927588,14.9604448952829,15.124677321182,14.8362990626355,14.9488258787415,14.695776289428,14.7729260817178,14.9057856809853,14.8759207804333,15.1543331704201,14.7951569629244,14.8267400967773,15.0290070116961,14.6070303740193,15.1854675889281,14.6455244889784,14.6181529866424,14.8753273491402,14.490411537732,14.3022622047098,15.3660416705115,14.9553370346219,14.5030545942826,14.7476453331355,14.7134175680632,14.3846828862971
E1JIK9,autosomes,13.9303467346653,13.7692338733078,13.7523847835929,13.0994314004263,13.2720243750044,14.255443993957,13.839817688856,13.4890330609745,13.8261743592626,13.798725504311,13.737047721859,13.0619924055049,13.6053994522943,13.540852071064,13.6120343420299,14.3289680773452,13.9665492905119,14.3917774226873,14.1041582549055,12.0466280573553,14.1432581857746,14.2476247575862,13.5234958476511,14.222763815011,14.4737699831107,14.019699017794,13.9247603274243,14.4728374968789,14.6778575582096,13.9659285777346,15.02397198041,14.3860746891789,13.1593438002105,13.2709941293226,12.7783161446268,13.0392268176654
E1JIL4,autosomes,15.2322827626108,15.2886116334412,15.710071693322,14.8409910392927,16.2341358597903,15.2189317828042,15.7171220549442,15.558995775868,15.7863692470551,15.7757348677665,15.4490781120219,16.0466480298203,15.5123067566619,15.6028236004681,15.2305701379294,15.507771062745,15.5881783969663,16.6094692989385,15.392213677906,14.16523886961,15.4609788283712,15.4370271319166,15.6205871815663,15.0471372167352,15.2932240982258,15.0341480923676,15.1723913621641,15.5184618809589,15.5530954406921,15.3282682815893,15.1505926915849,15.2639206684936,15.0872496254611,15.3251187685205,15.5244278533982,15.4542370401726
E1JJP0,chrX,17.0385602558961,16.3709645493,16.4855918159078,16.0676249208619,15.6717364274178,16.3095529636193,15.480270083902,16.5973816004439,15.2314461741478,15.4435321554636,15.0106624393809,16.0534833948146,16.1515959405643,15.5101067430412,15.5875425614977,15.5035307969173,15.1439546795007,15.4798291022803,16.3823063975784,13.5200511825856,15.1785109584192,16.7033193125897,15.0419710275701,14.9034312155701,15.7474552219059,15.2475460951555,15.1498752527265,15.7264864947232,15.7481935817187,14.7987517891009,15.6099814817697,15.0017046027128,15.2996048280245,15.2123514362993,15.1218436597416,15.5759990961345
E1UIA5,autosomes,18.6642166331533,18.2797127264395,18.4937600740644,18.51574046015,18.4791876405357,18.4201097496981,18.649392729131,18.5793629958599,18.730657616218,18.5174658213287,18.6813924786005,18.3250471392529,18.8282955409206,18.737810514092,18.6680881359331,18.4451549809693,18.552044320891,18.6131088333938,18.3775654263566,18.6793808092382,18.6300246293622,18.540763713241,18.7055679888513,18.2864417375748,18.221911156419,18.1718898129505,18.5526596223096,18.3644620347913,18.2840830999651,18.4387410502321,18.4920522873443,18.5365001106659,18.8359942054907,18.6551591764553,18.9086388445749,18.9269704327363
E2DCD4,autosomes,13.6452550677071,15.5224936052623,13.8909502488511,15.1192093967618,14.2450035993925,4.22480474212415,4.22480474212415,4.22480474212415,4.22480474212415,4.22480474212415,4.22480474212415,4.22480474212415,4.22480474212415,4.22480474212415,13.1294215261471,13.7685837498126,14.8013339780608,13.5671536027041,4.22480474212415,4.22480474212415,4.22480474212415,4.22480474212415,4.22480474212415,14.9701924650574,14.6383834092988,13.9800240760756,4.22480474212415,4.22480474212415,4.22480474212415,4.22480474212415,14.2848729319414,13.9499483545132,13.5537305083257,13.4526028662972,14.1299393676072,12.7277597353684
E2QCY9,autosomes,17.668129432443,17.5884837478852,17.7971887198841,17.3745765449216,17.8057653724866,17.897420873237,17.9297889567451,17.7972962704002,17.81174259417,17.7074067305317,17.8442488768298,17.6382217618272,17.9186339420139,17.819234740604,18.0353878601637,17.8520619929663,17.7864048354696,17.6947776530353,17.3188385966219,15.7927117939308,17.4882708774389,17.3334524417483,17.082433317716,16.8103601706422,17.6989794051338,17.3399756435164,17.5157691794276,17.5330029969786,17.5011151558397,17.6633438625826,17.874383886934,17.9094925088356,17.2775266033812,16.6014607044894,17.0364382385393,16.9813077330515
E2QCZ0,autosomes,13.3829825642949,12.9706366097809,13.3701883358237,13.4889265526366,13.1038724600454,13.5668957990544,13.8712697333773,13.4198906781415,13.9704745520807,13.5932110712076,13.7890864647742,13.678396866132,13.5774935733789,13.1920499102466,13.0773029357334,13.5424146491218,13.3416219028565,14.8040796823883,13.3744188913106,13.0882259214097,13.4793685525782,13.8653585961785,13.502196585433,13.0514755861677,13.3459155407016,13.0319627016615,13.220642359307,13.1349399776589,12.9150086665084,13.6406991213238,14.4273563844418,13.9584718523029,13.8072530310366,13.2918774693742,14.2255169966663,13.5841473748304
E3CTP7,autosomes,18.2555065136823,17.7685367050757,18.308512889243,18.3961083811682,18.1300575099793,17.830189342993,18.6513789910218,18.1218182679484,18.0541442526952,18.2398669218447,17.9503402679175,18.4785180131007,18.2277478384388,18.3532714163086,17.6786091706281,17.8169985306835,17.7932964401987,17.8410983011325,17.5357923566673,18.1638112407848,18.0901735051667,17.9206463161851,18.0366828333429,17.4938576250462,17.5024509881544,17.5731746081641,17.5626886298654,17.8322190927577,17.6119474513412,17.6269437913577,17.9436106762812,17.9988244829705,18.4896925664182,18.4699523629545,18.3665450752883,18.4179060690649
E4NKJ3,chrX,17.5730165708594,17.3604073230172,17.0295050317596,16.3817822062725,16.4354528501953,16.8725940716551,16.0661853649853,17.1799202850198,16.3263845161424,16.3949935369539,16.2767151518353,17.1882941409513,16.4428335351194,15.965191877974,16.3671390708775,16.4354864937381,15.5183038219668,16.9024726906468,17.252632788371,14.1741463581796,16.0954089245449,17.1636977423292,16.7652320117962,16.2539206134242,16.018000650175,15.4847150368105,15.8679817247415,16.3989366303299,16.0485843241385,16.33812070487,16.3299642277942,16.6158625537042,16.0186577062704,15.4626546825402,15.2950463211092,16.8733151434117
E4NKJ9,autosomes,16.1935240113041,15.9989962988781,16.0502781070891,15.8596312972836,15.7986319366966,15.5734614232307,15.9150510663981,15.8251409633139,15.9740611059092,15.9339311357043,15.687199145537,15.3400154848506,16.1435620191602,16.007880836348,15.6897420386404,16.0571400832689,15.9960354571827,16.0611625182097,15.7499092572775,16.2565027968656,15.8942896061899,15.9320231366581,15.9685419108228,15.565596698678,16.0250862369669,15.865627609158,15.954099836112,16.0686703767056,15.9811122451236,15.9180405609971,16.0369788061515,15.9607650924047,15.6937568343053,15.4150317627024,15.8504230195556,15.8917062511151
E4NKK3,autosomes,13.628141640841,15.4223752470593,14.2193224779079,14.4491142483973,15.4217804589409,15.5768251709134,14.7253724935927,15.3965330186873,15.1484950419503,14.9371931371345,14.2778320958498,14.6811536708386,10.4109469522002,14.8693646838213,14.4171373138608,15.0698073569138,14.536603615659,14.8111312500721,14.9948776422771,13.7961497908065,14.4909187402039,15.0827594314648,13.6093365644214,14.6620743190364,14.3054643380215,15.34740147689,14.6230100003767,15.2507536030713,15.1507835356462,14.8957817253601,14.6392703782989,15.2281637721796,13.6412311226415,14.5181787552588,14.6870611671698,13.9160732541752
E4NKL2,autosomes,16.6852205540167,16.4837060915042,16.4455724234546,16.5539632263199,16.21953077476,16.3831570621302,16.5919636438799,16.4216771448635,16.3934347956626,16.3418826051065,16.4739834488564,16.2633108604796,16.6923285480474,16.6644235836082,16.1896045070689,16.1252899586944,16.2784738592692,16.3735687422496,16.2269402935209,16.3130092429672,16.4059561529457,16.3159208683068,16.3434703602425,16.3117651864202,15.9047567889865,16.0246571560209,16.2807724516829,16.4471010380112,16.1562093092045,16.3020591927542,16.2058459103988,16.3438023171604,16.5383162642669,16.6059152693994,16.3837046632938,16.6483682887887
E4NKM1,autosomes,16.3738409578824,16.0337562017396,16.4601305961809,15.805364587963,16.0177786139222,16.559526653607,16.1863632307031,16.4100515086198,16.2184621712759,16.5750968500022,16.0290671635409,15.8501151459455,16.2674934809568,15.8898556632427,16.1597469089685,16.4482313797067,16.1999027748525,16.6850690415412,16.3574669907791,14.8975784281639,16.3417140425248,16.6601762136891,15.9764671956374,15.9574268182308,16.6227530076376,16.1467422151965,16.0472732350464,16.4181658815974,15.8761054262893,15.8005587657401,16.4310701955617,16.5601009590357,15.5829710844743,16.1265744010441,15.5323560234854,15.7393979535028
E6PBW7,autosomes,17.2551016456722,18.0401274058267,17.3372377721566,17.7413695103594,17.2411320330539,17.6980000588265,17.1916294396894,17.7307976489043,17.2961375753587,17.4873331646189,16.9159411428109,17.4318881690193,16.8206581478085,17.2545876790358,16.7858567993387,17.5803598766598,17.047295031591,17.2815035748921,16.9967508450309,15.6869695220233,16.9451497231363,17.3383659307434,16.5807323732666,17.1720633467581,16.9199805073853,17.5144345526187,16.8459185236637,17.7463633012406,17.1409365566034,17.8341552658815,17.2127030015026,17.2324761739914,16.5567801258455,16.9899557429187,16.5096514929369,16.9603824789798
E8NH88,autosomes,18.0163304847498,18.0827194376941,17.9245800299073,18.0330231510649,18.1683812434953,18.3250888198681,17.9521688100454,18.1455204918654,18.1728395830617,18.1123257641199,18.3314697380707,17.8343446664745,18.0398537045291,17.9577467294799,18.3500435710356,17.9323496850434,18.0828212084718,18.0218680791335,18.1923496638654,16.8817619235064,18.1690823063963,18.0206714427536,17.8577164523619,18.0995714293282,17.8696050827914,17.7313290402214,18.2411914927382,18.0355989102142,18.1496474318396,18.1090796872114,17.8912749089941,17.8759813286964,18.2243113567564,18.2752906129636,18.2326663439368,18.2201843321842
F0JAQ9,autosomes,17.3256369912691,17.6843271006653,17.5059811680244,17.3305782932956,17.3567977815434,17.4832902757376,17.0003036933834,17.4835396435061,17.2318175035722,17.3835440908755,17.4445905199258,17.0038081535994,17.8275438437965,17.8975892595608,17.3468140030578,17.5883706018794,17.62648709568,17.4971808505976,17.362794118585,17.8975074180507,17.5143597655436,17.6494723341895,17.5851711650681,18.1931959071636,17.7596267256355,17.8557201209824,18.0231154710997,17.5364497897142,17.7372858941364,17.8291388524671,17.651322337018,17.756751207355,17.4151977761616,17.1511148209916,17.2693558610087,17.4307299403764
F2FBA4,autosomes,17.8457860348485,17.268795603824,17.7633595040477,17.8287929229997,17.3861626555418,17.3338321557342,17.9626228156141,17.6212001547396,17.8356288696892,17.9105407092936,17.6613187448219,18.2229533504765,17.7639301992887,17.9529392775387,17.2388876923432,17.3244647857575,17.4344908433371,17.4714061580132,17.472488352006,17.2072232024545,17.6073855033283,17.6063737125228,17.4776761418254,17.270776564213,17.0077493673505,17.0767811547259,17.0219820140211,17.6097069337608,17.4744183689142,17.2184833266762,17.4565343837753,17.6435278680313,18.0299503379007,18.5045705917427,18.1453210930163,17.972039747502
F3YDA0,autosomes,21.4270995317176,21.7323542638773,21.7228747500198,21.7827164328943,21.6089371118181,21.4042444502334,21.6747536453247,21.6003333171861,21.6377345557425,21.5183434790455,21.4773307785652,21.5393832447377,22.1166386523613,21.9495754079504,21.9579556128786,21.4139690172868,22.0556757450318,22.040917161281,21.6055775551503,22.900494837258,22.0287328597826,21.8012471200906,22.4570577990889,21.922987712545,21.2629882792823,21.1985551759127,21.8661979206875,21.5057516488781,21.4268963905037,21.7623590040701,21.7475842660187,21.7874315812098,22.2510044827476,21.8879988158879,22.1550323374711,22.2277018778851
F3YDH6,autosomes,14.3995389849397,14.6234609126391,14.6298087364665,15.4052858061842,14.3611172064691,13.7563865753558,15.1798511240141,14.8958937681945,14.8362085975604,14.2601308966022,14.2967282924707,15.3074799216172,14.49629849513,14.8953310600257,13.3269966860652,13.9324697873908,13.8492241725618,13.8684438547494,13.777404793303,14.0099277376652,14.1352528415306,14.7815177018323,13.8961904121661,13.7921873954348,13.692011665744,13.8209879689672,13.4119131039713,13.8169350297539,13.8209321773252,14.0903974621675,14.2233986887127,14.413906104684,14.585150596973,15.1948309242617,14.5178768826177,14.9054133161012
F6J6B9,autosomes,20.9549797632863,21.1243826303795,20.7265433796839,20.6757941469729,20.6313156282526,20.4695227872643,20.480942961762,20.4390785067953,20.605175023632,20.5405642386178,20.584778494687,20.4331126066688,20.3344100649833,20.4098393598268,20.7846361469084,20.4088768315056,20.5978628415215,20.5828885607503,20.9032227592172,20.404947013166,20.8317219739828,20.7214308114941,20.7855103258291,20.4854861516827,20.4868167412465,20.4926551708619,20.7353098448141,20.7868565080154,20.667700261925,20.6147015047744,20.6554401974281,20.5842127387026,20.4840183730712,20.2790278975345,20.4967587991089,20.4271246526659
G2J5V6,autosomes,4.22480474212415,4.22480474212415,4.22480474212415,4.22480474212415,4.22480474212415,13.4612055090161,14.2425527332733,13.6362776668898,13.9356336774546,13.9757184225638,13.8867989235165,13.9615731450184,14.2777346305373,14.5971751272006,4.22480474212415,4.22480474212415,4.22480474212415,4.22480474212415,14.4425368069094,14.4033939005558,14.4736460781973,14.1202806206282,14.3926798829402,4.22480474212415,4.22480474212415,4.22480474212415,14.6046530785235,14.640186774401,14.3689782260231,14.2853904075536,4.22480474212415,4.22480474212415,4.22480474212415,4.22480474212415,4.22480474212415,4.22480474212415
G2J5Z0,autosomes,17.740184947578,18.1336364749618,18.250657327308,18.1884747046946,18.5711069887389,18.7159520053939,18.076313249059,18.3960377062252,18.3124207776914,18.4071203119093,18.5489383847207,17.8465205400262,18.0943631500113,18.1721848024284,18.647475832524,18.3882175775568,18.7148601090723,18.5114565093596,18.4947141777118,19.046333672014,18.4523953640761,18.3079851690516,18.6973645055675,18.8177430688288,18.6710343147161,18.86294578687,18.6290537898882,18.5794613688069,18.5069662289258,18.6416719522441,18.6656115877331,18.7065672410314,18.2818652151796,18.139431065899,18.2199862762336,18.1575001545908
H0RND5,autosomes,18.2713357198442,18.453496604675,18.2943696810572,18.3349580114492,18.3654584881478,18.4989515557455,18.1272577120343,18.5133496893547,18.524559506862,18.5280693553847,18.5890433922415,17.9580262329801,18.0960987825753,17.8933251681835,18.3484811036825,18.5241678017709,18.2961642766688,18.354925909201,18.4774753193897,17.4575610371571,18.2052308496609,18.3126829615024,17.9656860390415,18.7127242062107,18.4896748928897,18.4402796615629,18.2109725218955,18.34900094606,18.3902638102907,18.3387503211762,18.2243584440004,18.4978730873877,17.7832004850584,17.6726368044832,17.8295332809167,17.806836854901
H0RNN1,autosomes,19.1188639674706,18.8367464840791,18.8271752133973,18.7371778494012,18.7750743825841,18.7257930911283,18.6532351698629,18.7251747449662,18.8638707061241,18.8092676238291,18.6656927588612,18.4901037938229,18.8103502636227,18.6009533893496,18.6555109764245,18.5784485332214,18.4866766986393,18.6532265751064,18.4934514453463,19.3188229839218,18.5810668614463,18.5843548424163,18.7108103281654,18.3344176500718,18.3399016655474,18.2011944496314,18.4795205440325,18.2919382416908,18.34034408799,18.2269976591128,18.1016454762079,18.3521798072622,18.9943831911828,18.6533275125372,18.8056291768175,18.9747016123256
H1UU99,autosomes,14.2554811852167,14.8087446398804,14.2713428438619,14.1191674453326,13.4956946093172,13.8057494293059,13.6112119249618,13.6195909287651,14.1631687450602,14.0020005130752,13.5921201538061,13.913080995213,14.5360057599997,14.5924093128942,14.17648281392,14.1776066014601,13.6173385769682,13.8844412958487,14.1754344585519,14.1954685531865,13.7755184668776,13.9980592080555,13.7480402402526,13.6833624322607,14.4667447221708,14.8367075525236,14.4940255385861,14.1300037335316,14.1018444836815,14.2909536416138,13.8198520193676,14.2147486486067,14.0618068178521,13.7074864467827,13.7922240431606,13.9734970444011
H5V866,autosomes,18.7290751145625,18.1789529661977,18.2332241540386,18.6235047699788,17.7959999588367,17.8831239501203,18.6863526208942,18.380860844481,18.1569511334823,18.3315418381287,17.912041548848,19.2351164918377,18.5108739112056,18.8746974660183,17.9057392266303,18.1054165024146,17.9742273001663,18.1442401122381,17.9000786812157,19.1315167398213,18.3667467823168,18.5633033529792,18.6222051605183,18.0032640195953,17.7033051951488,17.902250495284,17.9205111335,17.9700353606728,17.6018563074483,18.1824910008915,18.1183448942431,18.3019207550513,18.986469456057,19.2900363468925,19.0307213683651,19.1276093414632
H5V8B8,autosomes,14.9543737335772,14.6964639326492,15.4089233923212,15.6743880333621,16.3667208861456,15.8775458700968,16.3010384377163,16.0351018676432,16.2062332253882,16.0781470000995,15.9741631667058,16.2982286888359,14.7793640866553,15.1092398635473,14.6319705435391,15.5050723807675,14.5559211411973,14.3122137320603,14.8781698777153,13.5750206435904,15.445161233529,15.5037669792599,14.7425717642578,14.5131925417226,14.7970531154831,14.8954107526421,14.6042496966178,15.1534053377368,15.1700224322565,14.741712733569,15.1932346225234,15.3615503296607,15.4572417092451,17.493242934581,16.0806568222905,15.6602457787908
H5V8F3,autosomes,18.1415870600282,18.4679237271603,18.2659640584591,17.8299996674682,18.6233294963926,18.2488131445279,17.9638699102883,17.9814394290412,18.0801233021836,18.1513736764047,18.3220358626731,17.7075592706108,17.9019776169388,18.1070619476301,18.1308924922729,17.9175438731148,17.8823239133315,17.9339640191802,17.86848290442,18.2442684163997,17.8506351631031,17.8466414092012,18.2280980661235,17.5728172430536,17.6398844843415,17.6608455958814,17.769975315332,17.477931561123,17.8053895021327,17.0761745162735,17.8190289371996,17.8623768841742,17.8453137535764,17.4741179578613,17.9637702603327,17.7668067656011
H7BWR4,autosomes,13.1329205347863,13.476972520016,12.6761445616218,12.9152725087637,11.3189862003692,12.5257041028151,13.9714160126832,13.3425154823193,12.6900414260993,13.4865233037976,12.4093575711879,14.4870835677472,13.4790641455852,13.1362464422736,11.9976111116939,13.0663117992567,13.7678662822995,13.0324338101128,12.7014487991782,13.1913296800135,12.9947752155841,13.2413691981343,12.9368379219154,14.2578218048004,13.3600008225611,14.0872444988947,13.3603447461053,12.8160405829489,13.2214519024135,12.8954398813674,13.0820593744716,12.0798136011652,13.351974285662,13.6442863022835,13.826260876633,13.5471653477866
H9XVM6,autosomes,15.3924845008325,14.615918868991,15.0571168306062,14.8100544039705,14.7408604586665,14.7292913014855,15.0463674671267,14.8064122187395,15.2330436294694,14.8139128840096,15.0474633159017,14.6347509742497,14.8567657411151,15.1985763403845,15.9202202427595,15.1448274957784,15.3428420873176,15.084672199408,15.2543913019508,15.4850507959631,15.3553802335261,15.4858313978344,15.5421481725381,15.0223595722193,15.1099106787517,15.0291607976668,15.373160030154,15.2442524231161,15.3654497319999,15.2556599038611,15.431054634901,15.2348321083447,15.2753137164503,15.089876718514,15.3253296002452,15.3385627555372
I0B1N8,autosomes,18.6876859587491,18.8423254283425,18.2737957489614,18.2760250071543,17.6243890350854,17.461537334908,18.0702295831298,17.8209203979024,17.9402936852368,18.1042400856722,17.9007571042999,18.4086456755984,18.4997686784455,18.538002719568,17.571875969945,17.8618606297924,17.7882704798078,18.0023691178966,17.6718414646302,18.82247183418,17.9316193896838,17.968473299989,18.2715772780906,17.462214099716,17.4196423131281,17.5458662834543,17.604182482869,17.7512213467832,18.0782959461612,17.9661717575383,17.9714569505795,17.9470514146237,18.2713828958418,18.5573122747765,18.3001047637594,18.2842099697277
I0DHK6,autosomes,19.5537038658587,19.3566473001511,19.2117531532777,19.3374915184914,18.9712975876634,18.9903028256371,19.0208973855909,18.9337786138411,19.0359562992707,19.0245042827809,19.0159010425082,18.9587697117268,19.4930707637535,19.495332024058,19.1170455723709,19.3030807072746,19.0676762555117,19.1476849615409,19.0907198795127,19.8534652831353,19.229293553704,19.2344866188315,19.5222742423407,18.9726293201622,18.8031293100027,18.972760353468,19.2732552358509,18.9632523507542,19.0895327631243,19.2046085016754,19.0217537789967,19.1492006921678,19.3858655030915,19.1914440380637,19.4693382690277,19.5113965198633
I1V500,autosomes,19.2012587010042,19.740583983099,19.2526033045505,19.158337734123,19.4296624513169,19.3514298413591,18.9518594481521,19.2478267467711,19.2672827932744,19.1870265864034,19.3772048230938,18.6480549764561,18.909196487232,19.0163354139747,19.0293484587895,19.1940480881908,19.080843838442,18.896617459829,19.2885381813387,16.7468805092976,19.089764739389,19.0367725066321,18.5897966171645,19.0281514542077,19.1564665302574,19.1951837857793,19.2709221058916,19.3302095898746,19.3210534809836,19.3982815525142,18.9574717150091,18.8212530441796,18.6518182096824,18.2602028719686,18.5522681983345,18.4908571181016
L0CP15,autosomes,15.9838259973318,15.8888227327347,16.4528133687264,16.0070020438708,16.0969450787891,16.1997217160286,15.8283915117276,15.719042879104,16.2910246759662,15.9885878829156,16.1759947422965,15.8330122796072,15.4799224641004,15.2881204089067,16.5245353811091,15.7442747179591,15.5086091598999,15.6759971943994,15.888592098969,13.9270353966278,15.7696177812172,15.2734573165638,15.461819127924,15.0478689288474,15.2305327425809,15.0193455297281,15.7231698884634,15.8834500272907,15.2751742472013,15.6823461499651,15.4873101732985,15.8116846089195,15.4061860092117,15.1418916254219,15.1047604470352,15.0527023890414
M9MRG2,autosomes,15.1193788017169,14.7122684801014,15.1492086083219,15.1427982214091,14.8314689093783,14.722918278502,15.3825245435432,15.191201349102,15.2535661271053,15.040755974979,15.1891988591902,15.2610710860269,14.8032811065577,14.8857552700693,14.8349818708406,14.7621669725265,15.0410714399836,14.7104891929766,15.068159923177,14.36796164022,14.9796320822346,15.1810333150394,14.7322744845402,14.4463803649186,14.8030222932839,15.0166404907594,14.8146952290772,15.0164234363602,15.0003308621557,14.674313760998,15.4828908647563,15.3540895101815,15.1217079528847,15.2336006712187,14.995593698048,14.6561885905005
M9MRQ6,autosomes,18.740403954808,18.6222286269982,18.7068391961431,18.5190260632889,18.9271931329764,19.0692162622139,18.7536425441862,18.9570268331474,19.0464139250997,19.0588266744826,19.0376619068258,18.630607540328,18.8920724264391,18.911078620527,19.043533612806,18.7011978801134,19.2274797073859,18.8859929840086,18.975822742053,17.3120105316497,18.8910849418627,18.7274614468866,18.5744206952234,18.8172485611205,18.965607851888,18.9081084751298,19.026973886125,19.0025760148354,18.8911451090384,18.891240790671,19.1028048823168,18.9899558624721,18.8515801479171,18.5256878896632,18.6719727305148,18.7817789906763
M9NCR7,autosomes,14.1105893892945,14.3557518670484,14.1192586734213,14.2234899193002,14.3154556543396,13.8108141067649,14.2682227712022,13.9902223938578,14.2844202194758,14.3265775255684,14.2853791601308,14.5616841069894,14.3167979240778,14.0066575048281,13.9803186851869,14.0403582011237,13.9073032753392,14.4661958961269,13.993547085885,14.555105318496,14.2113924697552,14.1387656945277,14.5909975843596,13.8613153754605,13.3501464453454,13.5593996214079,13.9511089833976,14.08698223605,14.0168444879886,13.4666803861594,13.8040873018794,13.8130926088712,14.5403780407778,14.6961971900627,14.4907093162263,14.3464017644104
M9NE07,chrX,18.0750964991016,18.1534740825144,18.0166544582939,18.0081929606176,18.0040298302637,17.9659548343452,17.8146578649591,17.9000202914813,18.0036188951893,17.9267379053518,18.1128185552075,17.6327397446083,18.208186021741,18.0204391088165,17.9142147265798,17.9090629746036,17.7102775683537,17.9246490867934,17.9051688733044,18.2547498871578,17.9169404178321,17.8347416490582,18.0762825934945,17.9733344078909,17.8820248377207,17.8292093487604,18.1984792724115,17.8285591694196,17.9797111752031,18.014801351163,17.8028433760647,17.9542640269139,18.2684889441699,17.7465764090692,18.079746921607,18.0960945912985
M9NEW0,autosomes,18.3786501435124,18.2015849154917,18.1183552875307,18.2824874607481,18.247651606979,17.9646123422142,18.0016630486246,18.1691919525298,18.3328377301204,18.0658659045707,18.2128387449433,17.5150094984724,18.2632548623324,17.9569381346473,17.7859883530531,18.4077421277327,17.8218179982024,17.5887149524339,17.8233101279916,17.4388868676591,17.6682203594163,17.5214555993189,17.651947141726,17.7782546021413,17.7556013604975,17.7969586472005,17.9249691264429,18.0341110465075,18.047453760676,17.8807811890198,17.8083871751988,17.7502915084332,17.6111729407953,17.5397505287517,17.762309744165,17.6700804535271
M9NEW1,chrX,17.8219280745939,17.8606473276448,17.9797624552198,17.7205935929161,18.1136800875788,17.8743133508301,17.8086215379181,17.9349714257506,17.9764059225101,17.829814376775,17.9098321222497,17.3620147094156,17.6337456577139,17.4811736472545,18.6225391717134,18.0698509250032,18.1913245041339,18.2076100908635,18.1636749833339,18.1116659573226,18.2699472334552,18.1326705951355,18.3483204500725,18.1306379825245,18.0242942446937,17.9992355022074,18.1482298755328,18.1065567952065,18.1069763249031,18.0513179160738,18.0341829461946,17.9629405900386,17.7883654879928,17.508209244475,17.8076311236374,17.5555758769478
M9NF13,autosomes,11.0038216330273,10.9576085733388,13.3471134055291,13.415087569919,13.2263998666452,12.5719798293797,13.3766148836956,12.8104301669692,12.8871453675829,13.1466646498106,12.7131069679124,13.6005824146446,12.3008113800433,12.7953688645524,13.0401279259226,13.8829067433332,10.9131403558957,10.866543040132,12.8841217935136,12.2968722797736,13.1583948347135,12.7876079458491,12.989942726959,10.8133126014708,13.6857472450305,13.4618005839651,12.3838881556048,12.8673271340679,12.9880214265075,12.3796092378446,13.7056200131272,13.4646470802179,10.7923148133319,14.0346033520145,13.7661604006586,13.8105684932978
M9NF33,autosomes,17.1150897412347,17.3330422234547,17.3399265869288,17.189337534382,17.538363146749,17.6762821352225,17.3232029098809,17.4819159934674,17.3705134405108,17.2647178826319,17.5058430638214,17.0259915307266,16.8494884946155,16.771030670386,17.1626138493267,17.1346502275899,17.5657654383657,17.3418992627339,17.2298119692355,14.7448135114822,17.0699523293881,17.0526317120919,16.5194833889706,16.5948614929384,17.3754213901109,17.2941582035752,17.4151389367573,17.5318637978111,17.4111741340305,17.5572729543041,17.820546402005,17.1701407321454,16.7409848742336,16.2417952714326,16.6748014237086,16.5602227817035
M9NF89,chrX,14.0188260435233,13.1064794105357,13.5536307912473,13.6499055609452,13.4240117786554,13.4209871371632,13.7265360972273,13.8712217362238,13.2457836655002,13.7215777059361,13.7007958227596,14.6655307077006,13.8910504593666,14.29958887821,13.5776631505649,13.4991883604179,13.7487762079819,13.7265939874382,13.7531290095631,12.7550188073087,14.1610841577915,14.1599456525341,13.900479394343,13.6330256990408,13.7264716256545,13.7300130183232,13.8341796140323,13.6321480497517,13.7842342111403,13.7229750487628,13.687503815831,13.9514884738418,14.0572288752876,14.7655302730301,14.6145559122007,14.5515543520242
M9NFH8,autosomes,14.2949867469232,14.2143354664799,15.0084006978464,15.6482419607887,14.0612548613727,13.9427237159829,15.4757733909925,14.6026542814614,14.2404348231991,14.3822270010883,14.205232586895,16.1473121158725,13.8499061212581,14.1874405269213,13.405858882902,14.0159040557428,13.7924467782605,13.6181011842386,13.7712211737499,12.3623632675856,14.4547684779049,14.0668687850896,13.696740557522,13.4431689454038,13.4256811607336,13.9312365548746,13.757911623707,13.7583026233462,13.8845950432232,13.538024101825,13.6846678475395,14.224868185309,13.4064887270313,15.7690296138298,14.0871775938878,13.8547383904049
M9NFR5,autosomes,16.5270033100113,16.7966087786389,16.7524579735706,16.1806509250221,16.6763354506553,16.6234012979638,16.2958058644279,16.5849857739279,16.6554074080629,16.4052968164904,16.9997456494274,16.1356384145592,16.5609366268318,16.3020266496543,16.8645118016267,16.6713435713486,16.4825394951023,16.4682850576667,16.7407112998795,16.0241328808388,16.4964067426823,16.4125596071213,16.4660388865846,16.7365661726545,16.8639530083301,16.499193170825,16.8790154401299,16.6910073570365,16.7232504339927,16.5732942248067,16.34615861978,16.4209086211753,16.4301609807867,16.1256316588693,16.3988013988888,16.4121712208333
M9PAZ4,autosomes,18.1781287141882,18.2673529063373,18.4998021732508,18.2228681906792,18.4931673937842,18.4610724236047,18.2806825182362,18.5081497722396,18.5052764002041,18.5820723223124,18.5941123826171,18.2221317397833,18.4780501712418,18.5705984230239,18.5930494965122,18.7202174265019,18.6972616468448,18.5152013867913,18.7068636780146,18.1772214935799,18.5076207088213,18.4542109940765,18.4861708972414,18.6920968421363,18.8699371548847,18.9672829411134,18.7309980255993,18.9137770905175,18.8044214817861,18.9442172750486,18.9555257667965,18.7550371579389,18.4281674954597,18.2029842259802,18.496999331698,18.4466642988183
M9PBF6,autosomes,19.3814304742227,18.8719787241441,19.577279037939,19.4254715552754,19.4634562346065,19.2094532044909,19.5343584766629,19.4374783485153,19.5428517684283,19.6289370751878,19.4242281984795,19.3526878438106,19.2650327040261,19.5336926386806,18.6166279129273,18.7842769780731,19.246488640213,18.9517369372006,18.9131464415033,16.7594032422495,19.0779626908037,19.0050099196431,18.5995972657393,18.3073059185241,18.6899008011274,18.5031908094143,18.8102161636537,19.2325707633424,18.9926826057159,19.0502619295259,19.4065504256705,19.1155182523761,19.4407005978625,19.2291355501354,19.2696489620275,19.4252951521021
M9PBI5,autosomes,19.7323621541553,18.9058550374617,19.8634041625654,20.1346924014321,19.4832194116663,19.2586727143068,20.190173141056,19.6133090241215,19.5052030182251,19.4125454438975,19.2025080801862,20.2502178766737,18.7471992340276,18.8012110859667,18.3943460928787,18.794797151295,18.487381910742,18.442814017351,18.643746068596,17.8456178546571,18.8660995147055,19.1809747209003,18.317726125698,18.3231216661498,18.6134704445533,18.5317368594039,18.6481953209574,18.6658367115704,18.6820842667442,18.5154861644736,19.1686279060027,18.9529681686239,18.5546691290585,20.1001983967232,18.5983792009053,18.671932832177
M9PBN2,autosomes,15.3139410690304,15.7076168699611,15.348063218071,15.3166813520623,15.6816059074961,15.6497498832272,15.249824968253,15.2661695402207,15.0207337912001,15.2716268585725,15.4528491889083,14.7138958861931,15.0006829087303,15.1760131559463,15.3496905122699,15.0901152583031,14.988101171189,15.2030082295741,15.4191891427231,13.1818431908416,15.2789115967524,15.1999153601892,14.5472687573729,15.1434061431956,15.9026229828859,15.8919667879391,15.2330360170252,15.8012583246071,15.7828080706041,15.5862702914408,15.1267815956307,15.525498864763,14.4097190441057,14.0893178354505,14.5201920543112,14.3389352996668
M9PBU6,autosomes,15.1762622727623,15.1717653117306,15.4950581969965,15.3344139643922,15.4599350930183,4.22480474212415,4.22480474212415,4.22480474212415,4.22480474212415,4.22480474212415,4.22480474212415,4.22480474212415,4.22480474212415,4.22480474212415,15.1752955595276,16.0339555333472,15.9378920576511,15.9175555309737,4.22480474212415,4.22480474212415,4.22480474212415,4.22480474212415,4.22480474212415,15.8648453888473,15.8512600723024,15.8692905910905,4.22480474212415,4.22480474212415,4.22480474212415,4.22480474212415,16.035446354719,15.9985853360565,15.4016781790152,15.2171784251257,15.3847634961807,15.5207305339014
M9PBY4,autosomes,16.2899374962381,16.2121613545264,16.3422314066654,16.4292307275643,16.3930612650597,16.2362909539875,16.3580005438106,16.4800132364992,16.5577717972942,16.2669862420923,16.6228734746149,16.1010932591388,16.2819004906874,16.1609695218772,16.4540037561419,16.4411358217782,16.4818005408087,16.4280392608934,16.5977198066012,16.4004810150141,16.4612245743858,16.4093150971157,16.4123991784377,16.3428236791023,16.3925729833382,16.3906582791356,16.4822619129389,16.295503815544,16.5518119519577,16.5100253557218,16.6560335025508,16.5355850491405,16.4401171165464,16.5669920649015,16.7331387638947,16.6891540511511
M9PC74,autosomes,17.4696737833192,17.683776585788,17.515185157059,17.3203649398397,17.6278361385366,17.707456512296,17.4158010432778,17.5992435437542,17.707574753082,17.4198452365418,17.6217828897299,17.2056343634122,17.3630380639507,17.3024146625011,17.6151013301146,17.6046376194395,17.5646923114012,17.4122175676784,17.4191460746732,15.6388733985392,17.3467043337495,17.2665773569647,16.6400410814089,17.2117288865506,17.5636951020665,17.4274966632908,17.5899408552921,17.3728447661097,17.5388011774525,17.4923058895546,17.3958511979256,17.5179442693468,16.8613948320833,16.5074258867311,16.7671508804483,16.6747649966647
M9PCA6,autosomes,15.5400091493593,16.03179768543,15.7049369941569,15.0382743848646,15.5450986300145,16.0053834173926,15.719969592956,15.5092848270051,15.8931232067367,15.6718607915873,15.9288611967744,15.4588409019932,15.7587353988182,16.1911546259423,15.6331191924648,15.9775846243143,15.8444929680989,15.9467500551996,15.5832779523471,14.8622268330502,15.9022344097119,15.7386735403316,15.7102126439945,16.3862765915543,16.2004999698806,16.6749601803156,15.8993368912715,16.4804124787588,16.1471357736339,15.8562945493016,16.2032458302352,16.1780829331721,15.5663514576873,15.5887735625005,15.6342719885615,15.0766602156357
M9PCB7,autosomes,16.2196603016988,16.2526363084969,16.3267027883517,16.2243193941945,16.4083789442404,16.5894621269943,16.6583853813871,16.5339343079505,16.5786228244884,16.4468791116682,16.3819502368162,16.23503744203,16.3405105753731,16.0766356720315,16.5572947471743,16.2882709581922,16.2720924880192,16.5375852948921,16.1349742787352,14.6797569439737,16.3193239122956,16.2818950882342,16.0330058337623,15.8823423386453,16.2323617370479,15.777395019252,16.2195876956895,16.3760579674586,16.3871972447724,16.311746889475,16.5305753664934,16.6082788994382,16.3352302660135,15.867328417491,16.4411481665505,16.4354727310994
M9PD23,autosomes,17.1697031796202,17.0370228790622,17.3502719267045,17.0222649919028,16.9968141368598,17.2946718935993,17.5000158521571,17.5253259394811,17.8445221865746,17.6227865788671,17.6129424562659,17.0453243241307,17.4884567009366,17.5967189996817,17.3972720371654,18.1276543862377,17.6500111925153,17.3484519734664,17.8580237318689,14.6777076291605,17.5874474901634,17.4908411677804,17.1762139233348,17.2042225933755,17.9524004405476,17.7551989902989,17.5590341525987,18.1389852536659,18.0164489724999,17.8090979236355,18.4023196014186,18.1540864349363,17.1596462068968,16.6279525878514,17.4229207645057,17.0419852513903
M9PD88,autosomes,16.2003554203783,16.3508727215025,16.1252216655987,16.198459252036,16.3711408075839,16.6222594694765,16.0943853580984,16.4886729871599,16.353284688207,16.1433154403925,16.3496121110034,15.8014768787134,16.5337515022736,16.3370171047016,16.5396378547483,16.1204225950064,16.3995375400975,16.2345790860116,16.6165516212949,16.2071795014317,16.3672077757607,16.3986557659801,16.383847531108,16.8705680660185,16.5878872152168,16.5053462258126,16.0691236671621,16.281415577075,16.5101010181038,16.0031086756273,16.5528037676813,16.3335706468998,16.0779927495543,15.8924706731058,16.0820027877631,16.1004752197499
M9PDD4,autosomes,16.5795681808868,16.2762877006605,16.3638918322138,16.5142666777928,16.247765967213,16.4115891369442,16.1684402422022,16.3375270848207,16.276715538252,16.4463679548763,16.2007469571154,16.4919862191321,16.5024314869753,16.5925842499555,16.516716069567,16.3232747406935,16.464041991464,16.7220560266456,16.5038114197879,16.6967066942507,16.4659247951666,16.415160656101,16.7168808523776,16.6051518759789,16.0797083397374,16.087494239832,16.1145864039235,16.34394966162,16.3012923194495,15.9950517802831,16.3767227588881,16.4553106112564,16.3259911461215,16.2791770275761,16.3101258837227,16.717091964162
M9PDU4,autosomes,18.378332833159,18.3977386748488,18.6408893598007,18.6775016110461,19.2118887823998,19.1361382805091,18.9200664405472,18.9029834668017,19.0165719248823,19.0893045916392,19.0665732800949,18.7613969475122,19.4408878215217,19.3735810917767,19.8774899502029,19.7957284934072,19.9112674096695,19.86351192574,19.757494582408,20.4793631133355,19.6269280223276,19.5525673311979,20.0517358756186,20.204355997878,20.0263690390552,20.1539183223484,19.8554979537046,19.5853370404312,19.6531659287579,19.8051994027065,19.5305313113179,19.5243107023494,19.6359818334081,19.5181418239465,19.4780795552445,19.5979720483163
M9PDX2,autosomes,18.0185399549958,18.4737252672441,18.3338314823025,18.2418065078266,18.1971570479703,18.2495727477082,17.9241057888749,18.4425541386007,18.29083655775,18.3804107489274,18.218294558805,17.8281879743713,18.0303954193969,18.0209245197211,18.2075385288678,18.4652654568038,18.2109247780649,18.2186002385334,18.2463669707329,18.425252230162,18.1857296095362,18.3981333872038,18.1288569615982,18.4501624113313,18.5558062556394,18.7610719825302,18.454640419479,18.4219480608788,18.412383546094,18.4710701422777,18.2454842913317,18.2868490999814,17.9704215929446,17.9399547916195,17.9903791053227,18.0789643579193
M9PE30,autosomes,19.1039836533153,19.4869174912923,18.9492961121164,19.1859307165334,18.4917390153735,18.6418768380453,18.7741480942861,18.7866722436074,18.8244903224713,18.7950365728808,18.6036571648546,18.7030298058076,19.1877445060293,19.2859688833087,18.3852988870288,18.2611436259232,18.7059727361921,18.8011280867367,18.281608661323,19.9836851051272,18.8281618085005,18.9021999671718,19.3500278904373,18.7775581208753,18.2423512820964,18.3608332126698,18.5129095236672,18.4797929919234,18.2504011717294,18.6457281682601,18.3854693678554,18.5416281018656,19.0231163604929,19.2864957488313,19.2091509238965,19.49930553215
M9PE40,autosomes,18.4478884063849,17.8065477008671,17.8525666532537,18.1899064409092,17.6966726796995,17.9588152499867,17.8524521910887,18.1374237280084,17.841795956193,18.0892157662334,17.7409887091338,18.1845428345124,18.6020957785494,18.5293771550677,18.0637694195836,18.0174033495293,17.886418253532,18.1704795583536,17.9444093695114,18.9405527027592,18.0389972778481,18.340063601628,18.3815822695763,18.0336969415952,17.5871835721577,17.4617634954774,17.5775865243175,17.6862670810665,17.7728877457352,17.7771835047701,17.8040214134853,18.2276813548326,18.3603317726306,18.573104572503,18.5532801918193,18.8142588440358
M9PE74,chrX,15.5039329173085,14.5011181728616,15.4165590145149,16.2071010142216,15.1754662939222,14.9016999274975,14.7079479846056,15.3203667392868,14.7308881087408,15.0134660672382,15.5355527168673,14.7545126920032,14.7437385017577,14.5624656484745,14.8050309382102,14.5579513240618,14.2991698685329,14.4965846804498,14.8287773216934,12.3222081529285,14.3869143065835,14.612800379289,14.0704757931657,13.5703640051186,14.219388728448,13.8780288560481,14.7976667444469,14.5232823606122,14.8185202369393,14.7058201940855,14.4973971422549,14.6590780965606,14.4675224354093,14.2374100841751,14.3841057158028,14.5450403307427
M9PEL7,autosomes,17.8288498300693,17.7938455492985,17.6423245401268,17.6684672828363,17.6278305626885,17.8985179315111,17.4325689794275,17.5031848072079,17.448194607362,17.5829858119012,17.5283200741545,17.0944500633225,17.4447567623876,17.3798320230677,17.7362048396849,17.5698192194702,17.4294060376893,17.6146949224504,17.6402388858925,17.6991834627054,17.5908783413136,17.7924980144919,17.6338934981796,17.7712151994865,18.0052768220134,17.8558062006674,17.7479879289082,17.6805049882917,17.7401483009783,17.8562206728834,17.6327427808409,17.4900498927095,17.4310001698254,17.2596933630014,17.334555685879,17.5295373107622
M9PEX2,autosomes,16.7120207527141,16.1297357265242,16.3289044166371,16.3852820005683,16.1857253261062,16.4210959803421,16.5592720285629,16.3114146076557,16.6514973264358,16.5086226676109,16.4747367437367,16.131282029349,16.5108984841655,16.2786662132904,16.4938231314282,16.2485943101315,16.6522708612353,16.3485512850231,16.2140006793637,16.0158920720374,16.4802193960955,16.2505467613299,16.2707073609989,16.1901149148495,16.2845260687968,16.2389257674857,16.2672158991509,16.6735385161783,16.5285819727843,16.3763026684666,16.70955346386,16.6412015507696,16.4904495435827,16.2982848000157,16.5036291198233,16.5129561715098
M9PF16,chrX,18.2327000696116,18.137606401129,19.2557297332285,19.1649580315641,18.8172535216959,18.1805830224338,19.3798832941066,18.4965711204174,18.3015159254854,18.6079942277319,18.3153573076697,19.7296836794324,17.7345042155481,17.9120721095655,16.7755537789122,17.6021292716545,17.7928138912835,17.3828679548208,17.6767174421853,16.0403004641769,18.0111641556665,17.8264764013871,17.0981738784021,17.1237748280655,17.7717826620733,17.5181309154544,17.4444327787967,17.8388742384245,17.8346094014162,17.6715108981809,18.1787601304352,17.8676643558353,17.6774919083818,19.3493675022929,17.6022110722074,17.4370331973208
M9PF61,autosomes,15.6587962718509,15.5261728117441,15.5598971480262,15.7061812271504,14.5691959406319,14.7369673745871,15.809937415936,15.4246607695468,15.3097934438271,15.4581332025414,14.7493605725543,15.955109428713,15.349123456701,15.7495608637724,14.8581420364827,14.831050429326,15.385655756657,14.8387408024526,15.0607685335161,15.9243064036408,15.3446234352572,15.9804626788793,15.5030009435676,14.978321039486,14.5447696878044,14.7695920734943,14.2483459351065,15.1815486468992,14.8892170633074,14.8892001404336,15.2256961789782,15.0267358516555,15.5968782519786,16.4135080136811,15.6886356064356,15.6356126993954
M9PFF1,autosomes,14.8033928270983,15.5051964609067,15.0979651017768,14.978613097519,15.3808340018953,15.2877350542903,14.8404779389441,14.9947450989692,15.1878319748189,15.2227851922075,15.2214115741154,14.8740486019633,15.1044358638242,15.0041858425428,15.3999695504622,14.9972866027704,15.0149083636751,15.2556169783608,15.4365134654376,13.6435789804493,15.1720057895721,15.1148622795787,14.8433106200115,14.9307025747976,15.1002714641851,15.6698038489891,15.5799163216554,14.9646388621137,15.7073648847215,15.5199157383585,15.349527955293,14.676924062061,14.9156306742858,14.1368641887926,14.7997269099319,14.9401116549117
M9PFR6,autosomes,17.1209871084643,17.3618834139033,17.2864793465957,17.0933285797406,17.1350716098246,17.277321509152,16.9789598968515,17.0081602679434,17.046527862562,17.2140287713152,17.216811157747,16.8403014276073,16.9663178872949,17.07558634962,16.9362537422988,17.0700601902166,16.9505134701361,16.9842582927133,16.8512259264566,17.4473374589265,16.8544125067022,16.8106662903377,17.061826620154,16.8522642482296,16.9266191340477,16.9245943725045,16.9684304224648,16.8514933915089,17.076550453245,17.040861215863,17.0261214053989,17.0137353072804,17.0229383877541,16.7326258084731,16.8596706444238,17.0497891703263
M9PG81,chrX,14.5320057399974,14.8034244022469,14.6654335434874,14.4310093939958,15.1360141516655,14.8373155084077,13.9414624073254,14.8965537651645,14.6063574117385,14.4708852029194,14.9270507129053,14.2252815959334,14.7609963888472,14.0791175310501,14.9834099757295,14.4865166680962,14.6721209840898,14.5287431974122,14.4420375129718,12.3673255178024,14.7921015302189,14.3951321292888,14.1340867577931,14.1949323663854,14.6883262392302,14.7074398869893,15.0824677839955,14.4574114934667,14.8339846180375,14.6161983090994,14.2697835985689,14.1098383951939,14.388874020449,13.319454456435,14.1968016427431,14.079354168656
M9PGG8,autosomes,16.2939850119113,15.6411811985941,15.990083053397,16.0569322471596,16.1446408929723,16.2916027305019,16.3001195731713,16.3054372421085,16.5321801374132,16.2632319425816,16.3410370985303,16.0795593732639,16.3591744945395,16.4062430622527,16.172991194072,16.2502279097654,16.3841821444524,16.0694281505686,16.2062964968715,14.9158398691006,16.2972980949648,16.281643393635,15.791985459873,16.2499459281641,16.4354461245652,16.1647028786218,16.391739944295,16.4309811649115,16.3796499897292,16.3721215441019,16.5704348116658,16.2285602336335,16.2369967147978,16.0638166796503,16.305491619136,16.565181619766
M9PHJ0,chrX,16.5347585994754,15.9375746207568,16.2525605961703,15.7383462885805,15.6615046323279,16.4142867705142,15.4597814775831,15.8462785886887,15.4620422221034,15.6280355741659,15.4158524660658,14.9969552894833,16.0730767795934,14.6874037442635,15.2981055711632,15.4744499836906,15.1519830974893,15.4160497891362,15.5957683393699,13.4270437974537,15.4636751912773,15.5777927262838,14.4725170788554,14.7182223505258,16.2373347435262,16.2044640838567,15.5641485631528,15.8055028144192,15.8637918076519,15.2684509069646,15.0038593029341,14.9394758570961,14.8377716702504,14.8552852842405,14.7684618038196,14.5551172734673
M9PHK8,chrX,17.2242338404977,16.8714848659198,17.5131450811956,17.5125949958449,17.6547987137007,17.8293529715845,18.1135853176271,17.9648678698543,17.8731860858473,17.9334025841411,17.9627445548513,18.0278116645908,17.7868447713272,17.7852616791555,17.9944384817336,17.6757014633723,17.8636990586905,17.7708215995486,17.5103635000569,16.3420623527398,17.576474057341,17.5702513568143,17.3538189945223,17.8756957749544,17.7872725986875,17.8522178029237,17.4806822895078,17.5024844034848,17.7044271263922,17.4694448813903,17.7842857215183,17.7498383522897,17.756320430753,17.7772702196338,17.8768151232177,17.8476895536274
O01404,autosomes,18.0283452911914,18.6010050075189,18.246338171937,18.1984018293656,18.2777408977344,18.3739690085331,17.8959218129308,18.0995724260339,18.1221373312969,18.0265080134947,18.2370779098151,17.7514317793445,17.9576037866132,17.9934397574071,18.1037486162061,18.2105202009175,17.9558267473262,17.9404386390729,18.0802318190803,17.5429051068121,17.9021433383323,18.0376156756344,17.8378666058098,17.9915274366778,18.2666413003819,18.4075747098463,18.3439977878882,18.2072270749562,18.2439685262219,18.2656424305838,17.9504134048389,17.9423669982258,17.9048349827022,17.7243030987403,17.7424264739877,17.895540596448
O01666,autosomes,19.0171847589235,18.9357219058465,19.3170431874426,19.5809229069958,19.7899018691018,18.8468264679912,19.7664076225378,19.2748184337945,19.4264576759528,19.2401078837353,19.1449690820234,20.1925169529992,19.699381245407,19.6556401884433,18.7631077633091,19.1674257166342,18.9134345976826,19.100627153836,18.813296002453,20.004825781269,19.1622658127081,19.4075565210395,19.5642658104935,18.9170827016574,18.6397820712586,18.5307349898343,18.7944671955317,18.3177743306877,19.0353260763613,18.6991990660441,18.9283127586008,18.9984135487001,20.1018475451382,20.2275063403048,20.0837274004804,19.9172931625962
O02195,autosomes,14.7542489442861,14.5324646575946,14.6369808124763,14.1668794513844,13.8916513996327,14.1160035020232,14.6529154104657,14.3040978241295,14.4453016419222,14.177407499434,14.3325900752504,14.0359242469048,14.7423532120481,14.6566076694264,14.1565431508054,13.8633985335799,14.3229503101923,13.6314507648251,14.4302201678524,14.770393309771,14.2921572158679,14.2274384254079,14.3847753017511,13.9855071100571,13.6858683646435,13.9320717726712,14.0478872027549,14.5026674626111,14.1358909992872,14.1923125309555,14.2516877856103,14.2515967489282,14.7906683925769,14.6742338360446,14.631471799912,14.8695654897323
O02393,autosomes,16.7273310903144,16.0463415827053,16.3230001535941,16.2923946229754,16.3012218955726,16.0547226452581,16.3352566644921,15.9834288714762,16.0217077380847,16.0456788238087,15.7773269043193,16.4416446942993,15.144600750465,15.3680680470853,15.5094828149067,15.2255726655362,15.0230547229434,15.2864452119296,15.7460133434371,12.6580606963103,15.6649176724302,15.5275859239552,14.9607493926907,14.5919494801074,15.2269572918097,15.3223814511375,15.1377976945499,15.8458518357581,15.6705937478888,15.4025371188176,15.74388341593,15.5314552018746,15.0407554925208,15.8511608811507,15.0282476784707,14.8580596375831
O02649,chrX,20.7067259551508,20.6582659115504,20.5857895674674,20.3846184092054,20.1665407004089,20.665571448827,20.4981338615588,20.3932602154547,20.5474362905249,20.420681454268,20.4963925565732,20.1787256475019,20.9490954749809,20.8178749516122,20.7390962519067,20.5979423364265,21.0658253879804,20.9736945542475,20.4484002320688,21.1515859157267,20.9274694842151,20.6268913228004,21.0473981179524,20.6726494956564,20.1659293991409,20.1341239906079,20.5707446916855,20.6567207049999,20.2813005986508,20.7461938147711,20.6526827609736,20.6641946972423,20.8111327163533,20.9693141343671,20.7751981367238,20.8784570273985
O15943,autosomes,19.9072512835402,20.0850536762959,19.9958923373477,19.8185819427358,20.007856172977,20.0088018298513,19.6848373625497,19.846382882612,19.8102874821883,19.692762753623,19.9278789513896,19.4195236813921,19.5545215688103,19.4852707409403,19.8018430814174,19.8057815080154,19.8147713612302,19.6296670182107,19.7688678945379,17.9471982160057,19.6508150949997,19.5823295331273,19.1136348770791,19.1850513421263,19.6386261859048,19.5029456678502,19.6745325574925,19.8394034492214,19.8172083590236,19.9063635221883,19.7399365201598,19.6139854437118,19.232213170867,18.8350752756968,19.2388940265633,19.0904114950705
O16043,autosomes,19.4164758855432,19.7639365011479,19.2946786335572,19.0874944657606,19.3132186299151,19.5280583844737,18.7991411449044,19.1420548068981,19.1180586963822,19.0731874424643,19.407053830678,18.6137862220748,19.0784666179602,18.8407415065315,19.108112214342,18.9082314531286,18.7104890905155,18.7313314093013,19.211432027278,16.2683897168897,18.9202641529513,18.7915275410531,18.6263090627596,19.0507572883169,18.989491273986,18.6706522214548,19.169609564111,18.9378203544278,19.146090067127,18.6641291516958,18.3735303455426,18.5519099226108,18.5102808878613,18.4410879270762,18.2233336297641,18.4505727245659
O16053,autosomes,16.2310638012993,16.4728846255763,15.884150401914,15.8921231176796,16.092420802238,16.1597929815085,15.7344186061037,15.7477232084632,16.0329822782835,16.0032093424641,15.9017422113767,15.595951377541,15.629111192007,15.5842159806843,15.9907838669401,16.0985899493607,15.7530352544305,15.7297929370047,15.8888810758911,14.4229719768375,15.9897708281618,15.7743367308568,15.4940594922913,16.1665329448926,15.7722353123112,15.7157491152732,15.9003683754993,16.0032245213173,16.0908492270522,15.7093543140664,15.4186010108213,15.7775467330047,15.4417774074516,15.2673723253945,15.1783526172157,15.3025308527636
O16124,autosomes,16.3584885616492,16.9278303715639,16.4959374982115,16.0233291533015,16.6585403800668,16.8240649566761,16.008780987156,16.366448480789,16.2383269024061,16.4851393039585,16.5717902891684,16.0304920037785,16.359524487601,16.1052840991117,16.1945619278881,16.363196895267,16.179618728298,16.1432886755581,16.3339504356048,13.4430546060935,16.2281565320011,16.1412598359359,15.5206216236053,16.4960265205084,16.3362962520736,16.3581702467044,16.5558732521301,16.4093170310745,16.4612352843787,16.4093360389489,16.3036127292242,15.9178424642502,15.9593424799961,15.4259283610055,15.6170484947794,15.5487973292108
O16158,autosomes,17.6234242498866,17.3574848005166,17.2938478225963,17.2973844677164,17.055787073068,16.9316390026343,17.4561778548607,17.5563196941021,17.4608449464214,17.3437041509993,17.2851988541344,17.4609736361553,17.798581072681,17.6706046754884,17.1219824466342,17.5290908868319,17.3620152141886,17.2055742584752,17.4794174681591,17.1019199277021,17.547497748552,17.5156991375243,17.2302837469236,17.3955821040834,17.0452114772554,16.9342040733795,17.0670345685248,17.441032148928,17.4807165435958,17.1330718559038,17.4691208141422,17.6730816640867,17.4961977426846,17.6462977505595,17.5361781750348,17.7176442479104
O16797,autosomes,15.0005565620102,15.0871242122662,15.4113887522151,15.2593102747283,14.8117642133951,14.6204833818476,15.04766697872,15.0314395166741,15.1656019684831,15.0514778407138,14.6848445795856,15.0779884194847,14.7422927295131,15.2095164307025,14.0599058444271,14.8966787375818,14.618720923291,14.2805491182006,14.7875760883022,12.8681939163008,14.889109918783,14.6702626058369,14.4736272304303,14.6698662040078,14.4097061105842,14.6173762033932,15.1758604664766,15.2971844514084,15.076599100579,14.8641565327016,14.6395838105745,14.5228758866094,14.6708316437604,16.2448083184565,15.2422208314917,14.9430173741561
O17311,autosomes,17.0704873369752,17.2131346323936,17.0644238301204,17.2156379796283,16.8902758707246,16.6619387056478,17.2328712594403,16.8210877131318,16.9960859539582,16.9590352378909,16.942548597174,17.0610928466113,17.0999288885242,17.1524391141283,16.8169049019187,16.9909253326784,16.7187101595632,16.7801305406953,16.7711896444098,17.041764817587,16.8878489600366,16.8929755128276,17.0568720668295,16.5866666209018,16.5719643166219,16.5996004654397,16.7318864995339,16.7535189394815,16.6420677247965,16.7457652713431,16.7368000392769,16.8976852558355,17.0869880288716,16.9448037176687,17.1010308725444,17.1030198767193
O18332,autosomes,4.22480474212415,4.22480474212415,4.22480474212415,4.22480474212415,4.22480474212415,12.4989311333389,12.8142195337317,12.0387913279708,13.1190024085204,12.4161917712636,12.3140734313439,12.6128034073498,8.56175314210743,11.8233140713236,4.22480474212415,4.22480474212415,4.22480474212415,4.22480474212415,12.5818111616117,8.04101914022512,12.8391994654556,12.8599418759544,12.3251424908345,4.22480474212415,4.22480474212415,4.22480474212415,12.216927166395,12.8555971468943,12.1506279232069,11.9058873766904,4.22480474212415,4.22480474212415,4.22480474212415,4.22480474212415,4.22480474212415,4.22480474212415
O18338,autosomes,4.22480474212415,4.22480474212415,4.22480474212415,4.22480474212415,4.22480474212415,14.1106707409786,15.5315153386448,14.3286304186298,14.4910238305678,14.4621916350016,14.0530998217995,16.5546559163293,13.8162036808003,14.5997015478233,4.22480474212415,4.22480474212415,4.22480474212415,4.22480474212415,14.9040401574951,12.9934631946843,14.9515093143085,14.7264926998018,13.7674275654108,4.22480474212415,4.22480474212415,4.22480474212415,13.7449970082059,14.1578205287591,14.4440073313251,13.7946981880564,4.22480474212415,4.22480474212415,4.22480474212415,4.22480474212415,4.22480474212415,4.22480474212415
O18373,autosomes,14.6445795597325,14.4942332303572,14.3134768904038,13.8935121707379,13.5502098497097,12.6345898405029,14.1389782433545,14.1980275698494,13.3160310476966,13.5211444575614,13.4362798063407,14.3117893742564,13.5401868071839,14.1391976900384,13.3195233823739,12.0504406907959,13.1537069666235,13.2725438576867,13.4380357323084,13.1812945262281,12.73069486017,13.6943829912663,13.9102873436285,13.0384581796339,13.3427054930786,13.2609014321827,12.9885309524631,13.361403466631,13.5494923208335,13.3690012577771,13.5743618518329,13.5304210487735,13.579777893753,14.2102517475791,13.8938982349359,13.6033770136079
O18404,chrX,14.5730810760798,14.7097406104466,14.5219441300154,14.2936149197769,14.7292750980236,14.7632377619088,14.8903058266868,15.078293099848,15.1692689061414,15.1999099556803,14.8945249641138,14.8970904237769,15.1592517457352,15.8096013043209,15.2625617256945,15.2642709857275,15.2893647433784,15.1957573980332,15.3118066351123,16.2852572755583,15.4916293683361,15.371597918677,15.981151239661,15.5356279267771,15.3505878138638,15.5649257175854,15.208108837844,15.4453569306853,15.0544474903675,15.0942081361009,15.9626247874556,15.6251040730671,15.7087848062616,15.5089366483557,15.8524015567862,14.8992260289179
O18413,chrX,18.050872859203,17.282354358983,17.7213939127093,17.8179460199942,17.3575365891348,17.0528266787037,17.9663524242928,17.7663505840462,17.7809611191036,17.824852855263,17.5484809694749,17.882755149707,17.5850319963388,17.684859276245,17.2649866942418,17.4486097759789,17.3797627563103,17.3509508216949,17.5494750889557,17.2266273749499,17.724379073638,17.4599801131482,17.5948884192094,17.1283272206725,17.155865784246,17.1293522054278,17.172499496934,17.5651317411503,17.4031934470102,17.1670186589464,17.5917064986727,17.7090081122859,18.0810127681737,17.6771674597135,17.9020613398418,17.7894895739096
O18640,autosomes,18.1931939438653,17.7837244151578,17.7367333947607,17.7939956510592,17.4378175136926,17.5712034579959,17.9409736198107,17.6599341903583,17.6549178410054,17.7339424175715,17.663335718015,17.822663408628,17.8729180952236,17.8875187505754,17.1748528498616,17.1227167781518,17.0886825159855,17.2600371322395,17.3226838736067,17.0727277254638,17.3537338219316,17.3798822788309,17.1388778366304,16.9666531510203,17.020239955023,16.8657085968525,16.9895934009308,17.1714125181013,16.773948800187,16.998618059899,17.13167680756,17.3356209859032,17.6818932891268,17.9263581113126,17.8200219534183,17.848246676409
O44226,autosomes,16.1485827908546,16.2726708052844,17.055159684872,16.2227221346894,16.2961673656686,16.2195871466329,16.2438635045716,16.5123499848798,16.6327503169181,16.4955407501534,16.5270448805861,15.9628378392492,17.0712454592865,17.005649622662,17.1120365776573,17.1684706550643,17.2189417808845,16.948732000144,17.1462334770921,17.3644070494656,17.1006641848061,17.1024219068753,17.1788134400444,17.3913597490452,17.2647364796634,17.1887550461861,17.385067826945,17.228376640239,17.1754565646036,17.0919627408155,17.1762510744657,17.2983337715148,16.8386625176279,16.6598749467714,16.7789372365724,16.905142137504
O44386,autosomes,16.6075707587711,17.2037869910896,16.893615095138,16.9655407561254,17.1006042846012,17.2078613775402,17.1150698928582,16.8661516810083,17.1957417137198,17.2187184521486,17.1321102178973,17.0159111339463,16.7963084320573,16.9389038919118,17.1361451007338,17.0410066183691,17.2890168123554,16.932307971385,17.1356962336807,15.6526313743392,16.9774544201306,16.8440190945913,16.4906037748497,16.6732115015533,17.416821830884,17.3033973893814,16.875166187788,17.4230540275336,17.1571952763,17.1576194106047,17.3484095645303,17.2052608625444,16.4050166909251,16.4052046016353,16.6796674080207,16.7074362346586
O46067,chrX,15.485199109271,14.9028606138403,15.2866253883468,15.3745990144287,15.0783089751677,15.3224282970941,15.2687250348473,15.1200573195286,15.4223576887201,14.7374388046773,14.9902702415232,14.8976232695406,15.101943590987,15.242865049963,14.2803684729246,14.4684341263312,14.0662966191124,14.3108588376055,14.5584420648661,13.553797544625,14.3755343041745,14.7085337268365,14.023674948252,14.0762195332024,14.4535525952474,14.2066934847823,14.0788308283829,14.5071497976053,14.7535961160419,14.2045688984364,14.4931279338223,14.1791483801635,15.0719021315298,14.6906637776777,15.1477383548696,15.3188807747327
O46098,chrX,15.2652933603874,15.7611696888943,15.7299609958901,15.4344212174139,15.9368833671314,15.3519209046325,15.2803264383963,15.5091593329547,15.4537875417622,15.513198225611,15.3692206408662,15.3798005777819,15.0363855100183,15.0936257614129,15.9280966054908,15.4018056594328,15.7544754891997,15.8730324784844,15.6273052841042,16.0436775291787,15.8888393368878,15.5129670390343,15.9275928763262,15.3000152000289,15.1771876368723,15.5083322710219,15.4685369873866,15.7880026621385,15.5095238087564,15.5218043180955,15.1946417436683,15.3890685905434,15.5816615682664,14.9524906379253,15.0213735069624,14.9643966839517
O61231,autosomes,16.2310667573091,16.0002476070676,16.5651178037717,16.0339453759019,16.0694740273582,15.7555898461732,16.2591609557023,15.9777399874435,16.2445512320241,16.5093025950628,16.2491285390968,16.2951627741839,15.9959563151421,16.2994493044935,15.5937386429205,15.7447130958764,15.4411188490809,15.3579873915295,15.7387154345569,14.3092272837506,15.6574927835242,15.3876783709199,15.3835486890439,15.0760827167111,15.5652365211595,15.0651172593448,15.1023132177209,15.594708482712,15.4011207615711,15.2336292052139,15.0608990044355,15.2947040404276,15.8485922520365,16.3311779041041,15.7088795966735,15.7857802188025
O61444,autosomes,14.0655158542797,13.3890892838452,14.4070296390326,14.168938659661,14.0659239059549,14.3161124946158,14.872552065442,14.7572585727786,15.2616109271584,15.1324851624684,14.8548435995539,14.7889788941838,14.6336534715224,14.7086540856132,14.726414281197,14.6424383924357,14.9216928877688,14.9420321822856,14.7349309562307,11.6869775586393,14.9566141088415,14.3424903984806,14.4117101523083,14.906091249759,14.9723859068019,14.6928417561699,14.5520056536798,14.9442914342733,14.8057815549628,14.8046111712819,15.7601044257496,15.2494694054973,14.1293826931658,14.6570045043776,14.4717344101292,14.3109146452451
O61491,autosomes,16.1184945135403,16.2455886492516,16.5777303382246,16.6760946569394,16.3189208150377,16.6606628247935,16.1198753019228,16.131364551781,15.9392891508236,16.1577484779762,15.8339885466121,16.4515597777623,15.9255090964272,15.3578930540544,15.8227650804879,15.3331652717046,15.3163225426886,15.4801329115026,15.6352875284243,15.6277076207197,15.9073186893472,15.7989030845327,15.2797041525627,15.2132304646677,15.2936864391577,15.31423072099,15.5617672199458,15.6932113832485,15.3191423803412,14.8427061263832,15.7189765236464,15.7734957460669,15.5920866498978,16.4897594767638,15.7142309555201,15.3282261857963
O61650,autosomes,18.2622957844087,17.9335677935471,18.0810102416143,18.1287271838763,18.1348609880389,18.034375989243,18.154889522615,18.1742277674982,18.3010830413061,18.5080176828905,18.255492537302,17.9153458459718,18.4441972723002,18.3621262986435,18.1218462434152,18.114021075419,18.2169007397633,18.2382566672931,17.9882338524402,18.2315728480074,18.045655196571,18.1173583252836,18.2290577464814,18.0671258651506,17.8936987039463,17.684411830524,18.1886610702863,18.1228291370939,17.9974748785351,18.1661497276042,18.2902834288633,18.1165355934481,18.3669331582353,18.1356327229299,18.397973071893,18.4798154099996
O61722,autosomes,17.0444237798715,17.1601170024463,17.2737087712477,17.1469709844502,16.7038524072756,16.9868251121402,16.9792985512688,17.1528550108178,17.2331300699541,17.5135083501554,16.9799388613084,17.4740428892432,16.7708355996848,16.8582861462623,16.2961422011415,16.9615986653109,16.7910750360803,16.6959045566075,17.0748666096055,16.1214123336901,16.9445272532389,17.2054367781975,16.4696030173643,16.8056005234052,17.0314915430294,16.7857285719855,16.7473809783016,16.9198727538053,17.1027216610035,16.813572097558,17.4986290922402,16.9424877453602,16.8663235721891,17.367591548466,17.2205347668877,16.8096801817942
O62619,autosomes,21.1026460786063,21.157008399191,20.8507902882343,20.6014866694847,19.890805502756,19.6169794954604,20.7264872456595,20.1573597176222,20.2796836527957,20.0929834438089,19.6840721851082,21.0549440523005,20.2178662791584,20.3689159870993,19.3443447589828,19.7102776032387,19.6032011881834,19.5220354864674,19.7160092642637,19.9783971973879,20.1207928779195,20.255107171649,19.8984308251467,19.4411407462328,19.6089064607364,19.592788597958,19.3393746234527,19.870091165086,19.637564521856,19.5177978469666,19.9712265969379,19.8397653515529,20.0437604028147,20.3840723282737,20.1474457369897,20.0709743407253
O76454,autosomes,17.1817651745011,17.0201660729294,17.4258960875569,17.1809854564784,17.4157762788676,18.0211727240539,17.1326825990699,17.9204587296887,17.6998745355507,17.8039230692467,18.0500904637418,17.2592387684599,18.3464829838116,18.0621938827457,18.3757920629544,17.8780244837844,18.3713133384975,18.3664219681053,17.967700934546,18.6061464753939,18.1015417056936,18.4018842723017,18.366697074308,18.4585589118044,18.1935630259133,18.2140748402017,18.6699824203651,18.0338901279905,18.2650099272432,18.4305925575798,18.3420182861863,18.4066661032596,18.4982196990233,18.2626264673214,18.5359311169908,18.4643412955959
O76877,chrX,15.1652869188464,15.2681807237782,15.5511936851433,15.585067682853,15.8687591652982,15.291345891849,15.8065751970686,15.7551470174084,15.9646033809916,16.1432285229086,15.669129815508,15.3300148441889,15.8851549899056,15.9531055619261,16.0221154489155,16.2268021972479,16.0421947600812,15.9399603477831,15.7324955430333,15.7227310422164,15.4385186764773,15.6729964526171,15.7035505700187,16.3171456927962,16.2761481501143,16.2992000315043,16.2312466379193,15.7610871259595,15.926386948354,15.7444079069448,16.0433684798729,15.8620736557854,15.7218871979736,15.5075964639262,15.7713451578212,15.7263894611861
O77134,autosomes,15.5557005142612,15.810898736029,16.1909017768473,15.8391761239974,16.4788367778136,16.4614965468042,16.0895196662623,15.8423208860899,16.0566212782387,16.15685957122,16.1545227167537,15.7005644946259,16.6196140440082,16.5832155753487,17.5815892299071,16.8270651783811,17.6742027027545,17.3674926391721,17.4664551801167,18.227819835401,17.4510008625163,17.247980347993,18.0088893255115,17.3949894367309,17.3701131101292,17.4706418958949,17.254263972611,17.1226986153492,16.8447244973593,17.1637803036607,17.2263042827602,17.3076483161439,17.290158626795,16.8787155578641,16.8869713500979,16.3865093374787
O77430,chrX,16.9211168968481,16.5407345358667,17.0418284418933,16.8937459637396,16.8058065366058,17.0487603710876,17.2454977077871,17.1690191266783,17.3937799136171,17.7706678831867,17.4075734919685,17.2212052263423,17.5161067936335,17.4708178640116,17.2157665807061,17.2531025241683,17.3107715252073,17.1996214879175,17.3190946829195,15.8897034523933,17.2131976172258,17.1888236831109,16.9644610359887,17.311729116146,17.2557582849962,17.3549870212313,17.2014288352628,17.2718611846943,17.4390939241382,17.3015911834055,17.7859632969839,17.4163969807747,17.2666866984925,17.3869683554571,17.4786494327216,17.6374162434642
O77458,autosomes,19.8455948338751,19.6705447105314,19.7536899631924,19.8358206583645,19.7954584565979,19.4601639188729,19.9665229725189,19.808498495464,19.9273195012186,19.8526014219077,19.7023032948723,19.7942672374358,20.0813592861645,20.1192793291141,19.5729257936817,19.8971285476268,19.6013778673526,19.6327913490962,19.5939875907412,20.6085976844416,19.9414043451433,19.9566312023811,20.1286188577743,19.4955745115725,19.3515702124619,19.2940798338857,19.2268728236648,19.6782696857429,19.4695812028566,19.5590045872456,19.749637394561,19.8038526505123,20.2448239911926,20.3700069176792,20.2727281960847,20.4255066113609
O77466,autosomes,17.6139690548092,18.2079344657128,18.340627905849,18.5345264495322,18.422511153236,18.1283498343774,18.4171736747205,18.4587987203705,18.1501454683987,18.1170161948624,17.971487068143,18.5156513523436,17.8827701613883,18.3482395391174,17.2998078470464,17.5496787337621,17.4350095347887,17.5146425469643,17.3361799872427,17.9585594454984,17.7303439019692,17.9560843777908,17.6888477050281,17.4294052872458,17.4203944977086,17.6649824347369,17.2693033542017,17.5980194869401,17.5334873866029,17.646484511673,18.0211969766444,17.7693611621758,18.2604152434746,18.525884146619,18.2817978215964,18.178778074416
O77727,autosomes,13.0503775359496,11.1767868909048,12.1828338146985,14.5616560512279,12.1017666240464,4.22480474212415,4.22480474212415,4.22480474212415,4.22480474212415,4.22480474212415,4.22480474212415,4.22480474212415,4.22480474212415,4.22480474212415,11.897864211798,8.62381484013139,11.2300610786658,11.2415534518823,4.22480474212415,4.22480474212415,4.22480474212415,4.22480474212415,4.22480474212415,10.9774782351284,10.92506236869,10.4119101073365,4.22480474212415,4.22480474212415,4.22480474212415,4.22480474212415,11.059821140512,8.06004122934771,11.1824518672297,7.80821902512422,11.0022972563181,11.4298858892594
O96046,autosomes,17.7739926276269,18.0022849487398,17.6352709007999,17.5558335146181,18.2125987480581,17.8848710382963,17.6746637459096,17.770828269488,17.8199424173358,17.8500113725724,17.7815404519434,17.2539613167338,17.6703969996959,17.421353473557,17.6548062449085,17.6405144220877,17.7294586921156,17.5595766548433,17.6146097996099,14.954127749232,17.6988096036648,17.5499023547773,17.3740745461879,17.0875605763323,17.2263883590217,17.352596166792,17.4158978363777,17.7003883312348,17.6384058200804,17.8319338566137,17.3079844767609,17.5683144952796,17.4365448522523,17.0181368654406,17.2552205259395,17.0722834278892
O96827,autosomes,19.0466939222317,18.7715157984701,18.831740762649,18.8422969702387,18.9008495610363,18.96095824374,18.9566564186125,18.9124413569341,19.0410875560617,19.0054438695201,19.0346859414015,18.7426859132313,19.3016023407324,19.1221936727206,19.2379268750093,19.1028530378088,19.0372579494958,19.1185720377732,19.0609417835812,19.0040097898862,19.1079816852715,19.0298561849883,19.1528000918173,19.1386474413619,18.9570009906065,18.9909567639476,19.3454123819481,18.9900867350169,19.0693700070238,19.1673755259181,19.0229542345978,19.0177422602205,19.2167634040319,19.0677687580771,19.2736349380392,19.3043283070205
O97064,autosomes,15.8841707801208,16.0195570079909,15.8490723740651,15.5376148947364,16.6449286218777,15.9749106324729,15.6396861022112,16.090107305222,15.9654834677483,15.8951668373748,15.7931475650161,15.5321262909377,15.7824608777874,16.010066830453,16.0950269805477,15.7462578028115,15.8825259395295,15.9227699720537,16.0961514722404,15.3031221457676,16.0320011454728,15.8553513245621,15.6217599911408,15.9650046303903,16.1893656336471,16.3371096375125,15.9567148583994,16.1849876854476,16.8872243688655,16.118009610986,16.1240420003955,16.1655922251215,15.7222496494785,15.2411907903589,15.869940524644,15.3981784730913
O97102,autosomes,19.1688006135081,19.1274669345906,18.8869940251955,18.8379806391358,18.9656109993631,18.8233123020212,18.5379649851891,18.6790958743842,18.7928438455569,18.691657967093,18.8115576272338,18.335736387651,18.8172509172129,18.7667897447309,18.7250198411242,18.7946123756847,18.6585764307105,18.6179527084376,18.5102807746959,19.3271755141709,18.703610024553,18.5391286020232,18.8378118941947,18.5256221710222,18.4185040617969,18.3965190948061,18.6967039644173,18.5628598023924,18.6206237695606,18.487665898623,18.4536663762271,18.3372403062446,18.6872400705711,18.5542730067574,18.6240254129826,18.7081279653517
O97121,autosomes,13.0659672539697,13.2911998983274,12.8548854582263,13.48748116831,12.8453946520514,12.3054111617666,13.0322084035202,13.2540284253242,13.1449288928165,13.2730902179878,12.849176585251,13.6282199338813,13.1763857479101,13.5036110176114,12.976908160033,12.4302336453333,12.1532223176216,12.7045396074854,12.8112846844759,13.506246991167,13.1167954152362,12.9912416881417,13.0353629037711,13.1128866501074,12.5750823652353,12.5069143377244,12.7923557042466,12.9626547887146,12.8548729834175,12.7060079568184,13.4938757582351,13.2113129649269,13.1116330556728,13.4470053984223,13.3605715093761,13.7582194710857
O97125,autosomes,13.8613187799383,13.3067973133905,14.5846154781883,14.003245160142,12.9785195590536,13.4992492209937,14.51061080622,14.4711368741533,14.4046216733433,14.4702198824047,14.1298584187444,14.016467038608,13.3074604062647,13.8951715637443,14.512561411569,14.586073863724,14.8703938154403,14.7611298187351,15.2006618953172,12.69965443493,14.8491126536711,14.8624803814294,14.3045043136248,14.3338839906885,14.1764349974641,13.9812379377813,14.3053692800269,14.860299298688,14.8894264538346,14.6204788485695,14.9179870696306,14.8834828048721,14.2847948893584,14.4003276884836,14.4677347496525,14.1579712816722
O97365,autosomes,14.4927526455192,15.0629596113309,14.5783828134272,14.5475647818785,14.592124306084,14.5934739625489,14.181673623857,14.5677573809977,14.5159408054888,14.9541140626092,14.7888402612526,13.9894400932755,14.7662777118693,15.3357784894546,14.4532749950529,13.9406964627662,14.1583922944578,14.1965733271532,13.1314784868372,12.9478192126512,13.7496156852372,13.3817726318448,13.6196337227598,13.9662296186714,14.5763559643039,14.6632643709155,14.2879149383823,13.5061171716978,13.6709805720359,14.3361828510037,14.1008750088352,13.6903503225354,13.9534522386047,13.830296331553,13.7208623750816,13.6270684874468
O97418,autosomes,16.6556818831686,16.5621228416722,16.8487861959292,16.7300368644792,17.1908054057257,16.7625670508815,16.8126601755674,16.5742967468841,16.9741777941534,16.8633557718354,16.9178970824424,16.5767761983817,17.0442189085162,16.9957634699615,17.0774593187825,16.7050820201011,17.0347110785616,17.0350710459037,16.7975124660519,17.144484775855,16.9004898024809,16.8065676652489,17.1292326655226,16.7665911511737,16.740231373186,16.7308595374236,17.0348879677433,16.8837214679429,16.8317522708705,17.1397084297092,16.7993346936362,16.794864227093,17.3488778549784,16.7934061765825,17.1463851774039,17.1024932074753
O97468,autosomes,13.9336491342088,13.6622578599214,14.1906750293088,13.7753424334447,13.9264707488472,14.058041112602,13.9079563347068,14.1843537836694,14.2946966758551,13.8384756705917,13.9796400199494,14.0494241777033,13.7809616627597,13.7703849977027,13.9289349977476,13.5719885627553,13.4818635501244,13.8601522725905,13.3755821286963,12.6527430375203,13.9235529919136,13.4567097964261,13.4803470257767,13.2950394434204,13.6567666590209,13.2704573517929,13.7584164464659,13.928924919397,13.6956850018406,13.4369356747158,14.1821224020533,13.954181943558,14.2246433748819,13.2439959634573,14.0691247206512,14.0130005885787
P00334,autosomes,16.2329970927791,15.9970095535991,16.4247019314152,16.0566170410805,16.1512671810275,16.2596506190959,16.4339242321557,16.4108081278283,16.1829483946061,16.5277135123919,16.2874816703124,16.4871105219496,16.9043401439465,17.8766500522384,17.3482550731169,16.7961164529488,17.5976772973239,17.1367179829,17.566869828946,17.8295112491884,17.550757890757,17.7316840900138,17.8422412543363,17.6427341644914,16.8838983953598,17.5883139004502,16.7623270468382,17.8485723168305,16.875251198432,16.9250937426563,17.7454522004385,17.8330428814919,17.3241842376635,17.4812459500904,17.3607701434869,16.7470381269077
P00761_I20V,autosomes,20.9853343896124,20.7374394982727,21.143375258052,20.8466055648456,21.1787584742368,21.3294617167332,21.0707199574272,21.0409731615734,21.1930159985029,21.0746939079049,21.313629047872,20.6848759859948,20.8963769785291,20.9218994431592,21.3187672678147,21.6999353858733,21.6424979852402,21.5752454243106,21.574611856479,19.6096547234155,21.5867919804998,21.1847682572672,21.0476291173659,21.1826720326357,21.6672920028701,21.4309662617798,21.3108930564511,21.94662104917,21.6612408197141,21.5109825467142,21.7057507916142,21.8156462084304,20.7733626256567,20.3063004542422,20.714567005825,20.5402377639066
P02299,autosomes,14.8142895753801,15.5466753801431,15.4678699822417,15.4076280298908,15.173068315924,15.1539840244637,15.6146206149478,15.9570612426423,15.8373791380132,15.8516856728486,15.7369195683129,15.9926163557023,14.9076104741457,15.5492975439147,16.258328280083,16.5094395812355,16.0177330390305,15.8765384934597,16.4354354471081,15.2286102471313,16.2741703689751,16.4349347830586,16.0822356836004,16.2466641597836,16.2238014483095,15.978508121891,16.1729052347085,16.1529556530296,16.2900431398669,16.2240036708481,16.41819174607,16.2611920471456,15.8222016075741,15.5559514082724,16.4754374800019,15.7232168673589
P02515,autosomes,18.4059698018165,18.3339217766677,18.6375468336314,17.6775877399318,18.1283763842171,17.9573847436062,17.8608315906917,17.6992042189309,17.8312634276176,17.6252876076387,17.7383559493304,17.0113666222727,17.6394371670952,17.3949908708242,18.1662706835324,17.7203209994045,17.722732982881,17.4856942971825,18.3979357753867,17.9747224890952,17.9970190774169,17.671808489232,18.3572202017078,17.4722660132815,18.1682097809044,17.4382323587579,18.146158380891,18.1196466668646,17.9576488383225,17.5554412841563,17.7103096649832,17.5270036494852,17.8448775464719,17.1218049098503,17.4654816575079,17.2524151972896
P02516,autosomes,20.2750034890809,20.1544840140038,20.2141975564669,20.0893225821085,19.7601300782754,19.7726638036115,20.2544700817932,19.9416137255089,20.113755164676,20.2262436731616,20.0990679247923,19.7456362490938,20.6006553179237,20.5739476921986,20.2973649758081,20.0798470896601,20.2495949733498,20.2264279634032,20.1553251497802,20.5102765140861,20.2609345459777,20.1089308526302,20.4092026745783,20.0676033851077,20.1770704516806,19.9825062702822,20.2766501911065,20.1466959119734,20.1264855616968,20.327502143727,20.2588079076882,20.2324136249654,20.5391588676131,19.9396269824889,20.4344781171428,20.6735301088211
P02517,autosomes,19.2194244430586,19.0941165468427,19.419167667071,19.0916796143598,19.1116550150437,19.1446599393495,19.3021393824292,19.0852004621735,19.2855685494846,19.3256411368785,19.4630324272054,18.6859460851173,19.3321350669238,19.1807903900945,19.2785141645193,19.2354696667067,19.1997170103998,19.0631446960904,19.2113013314733,18.7891842437064,19.123733139684,18.8563976512489,19.1672156167136,18.9492729702926,19.2116868776961,18.8921192502547,19.120343155949,19.3539950088805,19.1356274753045,19.1885575235944,19.4714468436156,19.2793547690045,19.217715965842,18.6790077379527,19.2117364980291,19.1900565537271
P02518,autosomes,18.399535137168,18.5343545674422,18.4853300946463,18.3548389591527,18.1572306187921,18.2334356924376,18.1837186664189,18.164601490407,18.2784223744268,18.2609989342415,18.4934426612824,17.914537941462,18.5356852988076,18.4388261996181,18.5923657699525,18.4157461291242,18.1824721789337,18.114820966525,18.466193281306,18.1711308018993,18.1349537966018,18.0867919274124,18.2990128757067,18.0940947975257,18.3859398892242,18.212989942421,18.3299907962968,18.1703060902978,18.3350638060419,18.5091125710816,18.2654030606203,18.2315040935006,18.3290023325675,17.94744902916,18.2173641493782,18.4521910497463
P02533_A94T,autosomes,14.3167446065522,12.5475747375637,13.2872845007804,15.5926639866193,13.2862106032265,13.1227301861926,13.0258028505784,13.1041863517086,13.3158431817766,13.2930755173699,13.8190930573162,12.9556151199824,13.479193860163,12.8543105518764,13.0378037159929,11.6606075917496,12.6203524174571,13.0625723677328,13.2627135585787,8.7754962208852,13.0983034254896,13.1568643295539,13.316566511818,13.3791639484131,12.8681153218727,12.8455418167412,13.1318781030137,13.188784698439,13.7916009366002,13.0577682259037,12.8340845966679,12.9271844748129,12.5668238934574,11.962085887101,12.4499892952145,12.6167151098175
P02572,autosomes,20.1668389744271,20.3160014819884,20.2084015605539,19.9604871462502,19.2959098514795,19.4130509630281,20.1757709023426,19.6897869783577,19.8150006596167,19.9464876451071,19.5144433652358,20.3388403738339,19.8927314095172,20.1983135467938,19.528526174513,19.4426149829648,19.6049602266632,19.6215964477667,19.8095516320213,18.9497424979448,19.9813366775058,19.9783900020369,19.5531915066743,19.2710903918011,19.3494045383092,19.4833525005029,19.3841263373792,20.0521388894381,19.597278010429,19.6948960827429,19.9480242720037,19.9014832406487,19.7507601238331,20.4499634949965,20.0425681722148,19.94715821674
P02768_R23C,autosomes,19.3719095994696,19.3485411719082,19.9111600069133,19.4413088598502,19.6037591479916,19.4857442578669,19.9141769326249,19.9250786072194,20.1728950533312,21.3075125523624,19.9113844998564,19.4872850606576,19.5976584050255,19.7243064397994,19.7493696291095,20.3656030450406,20.0277326060114,19.9276380315869,20.0122325122015,17.5845853574933,20.0475367468845,19.7944475932953,19.6795993704663,19.7405656230035,20.2585764741858,19.8277510077836,19.5479161052808,20.1798675004426,20.1160968070728,19.8933267308874,20.8623224255308,20.6212761939618,19.5071873711126,18.8443777113704,19.5331552579081,19.4336885645963
P02788_A29T,autosomes,4.22480474212415,4.22480474212415,4.22480474212415,4.22480474212415,4.22480474212415,17.9131998346107,18.2222220822163,18.214043038561,18.5830247807383,21.3399781973721,18.452434540376,17.8124965906628,18.0218370920719,18.2115168484218,4.22480474212415,4.22480474212415,4.22480474212415,4.22480474212415,18.3583383862224,15.5323923613742,18.2062583960426,18.001532879116,17.7149905646023,4.22480474212415,4.22480474212415,4.22480474212415,18.0132425967489,18.7439973173635,18.5164049690549,18.5081643520773,4.22480474212415,4.22480474212415,4.22480474212415,4.22480474212415,4.22480474212415,4.22480474212415
P02828,autosomes,21.6351491646759,21.1878117393965,21.584631598467,21.5520934445227,21.6122932205902,21.7295372344649,21.7052405534877,21.7024132301117,21.7952660557329,21.8074559453629,21.8584894734366,21.6697281938042,21.6405676945851,21.7107803380085,21.0818867272186,21.1174902351698,21.2258896496689,21.24125457373,21.3892856483888,19.6466595335974,21.4151697728851,21.3187800416695,21.0295301981336,20.8742682613598,20.9662128603633,21.0045199267524,21.0745233806104,21.3929870991109,21.3519532667186,21.1829979155665,21.5153251130148,21.3899036718627,21.7430376290902,21.8797975651294,21.8910445967835,21.9456050250719
P02843,autosomes,17.3888288587321,17.9908215683441,17.1032961494398,16.9657351871544,16.8704139458448,17.7488723236465,17.2145204775971,17.4579728573311,17.2753843436797,17.8090006332239,17.6249145315671,17.1590370046195,17.5112217552212,17.5565937095982,17.3169797610734,17.3782079666737,17.3116602440453,17.931784463113,17.64059474102,16.305546217722,17.2931471229886,17.8541223517773,17.2408484005659,17.7229519418044,17.4867613568984,18.196874010394,17.085419490895,18.0348106710301,17.2763563588291,17.5668927305837,17.4661032517771,17.5107506123455,17.3576446156808,17.6201992513404,17.3174329833553,17.189620585187
P04259_N21S,autosomes,15.4444122620728,13.5481077245445,15.2735592616784,16.3919855725583,15.7309571794688,14.269568669751,14.6233834807764,14.9130387289944,15.2467010414775,16.0172779514805,16.756790074697,14.2458267606475,14.8019839096503,14.3393890021851,14.9145504646227,14.9537577949522,15.1929938427087,14.8682207661327,15.2718566237184,13.3460069897723,14.7499214239989,14.5298712946538,14.7481448009293,13.7912290544542,14.7037081689144,14.4587402434892,14.6725327874353,15.5133860966231,14.6319280486608,14.5704659682121,15.4515509766659,14.7924132064257,14.5920535225455,13.8324168522507,14.2203077438119,14.6373016481962
P04264_V155D,autosomes,21.5553501083001,19.7111360473034,20.7508063848182,21.8087178723392,20.7245536962314,20.2853189506027,20.1814150609614,20.7676905617818,20.9974357621869,20.7609166844816,21.5172705938483,19.642190277246,20.6068581557718,20.0303853045939,20.4995214024515,20.5443799725582,20.6879965496179,20.2675770828944,20.8034443863589,18.7651819423631,20.2534553570704,19.8630861936032,19.7358258896342,19.6093329748635,20.2015379946503,19.7282973552838,19.9725715197279,21.1706161798844,20.2750171414539,20.1059875777178,20.481956498608,20.1274333278467,19.9496475188732,19.4001702050847,19.9075725934253,20.1193997205476
P05205,autosomes,16.7520407114207,16.9680686283676,16.806657146657,16.687727045476,17.2503483032,16.8994134821797,16.8741696900562,16.716096410079,16.7090464019461,16.7808999935578,16.9699364300301,16.9094417307544,16.4309455299364,16.5112465018007,16.4387575042956,16.4548289535943,16.1765021803116,16.5624114914114,16.2730914077649,14.7383044677571,16.1851103169689,16.2154759700422,15.8219269751809,15.5905479641002,16.3071295118446,16.21071885344,16.6534686658904,16.219850638601,16.3724147514137,16.310644812447,16.300359575525,16.2923695449303,16.185108705186,16.5403508388041,16.0793133619888,15.8603471336016
P05303,autosomes,15.6124647914677,14.8360287693575,15.7403379621187,16.2298096507967,15.1084982819278,15.2751848738846,16.5350996657147,15.8477480555322,15.6382570696015,15.7675071706633,15.4125269614423,16.9866967805515,15.3079998872302,15.6339629116958,14.0220053088156,14.9927406071156,14.9575463919002,14.9614309514851,15.2021390996504,15.4750968283399,15.5362447793102,15.4854026530654,15.2365654774,15.1858349929048,14.8840968209805,14.9764370436217,14.7297240325241,14.8379209060825,14.7006776014719,14.5687853373632,15.2957197947604,15.2087928840138,15.8673513576181,16.7700782265504,16.5007596813121,16.1844450289358
P05389,autosomes,18.852651148305,19.3755391644579,18.4850165858724,18.6464252158789,18.9365936736752,19.1528615443578,18.597424786313,18.7242228166347,18.7484203250707,18.6836177620192,19.0643562260634,18.4826765324545,18.8051989700275,18.7108990584045,19.0634257703793,18.7872143638914,18.8431410914174,18.6114870143018,19.2703502149763,17.3628204120042,18.7582687250206,18.3913866096962,18.4743574420137,19.2290670718439,19.2175791401551,19.2423339691482,18.6980317478973,18.9622848463488,19.0946408121299,19.1594805813484,18.6761041543293,18.7831919283488,17.9561893684508,18.0516768206561,18.233635190868,18.2475236281997
P06603,autosomes,20.9477988971755,19.6811200192034,20.4734926029634,20.8121271712078,19.9779390331026,19.7629552057279,20.9601197015491,20.3361139110475,20.4771867177207,20.2860635766398,19.9410548914668,21.0535079354448,19.740760640694,19.9085864819836,19.3447455001014,19.6224269446966,19.6072600000591,19.5841745845519,19.9343234885687,18.7163689322006,20.2125500126707,20.2758574076056,19.7440665679806,19.2469666616655,19.4299145937418,19.4549871041329,19.3549788644007,19.9203939732477,19.7051396098538,19.6009080884336,20.1033220681323,20.0712053814634,20.3179569612236,20.7943662208312,20.4361419543346,20.1723602257018
P06754,autosomes,17.6272973821614,16.6100556172414,16.9672532116871,16.4366772719164,16.5827501564354,17.3730455863645,16.704022808622,17.2102787495386,16.8054354660188,17.0852870607244,16.9075456529064,16.6498458533801,17.8646374640824,17.1294235417889,17.3719853948082,18.0099005338715,17.3891000155591,17.6114365625316,17.2001512939516,13.5850926360453,17.2178457947586,17.6239052799644,16.5097671460094,17.2290302471748,16.9699479240858,16.665560145681,17.8063489244604,16.9896002147229,17.2092287696823,16.9787649394217,16.6978949032661,17.0037412730079,16.6102829153992,16.5996271597536,16.7310081179444,16.282488796561
P07159,autosomes,15.0261614023332,15.3077168906651,15.4115655041901,15.3967170267702,15.2558880560145,15.5275748055853,15.1570933790892,15.6399015286496,15.5378525515813,15.7789174248738,15.4353703456729,15.3152411939484,15.95756220801,16.6106753174019,15.6942639880451,15.8497046307572,16.4806745676691,16.2160879581873,16.548392888205,16.1589045796797,16.4906480219623,16.162435677039,16.3717781910799,16.8647717405654,16.3342634748103,16.7163470655403,16.3043541761657,16.5257553292436,16.3180883830654,16.2930305220742,16.3573863735655,16.5067394822597,16.2981486640372,16.420063985151,16.3485990367422,16.0878915257972
P07486,autosomes,19.5814922179728,19.935977084265,19.6637232191656,19.6417757179035,19.4252162336043,19.6393413299218,19.1117902102907,19.9018414821177,19.558445285426,19.6095430398876,19.5352344077878,19.3354255653994,19.5175219479592,19.4269054002308,19.6072801490071,19.47230702932,19.315450241759,19.5649865292337,19.2896229173515,19.4875918747764,19.3304396145537,19.5110533321051,19.4215153088871,19.3772018582482,19.3530750865189,19.3017318865554,19.3050922658611,19.256227934376,19.5405359373993,19.303540338374,19.3643393482,19.3468050218893,19.4283636102686,19.0303672858967,19.4066329160712,19.380677972191
P07487,autosomes,20.408595159379,20.8562825965959,20.5808829901991,20.4496418428914,20.212278805962,20.4945359604221,20.0544496019288,20.7423759945843,20.370860033134,20.4945921410097,20.3133069145608,20.2029365909068,20.3944759072517,20.3722592827092,20.3728484439319,20.3425939800397,20.0956039425404,20.3885153738514,20.2263023732708,20.5252042796148,20.1753222067428,20.4362893780385,20.2976293824843,20.2302495432612,20.2512463852472,20.224546004774,20.3622257851344,20.0448738213799,20.3123953332339,20.0945386250347,20.1902991947032,20.2921017596433,20.3561813057571,20.1017450294759,20.2905149344054,20.2937378207351
P08144,autosomes,13.4063407547572,12.4604223141454,13.3013425436621,12.6416601928894,13.110757988091,14.0385870217375,12.92749399349,13.3364091400905,13.1618004320704,13.0963157214639,13.0484857098551,12.8292374069319,12.8522854819856,13.1641152493219,13.1019365867108,9.51281510676606,13.6759115771891,13.5203980571476,12.495278258186,9.89899594763992,13.1735558097249,13.3286343722847,12.2334135932983,13.0115898081992,11.9703153218714,12.4713694611866,12.6231465132327,13.2131634072866,13.0082852745021,11.603181362282,13.2533387278237,13.4624929171798,13.1767458028888,12.9750868480707,11.8634607104468,12.2230041698525
P08171,autosomes,13.6039529830768,14.7149306312628,14.0827487488234,13.9555618802672,15.2369768404634,13.993976837702,14.3917059921272,14.4781978988324,14.291599707892,14.2806641718949,13.8083638571162,13.7077189771592,13.4616416344096,14.0533321132281,15.0586106352379,14.3044289736,14.1509187729764,14.5683101456114,14.8000863730654,11.6696903009162,14.5033955847825,14.7601797690158,13.0082541728496,13.6306264163256,14.2344140041975,14.6148371980106,14.3340730141399,14.2485699677678,15.0220167006089,14.0680514133831,14.0360499311302,13.5367655141187,13.9051633046105,12.7170482198344,14.0098951520519,12.7807017396253
P08181,autosomes,15.6113902284384,15.5526415194498,15.9255815946157,15.8398760661106,15.8446643445108,15.8681892203142,15.7843147056749,15.8280257208296,15.8048398700983,16.0506722649379,15.7831276091037,15.710137209966,15.4297173859909,15.612798430167,15.2866299276303,15.3675805455965,15.2759525951344,15.2092253050796,15.6285196155767,14.7513766618405,15.4931723922126,15.4624863285528,15.102691502175,15.3062047570818,15.537355408919,15.415816246018,15.40404833654,15.4645762174796,15.3686196015789,15.3591367108819,15.7629444187868,15.6949420051113,15.3162239159486,15.8549685755795,15.6996477685118,15.6743782526873
P08570,autosomes,19.3762440874922,19.1538686752135,19.0668985921622,19.0025022345475,18.9701362816789,19.2863191574948,19.0312324643849,19.1929861483169,19.0588339042415,19.0775135127338,19.2150242892656,19.0444509589093,19.8190987844143,19.5070739792572,19.3842903750282,19.130077869431,19.1591941082735,19.3329962580042,19.1575666253604,19.434766310851,19.2114591049149,19.2570185575759,19.1981162060295,19.2936286825637,18.9580778082911,18.900613081536,19.30417205809,18.8946258008776,18.8741283241776,19.1252623163142,18.8997524989085,19.0924951552033,19.4985294507609,19.3542196207591,19.5195103020981,19.6594776710825
P08645,autosomes,17.2715909302549,16.8321267767278,17.308521990406,17.4659469828176,16.6204047154079,16.5349883168275,17.105241563801,16.910493617806,17.0900175472213,17.0159473085011,16.8945405795125,17.2420863767389,16.8515053468932,17.0521652633683,16.1704774071137,16.5137190258585,16.475093867345,16.5277137062908,17.1082607089625,14.5372484343161,17.0148563398855,16.9489511080605,16.3395676470519,16.1331869438328,16.4744832430982,16.3615467123215,16.6736330966271,17.3210986869453,17.1685528476306,17.0137945650519,16.774604852188,17.1152193351962,16.7558460324247,17.4863385482326,17.137922590444,16.6072494469557
P08646,autosomes,4.22480474212415,4.22480474212415,4.22480474212415,4.22480474212415,4.22480474212415,15.0000173687804,15.9479038045816,15.5844712911463,15.5946049983505,15.6452040796507,15.3935667398937,16.3634080105451,15.2752538210598,15.5716867078968,4.22480474212415,4.22480474212415,4.22480474212415,4.22480474212415,15.5534657536968,14.1026235750083,15.5226821742764,15.0446049868467,14.850334975345,4.22480474212415,4.22480474212415,4.22480474212415,14.8961800623927,15.6150214083354,15.6096730938485,15.3549307050055,4.22480474212415,4.22480474212415,4.22480474212415,4.22480474212415,4.22480474212415,4.22480474212415
P08736,autosomes,18.5932303771613,17.9009607555516,18.2252387207882,18.7438470382946,17.9812899354126,18.3043780232084,18.8428353664841,18.3215706793986,18.3282257905259,18.6138212683708,18.0851539472467,19.483901518216,18.3561743652001,18.6609810021866,17.8597668522887,17.7282010980019,17.8560964162308,18.2123147574003,18.0932366129528,18.2332455147819,18.3221358577832,18.4126271725826,17.9828559100932,18.0532710070133,17.7468620180199,17.9651814336177,17.4770705436769,17.636055425045,17.4117563191668,17.5547223512722,17.7753018132016,18.0891959802417,18.5767882248458,19.6692795170235,18.7942621384281,18.8388693614471
P08779,autosomes,15.0188645367506,13.7184041630085,14.804408450489,15.9233153923762,14.655461190864,13.7593607398675,13.9133598396592,14.1105388738451,14.2624180928671,15.3454546245186,15.9999904313585,14.1500272556866,13.6775111826888,13.1523685915619,14.4722872136231,13.5262792634359,14.346783254844,13.2816717730327,14.5331413304137,14.4778083323823,13.9534259794761,13.7261031424237,14.0074631181283,13.2791489600397,14.2162954035422,14.0523361311205,14.4350721055719,14.1331151614821,14.0623563086567,14.1972388258905,14.4196996215718,13.5998049364549,13.8594283929063,13.9394203777855,14.0750174436683,14.1533743556213
P08985,autosomes,17.0619625382347,17.7793158448191,17.550312440966,17.2997223786999,17.7794843661435,17.5658473438402,17.4897616799384,17.3456094186882,17.5965788656066,17.6525132935287,17.7634570761407,17.0582480718525,17.2672914741891,17.2217914163107,17.6428078943894,17.5400658357168,17.5851171070049,17.6301379582405,17.6665530547475,18.0253655705443,17.5509060577388,17.5288937435889,17.9727276335916,17.7941941399195,17.9312074931153,17.8176534733166,17.7466252464402,17.7113705348187,17.8225715722106,17.8319864984832,17.8439438106096,17.5368523510365,17.4612405685558,17.498972474507,17.433706836265,17.1715315187938
P09491,autosomes,17.0423768439424,15.4976927899962,16.0939067622723,15.4399030666065,14.7497224694497,16.0215616004027,14.6724491139209,16.4470164290081,14.8513479640631,15.617137874794,14.8056481401106,16.6398709330329,16.2546615801371,15.6328422509011,15.4166346065402,15.5679597580009,14.5683454097638,16.367004006119,16.3084535838433,12.9992961331174,14.8387894908863,16.9780212764574,15.8261379521532,15.3922709795568,14.9928084909528,14.2246064508477,14.8101535171807,15.159339918577,14.7951256864053,15.4453082573501,15.528055760231,15.3744312501831,15.5375797366162,14.6989022196754,14.5862511206389,16.8014058215462
P0DKM0,autosomes,16.5872918779707,16.4881958849701,16.5923226620488,16.4472337043872,16.9835199164694,17.0429019177393,16.9686678511979,16.8731015788501,17.0330639694698,16.9217042416866,16.9374876714268,16.5978874854833,17.8882181111514,17.7720063491738,17.9641852367992,17.5246010903978,18.1266237351998,17.9350051156436,18.0479142325643,17.9465006823268,17.9302720330571,17.697688025986,18.0269819903926,18.2001380227683,18.1052603598691,18.3611477523102,18.0825830695048,17.9373927848733,17.9259090901718,18.0106206680839,17.8664252477685,17.9362705021043,17.8577452342831,17.5712200808412,17.7622129338114,17.5259520324239
P10379,autosomes,18.9885270196343,18.4029494661205,18.4956197658876,18.749517773195,18.3954392133209,18.6284735209285,18.2370671710033,18.3487678523139,18.29587057127,18.2605292697131,18.2085217295095,18.289248438072,17.7069376929786,17.8956867858028,17.954836231967,17.748056474743,17.672026603667,17.7481007219803,18.3792609494812,15.6878736242824,18.0417195945451,17.9504723174575,17.3350313850834,17.3428869256407,18.2898698837087,18.465670980564,18.0240410973666,18.4231547466099,18.432078445917,18.0891680117436,18.0287535051456,17.7982515432721,17.528801560592,17.9285977560464,17.545564339218,17.5240071026733
P10552,autosomes,16.1612804059606,16.703202428041,16.5897872019713,16.2719346437675,16.7976846166314,16.5024634479178,16.4132675330201,16.238166328626,16.228927511322,16.3918016605451,16.4867096903967,15.5924225376824,16.4222786641266,16.3452638938024,16.4667177634193,16.2450527181846,16.5100027619645,16.1460229473657,16.3638444951691,16.8444651470643,16.2160522319261,15.9260171663401,16.2678311596887,16.4691042172165,16.5978842805139,16.6762001433478,16.4725450152572,16.4106839179739,16.1689064337714,16.3127815460377,16.2951540686025,16.2275937721932,16.1463688307591,15.784404230566,16.1528332504514,15.9593144327538
P11147,autosomes,21.1578438965359,20.5801038910457,20.9793704072459,21.1720060481835,20.8713246780438,20.6654847354213,21.3285420098332,21.0048959654948,21.1417720733029,21.0802351732785,20.8849360789031,21.1045984889991,21.0621127656228,21.2150622312633,20.4906581547331,20.6878530470616,20.6051157934345,20.7523714800404,20.5553560357155,20.8563615187695,20.8958746961727,20.9496304415143,20.8051189276448,20.3210739625033,20.2985589347981,20.2518511000807,20.3333701098761,20.71245997264,20.4768606865387,20.5535635243733,20.8141410129315,20.7975531257061,21.328579825592,21.356744796685,21.3427727752332,21.4370903702412
P12370,autosomes,17.0508901541507,16.3624542219405,17.2614412331985,17.3343111539696,16.6538383926412,16.5054071756406,17.6497307339156,16.8256692481719,16.9257958955711,17.1016694401535,16.8643913531695,18.2491841236534,16.6175645363783,16.9821833976314,16.3669887802039,16.5836316032566,16.2805985713388,16.4977861291156,17.0946703067582,16.1657504986642,17.0025162675602,16.8629167546743,16.4856409647204,16.5908576872589,16.4641239279549,16.6265621645448,16.4839593229437,16.651781111118,16.7914909433683,16.4493631355749,16.9156821818725,16.9096890475084,16.7731469106046,18.2978170126217,17.413941025919,16.9506280021937
P12881,autosomes,18.5906550762314,18.4233011836483,18.6351905241877,18.6063570230378,18.5466950928025,18.3606066339347,18.6588809531966,18.4635432811861,18.6209503014778,18.6248158976719,18.6671483993499,18.365335552953,18.7920403182728,18.9109396179077,18.4640095170706,18.330092696157,18.5460547326931,18.5488923016073,18.4329585715108,18.9755843038466,18.5611055937595,18.4554421599119,18.6738530688072,18.2849850889907,18.3688682161607,18.2151014306504,18.3227633766225,18.6062009064581,18.4130331068498,18.5174497640482,18.6624511389909,18.5105274480849,18.8251899014623,18.7223599548757,18.9137002469171,18.9018938358834
P13469,autosomes,14.5213534153613,14.1764906690041,14.7587354316979,14.5891226446409,14.243293604847,14.9560353511851,14.4033546629461,14.0912023447547,14.6537484360387,14.4860276738716,14.6937113227868,14.3847595779309,14.7578201439475,14.6976837922516,14.5059530739504,14.2246016027401,14.6414557514658,14.4350562425537,14.9750826204779,13.6537249882105,14.4804122463237,14.9034444461365,14.2664416418324,14.2638428180471,14.9242994307288,14.3927108971982,14.1316142624763,14.3519412920331,14.2280788662953,14.3636181042898,15.0021716057769,14.94623896423,14.2358457317562,14.4941262731358,13.8642405212877,14.3344706869498
P13645_G126S,autosomes,21.3554214730839,19.5101394292097,20.6082423651733,22.3816164986164,20.9081666161397,20.2494515648255,19.8256818767126,21.7495217667472,20.7264450355514,20.5860051831988,21.3762065759213,19.4657214526278,20.2888322088112,19.7728921118808,20.6068199566487,20.2604930371219,20.2450107732588,19.6648259015459,20.7815846461824,18.4984196856376,19.9047787989458,20.1711368140884,19.3008045698954,19.5773225253956,19.9469061010129,19.4215923663907,19.8562430409562,20.5360679932826,20.1928044554118,19.7439550902143,20.5835505829442,19.8156976401121,19.7093961751385,19.249041350084,19.6624349782355,19.710015708776
P14318,autosomes,15.4367209776883,14.7415395359919,15.2919075020244,14.6977012121381,15.2261726565552,15.8463127468063,15.0352314543897,15.5564739602808,15.37468272502,15.6221441273356,14.7345729662352,14.9827618531772,15.6548160261694,14.930276483754,15.3352369145173,15.4452904505665,15.4147010088826,15.8942464596926,15.5210782388571,15.0954678364406,15.548745569153,16.2356149528833,15.05889634831,15.3707861975106,15.515880429137,15.232104686169,15.2866441333508,15.589288138662,15.3891532788162,15.1698927198279,15.4484364693253,15.7373552101525,15.3592980299891,16.01140755534,15.5972118644949,15.0749471754602
P15357,autosomes,18.5362345502331,18.8430870813266,18.7076827193552,18.3737772765383,18.6872493940097,18.8467657811057,18.5737812762774,18.7740148267648,18.7809729021764,18.7816296820687,18.843781475184,18.5926004881998,18.8875737154351,19.0973559597296,18.7668076249445,18.7822464760214,18.6053169783179,18.5944402074852,18.9107124203621,18.034597772089,18.6313227312593,18.6895146631347,18.4971286848356,19.0785316742168,19.0905706163735,19.0096239601948,18.841157859905,18.7178612636296,18.8468975058276,18.6348696848451,18.7045281783867,18.7829322382792,18.5303943273153,18.8002309573029,18.6825743739346,18.7342996635951
P15364,autosomes,14.6931873388724,14.8816625299447,15.5531035462709,14.8348481314747,15.2320552322631,15.1486396946929,15.2330860123284,15.4786449026014,15.6618427887199,15.5295108395338,15.4375213590629,14.9103929857315,15.2900304950647,15.1289681906127,15.7577222191099,15.3336010007802,15.5249485175991,15.1793480206136,15.264686143455,14.7225896498712,15.2842889780032,15.148925498957,15.3223760407125,14.9672061496504,15.5494624806567,15.4014223255658,15.432291088843,15.4050590980331,15.6461540712895,15.6377817096496,15.5806126775199,15.2130702714526,15.0990781962526,15.0958644337963,14.9095378464494,14.5089085386716
P15636,autosomes,21.1172869983136,20.6884854177902,20.8654048317855,20.5560127256201,21.2335266488065,21.3052711938207,20.7053488320956,20.7116145026059,20.8785302566849,20.5762685050273,21.0958588505295,20.4118200990724,20.5839327554628,20.4759616246043,20.953523768885,21.200087659593,20.9473996731011,21.0013623404024,20.8829771949137,19.2579982722619,20.9886514172908,20.5529896309918,20.5122869786821,20.4680349995062,21.0889746618787,20.6153763580408,20.7506665278737,21.3364240523424,20.8768303688666,20.844909375667,20.6043851222523,21.0522780121676,20.4859673484345,19.8462028947209,20.0808820242944,20.0222797628233
P16378,autosomes,17.3997215993797,16.4061572841887,17.3266931181425,17.6083060336574,16.5566316099593,15.9399655878966,17.6373947491741,16.594967197038,16.6104099370533,16.5848580669566,15.911082672159,18.3130633362716,16.2866788892483,16.6948577541354,15.2303508688745,15.5566421764052,15.4489656295823,15.5202827256686,16.3576506243045,14.721509799598,16.4863366711689,16.597122182,15.6823018818433,15.409183852591,15.5265971785735,15.4215288679014,15.7605007640712,16.1908667504539,15.9092349462224,15.8429185589389,15.6910863480785,16.2959928998832,16.2017133233684,18.1078649500305,16.6571887064683,16.3255696018564
P16914,autosomes,17.9677989029294,18.2463115719143,18.4939723637598,18.480846999441,18.5824975973171,18.4135842042075,18.3664791765429,18.4706936603665,18.2963690826341,18.3533301782603,18.1892791741827,18.0578577663908,18.2950806396251,18.2894102515818,18.2679664878814,18.5264486037356,18.2399436292714,18.2438495810282,17.9049950131918,18.4695561113462,18.2290975883497,18.083003587387,18.233508041193,17.9932406471883,18.1119690910737,17.9662983888921,17.9447937466384,18.2632411888211,18.1691311898577,18.2917727575138,18.3714826149602,18.2834274916859,18.1883403161107,18.0744183085237,18.2670368167293,18.306860416199
P17133,autosomes,17.2356944134552,17.8306309029812,17.7355644722216,17.2947180116078,17.5400008239991,17.5672331796702,17.132978585752,17.5434989753651,17.2885948569487,17.3045893443143,17.6099840279551,16.9495080339467,17.3084177236197,17.3212377566795,17.194396387739,17.3987353899614,17.415506452004,17.3370600431905,17.4183382581194,15.9965975718291,17.0778539636317,17.233417037987,16.7066766721691,16.9555647127014,17.6654606110389,17.5766497218047,17.6872199913027,17.4926957461552,17.6677565885143,17.5186769151397,17.4533025067166,17.1935811197418,17.0892312083579,16.93276060401,16.8883007376863,16.9806153061074
P17210,autosomes,14.5149463450475,13.2566678599972,14.456855676092,15.1312074997545,14.2457702602907,14.3664782231937,15.0112036695516,14.2829443354239,14.5109373587682,14.7857382902177,14.1284198755988,15.2672472556246,14.5509389053402,14.2272863152913,13.2924992649901,13.5401929399409,13.8599132635182,13.6762304042926,13.7904493507461,12.5580644012147,14.0686305937918,14.0644969686176,13.4767392691016,14.0028163300874,13.4439460687484,12.6025074509397,13.7729097559187,13.9785793490481,13.4411902999336,13.8867399948814,13.8570485997429,13.8442140891506,14.6508504546489,15.1612268336823,14.7555012007549,14.9628156541699
P17271,autosomes,20.0176416647661,20.0602761189897,20.0995968282149,19.8490828805311,20.3112443950848,19.7994672490582,19.8239840307908,19.9217343166591,20.0202892063193,20.3636498531313,19.9706598325998,19.9650007560712,19.1720274559141,19.1859719598034,20.1862722848858,20.3452428515127,19.8922764314386,20.1369690375548,20.7435949292484,20.406996031531,20.1724219636586,20.0613668511925,20.3576132742542,19.9891560580364,20.6689653860638,20.032520371147,20.0969241729736,20.1548371008252,20.1711650510276,19.9807131558402,20.059729663259,20.0661594278284,19.7416461416231,19.6006684161874,19.7780026670164,19.4479559783951
P17336,autosomes,15.2487064242189,15.0385634495781,15.4769311344361,15.1971069779617,14.7669609960213,15.1353046367203,15.1847476961701,15.2622142696977,16.7983364607238,15.7307216775223,14.991650360523,15.3842420299855,14.4231992574508,14.9666307797881,15.7143316079074,14.982852590737,15.5060148913369,15.6263637312335,15.2951927731413,14.5928874950133,15.2592298349406,15.4560808536171,15.0741382760512,14.8622900362755,15.1581147339154,14.9177018966464,14.6518904218078,15.4974858541502,15.1391032407113,14.9096774560237,16.1721835235948,15.7908196703877,14.8021927033991,14.5748902664033,14.8238820862596,14.4047139821062
P17704,autosomes,18.274211575628,18.2511398783443,18.1779262117869,17.9501761325249,18.2028297556443,18.1037882867552,18.0571134214995,17.9611932158651,18.1837638085291,18.3662865376296,18.2877529034522,17.7515941868679,17.7223929734859,18.075880274231,18.4525329325308,18.275257645067,18.1760218466378,18.2533932466476,18.2420470417861,17.764501393455,18.1118542529853,17.9259802746258,18.2908916669234,17.8596540363831,18.1580108007849,17.8763648735052,17.8616831191208,18.2552060448682,18.0841885431163,17.9459689108303,18.3451362599094,18.2518712433024,17.7962867064716,17.3173602833087,17.6653499346341,17.5150478663591
P18053,autosomes,17.6524951267634,17.3528341919895,17.2639813649738,17.6812967241802,16.8698833720825,16.7016046931262,17.04795438448,16.812491086136,17.5091283993939,17.10353609425,17.3242471363335,16.4423323747058,17.2033623563536,16.5586622612988,16.446318249643,16.6453158904356,16.4313139877367,16.3920653259609,16.4740880450082,16.581850744159,16.4593505000777,16.3616601332077,16.7894289791576,16.3948015794231,16.1997243429606,16.0120011937406,16.2942126857679,17.0192881864188,16.352711698552,16.5194341360494,16.6344239814038,16.3924606193938,16.9100116311096,16.8070635514251,16.8674633736979,17.0098480562886
P18432,autosomes,21.6004750571576,21.4281671806733,20.7458533691158,20.3719227346146,20.3839539828794,21.0270189050449,20.0493953015081,21.1150316164072,20.1881400860115,20.5820114019738,20.1865339822956,20.727056301855,20.7789664155963,20.2246814831428,20.3523035044886,20.6168764333374,20.1658747203729,20.8361177182666,21.083934454268,18.8737476186956,20.2635684753665,21.2412713554483,20.454209131145,20.7387911727216,20.6304032822223,20.2064938863412,20.2325331698108,20.6225243495318,20.4002657532312,20.3976437435384,20.4960310035141,20.4831424441548,20.0103173393142,19.7461638322895,19.7747056694117,20.3842709344424
P18459,autosomes,15.0005078906318,14.142400393416,14.7496675411813,14.45466839547,13.8512159092793,13.1302375193719,14.1840666422381,14.5106817178024,14.2643783589685,14.2145758914152,14.6863203309634,14.4993521249707,14.4892356607461,13.4520108202074,13.7154626902708,14.0404424275593,13.8333558497792,13.8575546429907,14.1322120269208,13.8278000549049,14.2735275216247,14.4646737896998,13.8094191820321,13.547549567166,13.7148038802158,13.4115499770671,13.8684801168897,13.8854335086541,13.8644206936813,14.1596906369823,14.2176770764195,14.0746658238654,14.7327799501868,14.6405683724186,14.5489707785905,14.5259298931853
P19107,autosomes,15.3040524346605,14.4132524880123,15.2962974336709,15.284207311059,14.9455426822281,15.0056295928297,15.2431181294605,15.1055943964675,15.5464399424856,15.3480348555338,15.2120667805725,15.2849660855219,14.9692942880769,15.292768936008,14.7867354396899,15.2044760146172,14.9998818604519,14.2548156275042,15.4033855706938,13.6489857455876,15.1792397999736,15.0221477223228,14.6465689846699,14.5821323063255,15.0299485938557,15.027847600859,14.889031811511,15.3227168710647,15.2585494949083,15.1930005826382,15.5078367221554,15.6676162869945,15.2839296284338,15.3691567568087,15.6259720591328,14.9442846024448
P19889,autosomes,19.0654737316139,18.9497028972131,18.921734321061,18.9205767637967,18.9195325500937,18.8887433216642,18.9886949628486,18.8607751943146,18.9612928844104,19.103447961654,18.9433821351561,19.0024963565002,18.8977392944092,18.9599375283394,18.6203853113078,18.4684223891147,18.6239737041115,18.9203785477493,18.8925692030094,18.519172221123,18.8552420753806,18.8002665845184,18.7543766861594,18.5237471333243,18.5266483121476,18.6452566421783,18.5526972032691,18.7463940727217,18.4705727812894,18.6791404375219,18.7753416448299,18.7728998615105,19.093424391192,19.1415990852312,19.0247625509189,19.0700401765901
P20228,autosomes,19.642060329698,18.7674099128273,19.4549887257854,19.5740898093609,19.0211104887871,18.851800255139,19.9165968629255,19.3506082210221,19.2034217665191,19.204227738586,18.9578058385901,20.1374170948497,19.0560629872278,19.1267544861078,18.1759133871572,18.7424256632454,18.5539445551899,18.457895456971,18.7175161766348,18.6691389861576,19.0767295806392,19.190479670924,18.495209004168,18.3516086682762,18.446547726026,18.4894559299353,18.4511572995208,18.4937324349167,18.6768671274296,18.4748254540172,18.9927545687722,18.9122789434977,19.2109483633256,20.0742471054554,19.6640983119868,19.302353187279
P20432,autosomes,16.9599949660496,16.878407153837,17.1441487081539,17.2076271592627,17.5267588336387,17.5814452469819,17.4048751494124,17.6629972780509,17.8942632171441,17.8775661607355,17.3675097412963,17.4141780007633,17.8808514713101,17.7404609127159,17.7879442582504,17.9128307072089,17.9277928919888,17.923192355247,17.7544897021199,17.5406346301752,17.9938247647947,18.0399298165344,17.6335363908479,17.7968581494298,17.8364108371817,17.9486125221392,17.1454683406422,17.9217033842999,17.7652154905172,17.4632423327275,17.9672699076941,17.8959289858651,17.7439957537883,17.8897616746334,17.9108538051131,17.7846596797118
P20477,autosomes,18.4400855095125,17.7436849536662,17.9712997299989,18.1908872867272,17.7175045138435,17.7069667992952,18.3913307857709,18.2862226530566,18.0637138385929,18.4458463589215,18.0415722625858,18.684777108422,18.356757200902,18.5209105031466,17.8027004267476,18.1127742063416,17.8391031557813,18.1186675385447,17.7289610816445,18.5594680507634,17.9131635695779,18.4303118547072,18.2801478697209,17.7851780949692,17.6531551443644,17.7165004518653,17.704733582594,17.6916377074059,17.521053539373,17.6338230831262,18.2112399469851,18.2292328943328,18.7527920933544,18.5686774148477,18.6210646306614,18.6350452548752
P21187,autosomes,18.4372349928002,17.9087835121934,18.3753348952286,18.2319672933082,18.0143483034538,17.9990089431476,18.5935012638983,18.4171697589533,18.5192678374727,18.4579078088111,18.3617626278381,18.3499866353164,18.7182561202497,18.7609743985857,18.3947740871185,18.2057422831943,18.4362369501841,18.4789477316054,18.4209376205653,18.3941671060714,18.5536024980716,18.1848744889057,18.5901471227322,18.2392983035796,18.1632311498246,18.1518608364284,18.16564056951,18.4890661596332,18.2720910053909,18.2499634370822,18.6042386806746,18.4914991366033,18.7313631840682,18.560952697112,18.77127199173,18.8045194324595
P21521,autosomes,18.3709021378249,17.6273087262801,18.953247420855,18.8934971904985,18.0486486611487,17.9380457488775,19.0189088352704,18.3218121389797,18.5011792190243,18.5122276312634,18.1775861698421,19.5161701905586,18.3825206553499,18.5370316745369,17.7959212556341,18.0872788064686,17.8716304567339,17.7414098436458,18.202045788341,16.3156406401087,17.9713128567425,18.3031090824754,17.3159116596417,17.3615313999262,18.0432002630718,18.1140347108736,17.8233226154974,18.3037037903325,18.1999088510577,17.871336693774,18.1049226540642,17.8493976027801,18.2437240879594,19.4524185951778,18.3464790308443,18.2576884039262
P21914,autosomes,18.4575012426059,17.9602012495915,17.994644848484,18.1748666489215,17.8254076848232,17.4936431853693,18.0773118035545,17.7388012971836,17.8429921635257,17.8062625530331,17.5436645478215,18.0096954929572,17.7182648814694,17.7259409987871,17.4282643925368,17.6321452461236,17.4292083484645,17.3952572931215,17.2168628721896,18.6057161953529,17.6739839229174,17.7545758913226,18.2129405710301,17.3852226364353,17.3887443886521,17.2368509929911,17.3418003618883,17.2622597276039,17.167334478395,17.2686149648734,17.3325062178004,17.4266356522232,18.0146423592708,17.9478181692559,17.9068582120485,17.8819661709992
P22058,autosomes,17.5263069696721,17.4888567937832,17.4031107616231,17.3283392932137,17.6591475661189,17.397198439607,16.8143856833897,17.1156187969372,17.0172075234759,16.8601617177518,17.1920247011637,16.237222002731,17.2050251377658,17.0625813432681,17.0140945457737,16.8774523336846,16.6658814006664,16.7033014644489,16.8487452014095,15.5730030201385,16.5878242171266,16.6827898514977,16.2488973655936,16.6483660625315,17.4348325405826,17.627877497385,17.3518756864117,17.098814741412,17.5272290643426,17.052939682983,16.3796698156289,16.3228898293403,16.6916220245039,16.3226569671859,16.2445772516534,16.2321985820438
P22465,autosomes,16.3573094397804,16.1715118624882,16.4567205974622,16.774733205646,16.3862637986729,16.2381392626735,17.12576790084,17.0744118416091,16.8928538263997,16.8695910508925,16.4278114365393,17.5575301052887,16.6301982312808,16.9154119610909,16.3835288885056,16.5464915732906,16.6413744314771,16.7658550318268,16.6884681075066,17.071696631192,17.0754902924238,17.1570137764512,16.9807151605289,16.6180037521149,16.54414979372,16.662228139031,16.3033144743108,16.7931332662894,16.4955651374471,16.3568197808897,17.0630816314964,16.9684169530333,17.2686346682424,17.8693219318775,17.5497659198677,17.4614400710478
P22979,autosomes,20.237942574023,20.5749279567064,20.5903994449412,20.2066403858805,20.3070291480314,20.3541113636769,19.7525839709496,20.159531854993,20.1946314367478,20.0980003133608,20.6016448498867,19.5389869386677,20.1145840873586,19.9465340655372,20.2242302282483,19.9098790155077,20.0091492674527,19.9382228949258,19.9247257633118,19.7224938432759,19.8474476282376,19.7566488755685,19.8308044139792,19.7638069078864,20.0440433864324,19.7588387398187,20.449584731398,19.6210551932012,19.9814439624455,20.3221255109949,19.6454931550331,19.6991140082024,20.0952353300523,19.4412079220824,19.9121482383921,20.0892507609821
P23696,autosomes,16.547331987802,16.2625333331377,16.3930318042937,16.2466330907746,16.162003587792,15.9633571571344,16.2517158440494,16.1023755283696,16.1081300768944,16.1793527598694,15.8500620864111,16.6980797872813,15.6363466854349,15.6016743965037,15.6808273553414,15.6034778352127,15.7020399818064,15.7356298608443,15.9550279561986,15.240312451015,15.9639661946293,16.0204314543983,15.6663040828807,15.2839574361437,15.7876166870294,15.5765883826662,15.4412533290178,15.874787603509,15.6661630012701,15.7224817143799,15.8642671082879,15.7096652022582,15.7296410434277,15.8004966870063,15.8670748267607,15.698511338146
P23779,autosomes,14.2287278024828,14.938574653985,14.5432712170301,14.885260364664,14.4387089776727,15.1821138285928,14.2500901587403,15.2812735036959,14.7541989946248,14.8856847406304,14.36214014275,14.353896641512,14.8119713755381,14.381031778351,14.7850281786048,15.0020914359789,15.1841357223735,15.2558499365867,15.0987483030381,14.374846308787,15.1447199317733,15.321270186516,14.7273196249776,15.3204529139164,15.1391265339381,15.3157881951806,14.9847919772977,15.5578834803108,15.1899490530157,14.5652542174795,15.3667358981851,15.1649857602044,14.5835130560884,14.7512961329883,13.8827332812141,14.1306757822101
P24156,autosomes,18.2291628593318,17.9224869094055,18.2495337415218,18.1559545399909,18.3000160877964,18.3841153345754,18.6875548697349,18.4931563309141,18.5883010053156,18.3729574140291,18.3498767795924,18.3184896140301,19.5714231077125,20.3536919043502,20.1305533065477,19.1050570867838,20.517974540661,19.6948538528265,20.2931038285208,20.5447958513225,20.3899353589655,19.9100319002047,20.6411471641653,20.7691146723877,19.521445789091,20.3301532934264,20.1254075592931,20.3632411367889,19.6016730695308,19.9086918917152,20.417136991521,20.354984161787,20.1428990577434,19.7624675805648,19.9367669521901,19.2966518527776
P25007,autosomes,21.0457936960458,21.3816211441758,21.0592099155729,21.2318737018135,20.9335352720782,20.9573670213563,20.8638633418009,21.0019315770638,21.0122729577596,20.9810023931931,20.9087833143258,20.7798858295179,21.0257870812986,20.9469177615956,20.880026991935,20.7171074333679,20.8284430409036,20.9637692654181,20.7888097665166,21.6917350669014,20.9439810443769,20.9679937281949,21.1576108666995,20.7933393534814,20.6198577632487,20.5360629625864,20.6805580440952,20.7401768379272,20.6594106011616,20.6195569868129,20.7957776649066,20.8627165465196,21.0602084337907,20.8612907604867,21.0396484373972,21.2272742584915
P25228,autosomes,16.1915013893908,15.6582961060867,15.9213154493004,16.2483534283325,15.7770644803947,15.9315479776122,16.9673383845339,15.9852287982518,16.3407045832306,16.3663211462311,16.1076368020101,17.3006905884122,15.4359419089861,16.0599380063918,15.6621083999922,16.1373058875804,15.9193557832289,15.5986458489461,16.5239980470454,14.7274810257106,16.3647159084569,16.3312111586287,15.7470394475331,15.5659792936679,15.7814338392316,15.8022780655183,15.5402917873215,16.1077652965565,16.2237910243948,15.8297065659959,16.3630281895387,16.4923454219625,16.2458001357747,17.7375849462746,16.7821641389497,16.4567226427937
P25843,autosomes,16.7031509215915,16.39235600573,16.7806487198106,16.6021910970577,16.7529499245886,16.7226974079997,17.1705058051995,16.8086490824289,17.1751004578708,17.1535032780461,17.0428139291167,16.6125617030474,16.8652065024156,17.3121898382703,17.6192974588169,16.984460641596,17.7761577529449,17.4678801404139,17.7770107835331,17.6189221873285,17.7700942206069,17.5798652979153,17.8619422514446,17.7926160053609,17.2804330390591,17.4525329154674,17.1267256188444,17.7850265267219,17.4382008725151,17.3927446188892,18.0236347234155,17.9730764581855,17.4137798210263,17.2829236705997,17.4199466026583,17.3121806864043
P26270,autosomes,18.0973901831663,17.9593495666655,17.9496474270409,17.9483789139121,17.8653264253525,17.7168358779755,17.684776583618,17.6525517378617,17.7182276932876,17.8493770661856,17.7855170187465,17.4332067356329,17.5890371851518,17.5959401532565,17.2368851337736,16.9456713813124,16.9427883577987,17.245412499972,17.1863619396438,15.4550707985955,17.0680910685607,17.1951008583397,16.8747034239249,16.5332123403225,17.182405945569,16.9136592219817,17.4232423725645,17.3753860248262,17.5127482278498,17.4447358817934,16.930387030659,16.8264239486566,17.6835571729452,17.6764176802735,17.3840360496304,17.4611161032208
P26308,autosomes,18.853476366487,18.5178173120853,18.3364354871402,18.1558832833821,17.4954792302685,17.2622243669608,18.4923868461803,17.8688745568452,17.9232743723532,17.7898361329099,17.3005568301809,18.4664709441335,18.1219939307767,18.3263810452482,17.011576875648,17.3633841967615,17.1934692377032,17.1500921911993,17.1967563728275,17.7531441027527,17.6902822577845,17.8685499062088,17.4563181030907,17.0200717624843,17.0961323166935,16.9803615860591,16.8819450412456,17.1542381221356,17.1933522563267,17.2054792207783,17.3528102420549,17.2561936663816,18.0936635952114,18.2261287949013,18.3199386378148,18.1307761272996
P29310,autosomes,21.0737342042463,20.7564578801491,20.9460504641499,20.880646797471,20.8106500944036,20.7986088584532,21.0445159823878,21.0209743548524,21.2118921603732,21.1837735712987,21.1281386101268,20.9770680979039,21.4213254439295,21.3594066952905,20.8986337842345,21.1212356258645,20.8252242593495,20.9421281991056,21.0512909100717,20.7482996515823,21.0629845350967,20.9335146221562,20.7985502720373,20.8704271229312,20.8972226383612,20.87371450122,21.0761547885013,20.8136591091484,20.9936681601265,20.8663113508221,20.9602585345537,21.0475001022637,21.3632382552596,21.2262872928438,21.4709129593499,21.4858198627067
P29742,autosomes,15.8296928925914,15.9570869145755,16.1432061642972,15.9879714629824,16.2150439138245,4.22480474212415,4.22480474212415,4.22480474212415,4.22480474212415,4.22480474212415,4.22480474212415,4.22480474212415,4.22480474212415,4.22480474212415,15.7288754704395,15.2689701241236,15.0437960180039,15.6120212567783,4.22480474212415,4.22480474212415,4.22480474212415,4.22480474212415,4.22480474212415,14.8662696384296,15.677950756389,15.3965747856185,4.22480474212415,4.22480474212415,4.22480474212415,4.22480474212415,15.4162314800877,15.5927259791558,15.3726241427759,14.9715407059545,14.9521088983651,15.0310085687426
P29746,autosomes,20.3990828348629,20.873408815745,20.234555754734,20.3640904367903,20.3374261588355,21.0599597953575,19.8505614983638,20.5219838615734,20.2505845801754,20.196746733762,20.2622170487548,19.8394298128606,20.2686261895325,20.2031021023551,20.2716427208976,20.1730028098523,20.1443988085676,19.9659864006405,20.0964019973267,19.9505141226329,19.8919484528968,20.0030054887558,19.6438276588223,20.3310484601177,20.3792896972949,20.6108062280755,20.0135658213241,20.4970652530008,20.3163378391052,19.6204315479341,19.7793366751162,19.9656816642047,19.8935137656955,19.8099257714166,19.6104785830721,19.7174397420439
P29844,autosomes,20.9144833260324,21.1451876728095,20.8359891133714,20.5994638146284,20.6249895562584,20.7907535982909,20.4925944905812,20.6192578534618,20.5628980017237,20.5193640199942,20.7094333890519,20.2212945164273,20.6373661614455,20.4979681433761,20.5992793324437,20.4270239433488,20.5017321761633,20.4683854239064,20.6632452913631,18.6663171465727,20.5553631997607,20.4034345773718,20.2743850414534,20.0985281535551,20.3225923624978,20.1626064466279,20.6242782570226,20.6085544836686,20.5880855475699,20.7192137836961,20.2697410005652,20.3122320024179,20.3122423620586,19.9553393387201,20.3351217762298,20.3837826215967
P29845,autosomes,19.4468288573614,18.5572885527209,19.1460893337913,19.4662993287066,19.0280442668435,18.7813455837698,19.6197824137778,19.0583917062714,19.2997591283398,19.2482804857465,19.2140358359396,19.4062849317437,19.4930261590742,19.4411955926041,18.8930368908538,18.887773048773,18.9640289297918,18.9634027386743,18.8759144228023,19.5226161677815,19.1107294380558,19.220268572068,19.3242593347356,18.7363514628392,18.7656687742869,18.7382508914835,18.7289511374565,18.7603951149152,18.8263247823445,18.7722636950646,19.2148480262921,19.0977835097907,19.7661790198042,19.6060526757463,19.7122084481315,19.7591461245711
P31009,autosomes,16.2347838648707,16.543706809556,16.9148984259858,17.0953709869314,16.7556951099364,16.5810910611312,17.2876712114632,16.7755354657036,17.0468336548399,17.275603185005,16.8601198498133,17.7890679946329,16.5933705883789,16.9431871020814,16.717770533073,16.6022516326504,16.7881251132782,16.8651816032855,17.0931430164343,16.0715192310989,16.8595971737428,16.6606888303304,16.6473482714429,16.3143203507434,16.8095011919562,16.5614772753947,16.4632739045951,16.8764888905784,16.6230299413928,16.4074405452281,17.3191733917048,17.0915625085915,16.7647087205305,17.4467334661213,17.1111415079738,17.019808611991
P31409,autosomes,20.3602966539587,20.7430616934882,20.7137016223968,20.6852813880022,19.9657017823809,19.7992539855006,20.3426032351659,20.3089841858919,20.0269281224367,19.7447168812736,19.7394282739239,20.5911067095438,19.9490765466867,19.740660222494,19.7101337032902,19.7412870792717,19.700327463116,19.6825349136804,19.8880234253311,20.2372336819482,20.1698264126181,20.3277204579563,20.1267922112612,19.7859731199778,19.8562889797783,19.8932588064914,20.0628372705967,19.8396629671445,19.9528127994574,19.9654284129566,19.962782513554,19.6927884232562,20.0310960268653,20.1944201761551,20.2048724296362,19.9245559909046
P32100,autosomes,16.40132562228,16.5584928875754,17.4493805465988,16.9656006372605,16.5841340724759,16.8096479511752,17.2827204611373,16.8249739195444,17.1328033765153,17.3046915552972,16.872904168366,17.6227889090156,16.8118530822087,17.0010239523136,16.5330834307265,17.1206177548196,17.1577251698262,16.6818810255498,17.3201328124,15.6334232640454,16.9218396438621,16.6656558246119,16.5844892542216,16.5559948961871,17.2150791274982,16.6448294802971,16.6882224900654,17.1729501848052,17.0601419173402,16.8384786399632,17.3039896550599,17.434857186074,16.8758729483208,17.0499266118003,17.0373391698339,17.0604983924042
P32748,autosomes,15.0352418215526,15.3999202780513,15.6610181194671,15.2481570856669,15.9252593944817,15.9103906679204,15.5082922609688,15.6908647512786,15.8493273481528,15.6083540348596,15.9224544047967,15.1320163125153,15.8697024060169,15.7632099881751,15.9290018516406,15.758836890483,15.7900968456063,15.4562558996674,16.045471851713,15.4448269743564,15.7854147952471,15.6214557548038,15.7453972600832,15.6490259812482,16.0093007698814,15.7984997872946,15.8887374411398,15.7927458419459,15.9743888373756,15.8021381070142,15.8135865560911,15.7868237194045,15.6933289510295,15.5725989150933,15.9409446455355,15.3654421551412
P33438,autosomes,17.1500627968847,17.4224764741817,16.9900797719849,16.8848847220174,17.250537976489,17.2091756066109,16.9111345236034,17.1734239436575,16.8343987712682,16.8243147236367,16.9530814861993,16.7935566823637,16.3452517351513,16.3047854268983,17.0310887020039,17.3032204806752,16.5427880694169,16.666912622187,16.862027054784,15.1037693139877,16.7612188528578,16.6252117155838,16.0940522928028,16.2573633952392,16.7155803235177,16.9259911066129,16.9337744975204,17.110518788341,17.1084758827769,16.8973012851295,16.4995885712842,16.8015504676481,16.2795185764096,15.956080819656,16.1987720904026,16.1185076438122
P35128,autosomes,15.8601470620686,16.3559580491088,16.2361791440196,16.2944503552297,16.21281236519,16.2422764662139,16.1107650600271,16.3181411432977,16.2161364093599,16.4395691497226,16.0755665304702,16.2907431002782,15.8585215915633,15.848195430302,16.4746986369772,15.8899691934073,15.7100775608574,16.0878836201346,15.9544259672784,15.6318755633651,16.072669238818,16.0268949250484,16.149722304576,15.7647117093601,15.872817078974,15.6931754015378,15.8057275407946,15.8464901016955,15.8969250665745,15.6748583219332,15.7406840632861,15.9082066942184,16.1825845769573,15.9961216608173,15.9318602888142,16.0429675807214
P35381,autosomes,21.5143532145935,21.4630464940416,21.8510977206833,22.1719894332691,22.3273106664299,21.5390614505315,22.1969245634439,22.0309524698655,21.9080421698193,21.705133108585,21.5654323587202,22.2964869034667,22.1256268418199,22.0194252957145,21.4018922762799,21.6164330221955,21.5651764521513,21.690861997709,21.2716632925931,22.6484565202243,21.8350630403284,21.8916242854772,22.0966346528743,21.4336419440359,21.2189400924838,21.167480572947,21.4392514144067,21.3792286768864,21.2069466385611,21.4856938668498,21.6351244505811,21.650544832669,22.4658027431114,22.4017015605386,22.4383376428144,22.4355057962138
P35415,autosomes,18.1425301878064,17.1303975076943,17.6955138000011,16.9206617814246,17.4268413650718,18.0166236722357,17.3033539268858,17.8187133437486,17.277400300228,17.6084595869277,17.1579538384896,17.4567079094848,17.6558342512593,17.1382219299526,17.2421743688997,17.6739670124348,17.3068770142248,18.4137086300144,17.1880531395137,14.4027360969515,17.1991916969673,17.8477622459318,16.7163166432005,16.6107801583345,17.0240907210493,16.598120280227,17.1845569191559,17.7311685313723,17.0912991494588,17.1212719225876,16.9913723505254,17.5580692667643,16.5909489551239,17.0670704693077,16.7146767086763,16.9805657683042
P35416,autosomes,14.6210978036627,14.5738496732407,14.9279956485302,14.0576485916661,14.6003014796467,14.571174036818,14.1958064988393,14.9237134769076,14.6484470558311,15.476765041941,14.4065620050071,15.2519409108449,14.6342901310655,14.7735214569139,14.2123968504918,14.9982345124073,14.2929721224464,14.8687194121422,14.6345997100514,13.3215713831802,14.0040263412083,14.5982556329965,14.1388263866583,14.0795169779852,14.5417989637184,13.8238788973951,14.1764296789556,13.8393036333842,14.1451763290267,13.7024149312805,14.9268456534336,14.7560989938091,14.4404638071218,13.5961781628117,14.4548972274375,14.4844650689443
P35527,autosomes,22.4036341414235,20.2157368128887,21.0745417723539,22.0227014336818,21.2972312294433,21.1213526992566,20.475811832407,20.5640887281823,21.8879004895898,21.1477847600426,21.73785591902,19.9437269334964,21.0560682847307,19.7386607211479,20.4857489096773,20.6706518518155,20.7988111117758,20.6106995158927,21.1123933267303,18.9293363760423,20.3892443149228,19.8429264893741,19.7437081617641,19.6593166707913,20.2431378111776,19.6250265602504,20.1719232709743,21.5777968595149,20.3519041867975,20.2521749579982,20.3827055305086,20.123717901174,20.5312013431956,19.861578437388,20.0806342677881,20.3319711197706
P35554,autosomes,19.6668311872093,19.5953270121609,19.1450588325026,18.6037895142529,18.4455731811698,18.7648755640622,17.9128223345413,19.0817949894142,18.1302513018814,18.3331129159059,17.9268535330782,18.7889518823834,18.3798352840068,18.001885190218,18.6334884959086,18.6913037330962,17.8888267377493,18.7697495028493,19.2945332226277,18.951026253809,18.1064580030134,19.389361165919,19.2804762917089,18.7997231794981,18.5172753676322,17.9768495423827,17.9016273385797,18.4588770721151,18.190062198234,18.3052337929292,18.5956315382842,18.4694353186019,18.0758311503077,17.4371205390677,17.8031062572854,18.4984155644072
P35908_I182N,autosomes,19.5766890256909,18.0728409674632,18.6903669161793,19.9279058925145,19.341310663342,18.6806404470052,18.1896646545635,19.8447032024203,18.8785125618733,18.7166329225128,19.0947881269352,17.5982431045609,18.5537067611022,18.2144717978923,18.6808324639456,18.4563721186154,18.6406780793857,18.3544720026159,19.0292190767328,17.2997159436329,18.4658397577446,18.6437340967764,18.0436498384938,17.9041230819412,18.5159224149536,18.0946885102853,18.2735307514481,18.6595688889805,18.4586420468811,18.443549981511,18.9071895252051,18.3878119989893,18.2688316909416,17.7710914327589,18.1065559624753,18.0252640470816
P36241,autosomes,14.6792196045481,14.6111787548817,15.2385782639607,14.7597448302676,14.8563769678351,14.9051250429969,15.2498469710564,14.9997361096253,15.2181054681717,15.2804312764659,15.2089745350022,15.6927404064545,14.9466888041469,15.2105062512963,15.092310030946,15.0074128825005,15.424939581827,14.8313192280858,15.387778318869,13.8488749704105,15.0687946951498,14.8680777947992,14.8778314338343,14.6411578941442,15.4925903499596,15.1610589045781,14.9602572923554,15.103934029611,15.0222683729949,14.7814789341698,16.1734996318127,15.0563130103661,14.6051379959854,14.727170631624,14.8865667827292,14.7229223672515
P36975,autosomes,16.6574276786364,16.4314648033043,16.4250177106234,16.5271191320024,16.5266027571159,16.3707394587556,16.8529370007508,16.4351606465888,16.6161638970371,16.7421570944428,16.6188398407896,16.7713446004377,16.5954912079767,16.8398078416734,16.1195351063115,16.6290962162686,16.3399514891116,16.4911810102665,16.4982855942793,16.1190901685469,16.6347372921911,16.584112090103,16.3937322513729,16.4385218756888,16.6613696516142,16.4188308066895,16.4278899408008,16.5573930012678,16.5091104633432,16.5995592018999,16.5220116602281,16.5532180053072,16.677718357209,16.7217246854697,16.806798626352,16.7814788645701
P37236,autosomes,17.5203080766739,17.2223077190777,17.2772012936565,17.1802309599006,17.3987687303871,17.3382323992173,17.4309214773357,17.3408240939666,17.5830841664727,17.5976567675937,17.4993391060813,17.2629979181975,16.9407378139544,16.8383704940966,16.9755582347121,17.5356415159094,17.3496096582964,17.2641507257702,17.3204784446944,16.8179855660828,17.4048800008516,17.3133890240933,17.0844503802723,17.1622516113754,17.4246863650359,17.3985769715976,17.2619207053594,17.3344368311829,17.519604070533,17.4121127961091,17.474130340894,17.5415787683046,17.1635634102641,16.7966057204904,17.074604709843,16.9336403945091
P38979,autosomes,18.4789880142218,18.4995471838321,18.7852389466949,18.7446171433306,18.7092638269012,18.8059948680399,18.7043804747309,18.8017751592143,18.8234253740211,18.6849773778999,18.7699467638722,18.5477734307682,18.6957948964626,18.4535110866221,19.0329566580113,18.5561349883471,18.6405231939356,18.935804084834,18.8098720639293,17.9540060707588,18.80100701523,18.6403135274007,18.6404781202742,18.3673498456296,18.5590143760686,18.4915120841092,18.6088956681389,18.805759023198,18.6751238545265,18.6008716660919,18.6913271892195,18.8473574062943,18.7359198749855,18.4736600320757,18.661824961032,18.766013784259
P39018,autosomes,19.5230654394315,19.4129421029131,19.4442940777998,19.2425079729581,19.5464445771092,19.4854780688315,19.2019773004879,19.2141964142083,19.3747915807107,19.4414680129423,19.4640556735446,19.1755458409999,19.124081060687,19.2339071820753,19.3432802884267,19.264938477009,19.2720634118668,19.3663471198743,19.3973814022637,19.5495717122709,19.208715486783,19.0899665775571,19.4162649478296,19.0932533709254,19.1621531582297,19.1079140907104,19.184027567314,19.419984676404,19.1815134501988,19.1998661678695,19.2351644341704,19.2518299080498,19.2358973658041,19.3178519717029,19.2046152021684,19.1932796719734
P39736,autosomes,14.3204257551983,13.9771867047547,14.5138191764067,14.0810914390648,14.5945920279128,13.6626074423889,14.1605495468323,14.1990416899384,14.4312481145116,14.2306602203996,14.4926239928507,13.7377092248209,14.0200419624545,14.3096581264209,14.0863979702918,13.250954642072,14.4601194135467,14.2019479528375,14.7176778241313,11.6747781327274,14.4753989531181,14.1614937960903,13.7295460412571,14.2015696177507,14.2383912255332,14.2790940485251,14.1183017502099,14.8906607645984,14.8181806463918,14.7200897296061,14.466557294064,14.4924048786733,13.8092189707649,13.0575506858062,14.2357186989176,14.1077811908441
P40301,autosomes,15.761418541764,15.7390182745606,15.4303705304286,15.6062512168689,15.4580880042512,15.313044891825,15.6711060259801,15.2388513565552,15.4239620874577,15.5149485132559,15.63574342996,15.8133787186025,15.8438157688487,15.9243958308492,15.7474991915852,15.0886129222064,15.4855876614422,15.6539739310217,15.3910038796956,15.6776341829376,15.7138417295729,15.5283064198625,15.6143696626094,15.2652427911038,15.4174825575871,15.2362900140728,15.4320825905806,15.5541398960847,15.6033904820975,15.6311129787777,15.5329224178161,15.5071095485573,16.0056237442644,15.5184911831799,15.5062812661794,15.6913093477852
P40304,autosomes,17.0396019625381,17.0862655700611,17.3946793773939,17.3478977777922,17.3416504102052,17.478468889464,17.5480214494574,17.3497720103699,17.5924710396302,17.5313444482089,17.5812670799286,17.2385508213189,17.627520437154,17.724001303962,17.8355690521423,17.5997678263328,17.7954872080199,17.803560723279,17.702236914262,17.6584685074217,17.9718871315462,17.9798579372145,17.8508026348227,17.6749498258698,17.5118000126142,17.441839419061,17.5736436177859,17.4413473486112,17.5970631572152,17.6333363647142,17.6956642738811,17.7140623464996,18.0536181230288,17.7934439999579,18.0926266887802,18.0556958655359
P40423,autosomes,15.8010884425969,15.616941203213,15.8209982961272,15.6651443691805,15.7154752553893,15.8214756019678,15.7530837761846,15.8729945837135,15.952473358176,15.8930536852933,15.9118003870694,15.349254119529,15.6600234869751,15.7324343699462,15.8197658142828,15.5800076959147,15.769950747537,15.9201063289113,15.7590586619017,15.1680313561638,15.6716604342393,15.7517223114608,15.7368393893299,15.6716806085874,15.6373628584092,15.6381329453025,15.7523581291657,15.6479051132156,15.9258449054855,15.7986170125913,15.8967371549014,15.8295286976057,16.0129284833523,15.3777910295205,15.9058862803772,15.8573573517794
P40797,autosomes,17.2343282910828,16.5708134217408,17.2765173790894,17.2354826479675,17.1762290256382,17.083865298766,17.6681849033808,17.3117838221655,17.5111639251384,17.4693017137416,17.4338552202584,17.4902115408429,17.4416723413019,17.6089647149825,16.8874369442283,17.1460243919373,17.0285613124152,17.0064677647884,16.9270653610684,16.2963123322354,17.2733436849596,16.9919225957249,16.8188607569081,16.8022554188423,16.5814267054468,16.67007668609,16.9069205907273,16.9985014460883,16.9741588786515,16.8896284694601,17.0759914460674,16.9826061164826,17.9031648610893,17.8101624475133,17.7955282614333,17.8286338973898
P41042,autosomes,17.2603356704249,17.0074630969423,17.4894920650956,17.2653292816232,16.9343430674713,16.9864900930639,17.29881184672,17.2264092279337,17.3818973763843,17.3409766061654,17.2348919639556,17.3015228580464,16.9675113753258,16.9879955220135,16.7342353468574,17.2231299507624,16.8718700915657,16.8375051216792,17.3222250066941,16.3445338247588,17.0157678869652,16.8752757137184,16.9843277668622,16.6081231496944,16.8893252089391,16.5043517445304,16.6406180076055,17.0349321560743,17.0532744037748,16.8635160845549,16.8834323881451,16.9831459592058,16.8912797506019,16.9951323540878,17.5152919051543,16.9988018691537
P41043,autosomes,18.3475984080186,18.1372465473534,18.3462201071372,18.1387986751732,18.328917052304,18.7245428692841,18.2812593798223,18.9358855964809,18.3162457571692,18.6222985490801,18.2383572441255,18.8794798594278,18.9907833131398,18.801553173729,19.2037884032313,18.8966912601916,18.7553381384531,19.6402697605752,19.2269499708556,19.8795657586377,18.7012399884225,19.5366136844737,19.6931645022469,19.2693190274975,18.7919295912643,18.6735866146066,18.3436664407561,18.7523597140239,18.3981592253358,18.4533654328751,19.2417759283431,19.2185996476458,18.8451367642227,18.642526515003,18.6178199325438,19.5191923017584
P41044,autosomes,20.3241927253877,19.8118343652656,19.9622140561643,19.9156581027975,20.0413817567707,20.3235841817319,20.2762846299943,20.4682158695643,20.5824319566611,20.4238998485235,20.3942693666982,20.2993690784089,20.7497113546165,20.7429318517505,19.7424774091367,20.5309117226982,20.2126297284637,20.1334999263373,20.3507610594669,18.5600635990673,20.2007598147266,20.2254475529241,19.7284433281409,20.3469308141548,20.2738375346265,20.3296601505241,20.4450420093403,20.2745680504215,20.4558533293735,20.3603819312305,20.4349650706022,20.5425961705663,20.243608089597,20.4813860632745,20.6962494506771,20.9379685212143
P41092,autosomes,16.9263855683644,17.1616643523887,17.4421086793012,16.8288726107558,16.4616650915444,16.9570254547136,17.3620553461776,17.200786428728,17.256441026252,17.4258075654288,17.2424120014899,17.7659951803285,16.9187086243423,17.0166379561192,17.4694957681155,17.4481498054972,16.8040263382492,17.0618782012919,17.5661114624114,15.1332674398625,17.2201027884323,17.1378577681098,16.8755505405134,17.1452022991898,17.4410535766912,17.0944543738324,17.1477354426722,17.1264493889282,17.1949337552762,17.1527558454731,16.942238915433,17.023885533856,16.7060526060619,17.5190245073016,16.8701278996051,16.8121092443803
P41093,autosomes,15.6950830668792,15.7354930564188,16.2001026464215,15.880692387363,15.9418227569443,15.7946817833791,15.9057510154072,16.0333751354525,16.4930529609854,16.3238631440831,16.2058809443399,15.817366054995,15.8935239094315,16.194864353587,16.2493951629332,16.3329487897406,16.1757635082435,16.1185606941311,16.1091033017588,15.1651241458308,16.0689510634523,15.7861598684447,15.8870901809233,15.9411000999114,16.193488841414,15.9254273276953,15.8870426212708,16.3305769294532,16.404289028676,16.0132818748266,16.5992634948281,16.4624136819102,15.7135434008945,15.4093509652744,15.8813894910851,15.5835880285355
P41126,autosomes,16.0829368429257,16.035126673725,16.3744667785571,16.3212593512943,15.783833494502,15.5727878170935,16.4101958054597,15.9605047487193,16.1834656171048,16.388440442719,16.0779298355962,16.8108415904142,15.6609342550065,15.9004999201108,15.7383506589537,16.1052732942414,15.5740576237641,15.7862277190266,16.2180317463993,15.1316971688145,16.1771395410936,16.0154575330918,15.923896532697,15.690580849986,15.9610149606582,15.6465355490845,15.785180261009,16.114718951548,15.9293591617427,15.7856177691144,15.7348719558677,16.2124283907159,15.8173338129193,16.8628911720988,16.046623282933,15.8031260741318
P41374,autosomes,17.2378354163249,16.7956213940449,17.0601123195062,17.2797333748855,17.1137556594225,17.3428197672165,17.4304429979809,17.1564201288046,17.5442386219732,17.3666048880916,17.4616688596462,17.3539913942242,17.5664803003018,17.5044335194241,17.1415280218447,17.2367921790056,17.4843032952417,17.3380961631242,17.3499161695068,16.1005670388666,17.1692840291329,17.1972002408707,16.8707136366678,16.8381603437029,17.3389150293205,17.193876338914,17.2890796496039,17.3206710914547,17.4535367500928,17.3587426488996,17.9606176745206,17.7312767337608,17.3907814397562,16.982949210452,17.4129239381396,17.353332552557
P42207,autosomes,14.147245993861,13.737818459936,14.2351490302483,14.3337995114898,14.6196826889348,14.2141766571675,13.929731047796,14.1843034676163,14.1286354209965,14.1861239343704,14.6410408067279,14.1196119905582,14.8906119384866,14.2656975509316,13.8443289701649,14.1610911289835,13.9493890918472,14.2425222763335,14.4019369351455,13.5483808988408,14.2417453345666,14.1615546019953,14.4001638375954,14.0725924621941,14.028238598018,14.1497197829179,14.131406656537,14.6611876115727,14.2842912773037,14.185100341864,14.2525719551688,14.4841245368442,14.9451517033021,14.3863200308304,14.9353761835329,14.798618943265
P42281,autosomes,17.7812902164401,17.6551947379146,17.9310666423857,17.6423936909025,18.2299102388218,18.9328500902974,18.0708366453646,18.2679445614676,18.3912749539473,18.4861841879306,18.4657323621946,17.7870210437531,18.8910095948577,18.242333957363,19.0250991711574,18.4468377109106,19.1140052710485,19.1829514806297,19.0453357070114,18.6396075439654,18.3469014788369,19.1459544132152,18.5793678430864,19.1894187488129,19.2128718764839,19.1001003363685,18.8402201264232,18.6828486190147,18.2373548426591,17.6880270652791,18.7341741526141,18.5759234704802,18.5229420969305,18.3883584808544,18.1686589113863,18.0532342012287
P42325,autosomes,18.6267641724845,18.1644691807493,18.3137544577708,18.3289651987326,18.1098179348568,18.0058430091053,18.3662909456196,18.0251290585791,18.2811238371329,18.3226069158839,18.4166230133482,18.3789307422909,17.9517665756398,18.031110317689,17.6405107035206,17.9135230289194,17.7110037620219,17.7606269799366,17.9937931236648,17.5467577073807,18.0651616954431,18.0493299422575,17.8440540203927,17.7845180364975,17.8690619773503,17.850700217567,17.6869080639867,17.9284644824603,17.9013381406366,17.910135340885,18.0590366502716,18.0578194801665,18.1486018095016,18.4536447901067,18.3738960685953,18.2571440537731
P42787,autosomes,15.4313673940286,16.2534762360972,15.985480183225,16.4570053166623,16.2283047853272,16.1950131149802,15.2478030088463,16.0937996258997,15.869769626906,16.0804742525228,16.3241747178879,15.6742667939818,15.2919238013405,15.6260593343359,15.3981153552653,15.9286727293583,15.4174707604804,15.9760163909972,15.5041125515293,15.5575445884715,15.3890940525362,15.7532707538748,15.8718053686269,15.5705142295958,15.4875895787601,15.8726380252129,15.7176281712464,16.0979234596989,15.8836525791069,15.7439056849943,15.6425242887007,15.7441824413172,15.3318479720179,16.3057582886449,15.5183198074281,15.5835025952013
P45594,autosomes,20.882287063799,20.5454327692737,20.6202596278833,20.572866288262,20.4143286189322,20.3321334022309,20.6928073220659,20.6225858763736,20.7529392143371,20.6382346385681,20.5811921678033,20.4273293740709,21.0125425422312,20.9898525064158,20.4088533752179,20.3801855696946,20.3594617747084,20.4891667616186,20.076129270414,20.77850510467,20.3094728512406,20.3862360162746,20.4082696085715,20.1569394671028,20.0269003859988,19.9703449743482,20.2138595872895,20.1937250109014,20.1855525140325,20.1337473266742,20.0220001851819,20.2554366062141,20.8155385308413,20.728761482726,20.8744280096365,21.0210114400444
P45889,autosomes,16.6684143629604,16.6349887552528,16.4196260710289,16.1655267812983,15.9166450774139,15.7076955404606,16.5038629155283,16.2624564616542,16.504565014572,16.3647927374083,16.1375989197134,16.4707747160313,16.3820149939132,16.4520848588134,16.0808402083217,16.3671405364549,16.1671353422314,16.083360370026,16.0271497432783,16.1019139228381,16.1424463861878,16.2161348718763,16.5235226535135,15.9984262210553,15.9685929434622,15.9937101598545,15.944683607289,16.0950010864575,16.0633910681482,16.0370572414227,16.3907829718609,16.38252143658,16.2468500292702,16.1750164752203,16.3071034696737,16.2910932458478
P46222,autosomes,17.8493634388898,17.9963919435422,18.0825122732166,17.9202706932522,17.9912692650573,18.0465102671856,18.1545691355717,17.9911665143435,18.1677295341783,18.2288211370871,18.1059676386849,18.1417389822139,18.1519362185979,18.2752947265881,18.0417591174361,18.3912051152809,18.1159267002569,18.1373657701871,18.2106014414389,17.740660035004,18.0472339494836,17.8640720468332,17.9087485794285,17.9740346843102,18.3235741326579,18.1111260919826,18.1032965959838,18.3037142955825,18.2249544632289,18.2706582442783,18.3555869252892,18.2951185236983,18.0384179940429,18.2004482954208,18.1112356285715,18.1103213553246
P46223,autosomes,14.6755367787916,14.8452721614794,15.3709502807009,15.2631244056813,14.9881002665797,14.7852046340267,15.5397042402472,15.2445734002056,15.0657591243537,15.7684680192402,15.1576713155385,16.0727799673869,15.0586206623051,15.2371129482592,15.302864733151,15.5908462599543,15.6805740441388,15.3617780764107,15.727387771571,15.3518616704694,15.5565563041091,15.2941536216918,15.5743099450286,15.3996217366907,15.2513087985904,15.4465692853633,15.4469718412554,15.363201506295,15.0952305833533,15.2114712118924,15.6220852914062,15.8373008581041,15.1465273888488,16.1428433728173,15.3692489423426,15.3546630882324
P46415,autosomes,18.0004739382989,18.2143805759718,18.0727577523431,18.0773794909952,17.4946076306323,16.900294069434,17.8699260775151,17.7102733377486,17.6910614575438,17.5294053978991,17.3955758359584,17.58293797502,16.6292893255636,16.7333010835108,16.4350846603777,16.6163714680302,16.5391434635706,16.5887689595925,16.8150246151784,16.3927540811485,16.8920975837028,16.9683387786082,16.6484794806323,16.3862723618892,16.5926322255015,16.3619731475702,16.1517500571955,16.3103179233832,16.530326371275,16.3645784859196,16.8362173701773,16.7517368116861,16.7531023152754,16.7569248208986,16.8211137021302,16.9018374570214
P46461,autosomes,20.4546767426086,19.9894992955926,19.8921962940412,19.7943231275724,18.956286769143,18.810353592275,20.4447495365552,19.5138843765314,19.3175625050851,19.2159659787255,18.7845614999036,20.7947399962793,19.1820691582919,19.4326656110131,18.8676223422756,18.8745753296905,18.7409450775636,18.8154152483439,18.8041659103879,18.6409013353659,19.3113855663222,19.5465686661867,18.8524418291163,18.338853339896,18.8163285147754,18.6591931675761,18.4526038977609,18.8952548344405,18.6689482932333,18.5699850966779,19.268225069276,19.3347791730024,18.9345459218575,20.0034448101778,19.1812314193966,18.8034481923644
P46824,autosomes,17.4974591433252,16.9158571163654,17.4590604714993,17.3574660784715,17.6741849596396,17.4437649714737,17.5934470646166,17.5387089829224,17.7231785190708,17.7131304910203,17.7094837020598,17.3527649785007,17.492263882778,17.6447283956721,17.1563270101266,17.3685226325249,17.2927973232683,17.2305436311859,17.3928769038767,16.2876484132941,17.3903080468664,17.4048275905,17.1120662943688,16.9246970853209,17.1813321028243,17.2449905092767,17.1867400176107,17.5342932686564,17.4321742029999,17.4068465881483,17.6877711661534,17.4352820121255,17.55360789686,17.4175827126531,17.7816360668967,17.765982688716
P47949,autosomes,17.2895004293482,16.824104356803,17.1083960022492,16.7847322972709,17.214862927906,17.4811802630386,17.4191509588858,17.6618114566405,17.6572760628686,17.4789660329594,17.3611426843034,17.0560052969204,17.8533175090632,17.4806927638826,17.6960785290789,17.8837135063117,17.7328695045049,18.0858591952092,17.5803425846081,16.0980254460558,17.7671108989987,17.8461765438344,17.3476000206979,17.7012536477218,17.8584901607849,17.6760048146871,17.4744736196224,17.7630455272752,17.7173642858116,17.5062206802758,17.8555966025109,18.0975552999935,16.8931740899158,17.5109409413276,17.3491383940195,17.0365215313294
P48148,autosomes,18.4645340747898,18.5417257448663,18.6811087615632,18.3445157705545,17.9982258297583,17.8338356397966,18.6057385441458,18.1312788876186,18.3178440657925,18.4713361898422,18.2281673090245,19.0582776904456,17.6819502054665,17.9730861603202,17.3525172197107,17.95152110348,17.6325451355739,17.5199197048467,18.2821180836308,16.9342272366555,17.95822883259,18.006594056507,17.6513629525095,17.4105190375719,17.8075055209559,17.7561695143495,17.6951028673626,17.928808068455,18.1161103568301,17.6181321970681,18.164106947186,18.039293758033,17.7651646552517,18.7838960817452,18.1832610077159,17.8778844698259
P48149,autosomes,15.9610557320736,15.9323269824045,15.8163974538213,15.5882042342714,15.5058336724516,15.4794848821748,15.5482280429968,15.2352372589025,15.6057694171612,15.5257493368205,15.2548272787006,15.8135640288768,15.341509741625,15.5489393866148,15.3443317309478,15.0963076408232,15.1615071011126,15.0350296492972,15.6875557222735,14.6618053945263,15.5411371024805,15.4515317785067,15.3707340189681,14.980334915024,15.3703061541714,15.2113969793801,14.8774658499939,15.6148646212229,15.4916296671233,15.3328319976759,15.317354762161,15.316035763736,15.2205051151511,15.6385362388571,15.3494370365677,15.1859200130568
P48159,autosomes,15.9160013254761,15.960552320298,15.8464148872007,16.0687597018523,15.4850107935198,15.6595260830473,15.7476274763636,15.8229646929885,15.6923878410184,16.0003827028923,15.9791262530221,16.2533393469506,15.866665723256,15.8271252478681,15.5440173782315,15.4700549959101,15.5485400142538,15.8361077701233,15.4352996204869,16.170488066473,15.5588657893768,15.5340177151177,15.4965352791226,15.2876506434136,15.1989049042166,15.1745208755127,15.2924512033522,15.5102376654133,15.2374065417574,15.2006590514794,15.660391044021,15.676627100507,15.9893785182516,16.2432666924462,15.9341360299612,15.9177622198665
P48375,autosomes,18.9728242972689,19.2963865786914,18.9365178210423,18.9384011036454,18.561541372126,18.7774328437065,18.5529352939614,18.8709773051456,18.8549306763072,18.7959280655641,18.6941707730036,18.4652479430548,18.2954647405521,18.3703031183606,19.1624851885116,18.4790552677767,18.8766752988452,18.9585988826807,18.9357525042462,19.5276852426811,19.0510875087129,19.005647831427,19.2961334444898,18.750137130399,18.6631095832667,18.5653246842218,18.5946276966886,18.8337319399593,18.697307399957,18.6705152502307,18.8545619782056,18.954210982498,18.6660316796628,18.4193376413246,18.5968259393079,18.9250250876715
P48451,autosomes,17.5500196634544,17.3553915124602,17.408475458575,17.5039319746205,17.0236581541109,17.0275457732892,17.7279826084219,17.2943293502957,17.4114759809619,17.3555643436544,17.3012679294793,17.3412247171768,17.929746645782,17.7984390355617,17.1203489743078,17.1028934443516,17.1410769160683,17.2239722534185,16.9965308871418,17.8770168913944,17.4770562707654,17.2268943874064,17.5373010361778,17.1476071465977,16.8424137136385,16.7988384432832,17.3114393589709,16.9248558154291,16.8145898567648,17.2307315570096,17.0345645154974,17.1705554012851,18.0895831791532,17.8860452289386,18.0082497119024,18.1324776366449
P48555,autosomes,15.3844197409529,14.407900016495,14.837225866983,15.0972222339798,14.7076327478333,14.1919839228464,14.8742938280614,14.7826628482862,15.0945236584856,14.5755150435439,14.6641308433619,15.3450982151557,14.3634678969008,14.926255428893,14.396075875739,14.4882835922562,13.7765282556227,13.8837680685157,14.5544729852869,12.8740656638809,14.7261936099035,14.4921444652664,14.4476504748405,13.9557779043198,14.5265431266767,14.5741302534346,14.1163169346776,14.3655523026841,14.8971915251003,14.6443504286689,14.5700206538094,14.4377448372169,13.9330716801892,14.9141678224591,15.0172371512131,14.3787944623229
P48588,autosomes,17.0082730610958,17.2455265100603,17.5111223919833,17.2096520916486,17.2844565311418,17.3994974678854,17.4931600845146,17.2816646643742,17.5129669958862,18.0356793044729,17.721858433698,17.5204486142829,17.2998454451672,17.5574175978856,17.7907304299967,17.4191556970967,17.7728664371125,17.796448529466,17.7671592718953,18.4204497180636,17.4865163006552,17.4546217384798,17.9691402781196,17.6961660675037,17.8100387509716,17.7103952921652,17.5119960977472,17.4183400060943,17.323935690812,17.5146161348164,17.7813872984154,17.7320271966833,17.6874571726916,17.8111611968961,17.7764744566732,17.6602731690418
P48598,autosomes,16.2124319809999,16.3252384148547,16.5094261077816,16.2141342322964,16.1394973091231,16.4486001767693,16.1540611235083,16.2043515705255,16.2263285088058,16.2138074485645,16.416264580752,16.0844990634223,16.1920985479236,16.3165829862538,16.3191062922491,16.366613562429,16.4532755796633,16.2660148622744,16.3528418698616,15.9737601025791,16.4633818583763,16.1945432957006,16.3399221966127,16.3360256564829,16.3017627921076,16.1897491402651,16.437951001347,16.2694042126751,16.3214086830489,16.4991110863563,16.6991763500688,16.5995901904521,16.1471929130107,16.0922205938568,16.2823084019136,16.3283064580445
P48601,autosomes,17.4213132345391,17.0507923188036,17.4867367588441,17.1790293223173,17.2052753151819,17.2727547872736,17.5502020399873,17.3621849289836,17.5630370923556,17.7335112316365,17.6223576919941,17.4582105760496,17.350754047199,17.3475158022104,17.1900030689571,17.4521263079036,17.3525416414866,17.2337639540907,17.4270023708858,16.8978688713483,17.4886838565699,17.2915077360635,17.1620804821721,17.0292420364017,17.3541311320548,17.1768202889248,17.17886027342,17.4161530426001,17.2343600463195,17.3098136788138,17.8327804760187,17.7169956178244,17.2779791990839,17.2804195531454,17.4623238144711,17.5601138003557
P48602,autosomes,20.6239979991125,20.2594110910922,20.0021363019297,19.982288804086,19.3139438323685,19.0417503960864,20.234246900577,19.6222753837946,19.4696378821593,19.4617716766287,19.1223981686052,20.1464023747122,20.0446340975,19.9362985938274,19.0500363957364,19.0847214094176,19.0341217981106,19.1899529655785,18.9555527606396,20.0351136405703,19.6507092619503,19.7178680047849,19.6630562778786,18.9268829717669,18.7621452579335,18.7615871059791,18.9317914402306,18.9989405082765,18.7682951888288,19.1638606714762,19.3072789538559,19.3749356475008,19.9909529714345,19.7863094077535,19.8030394470822,19.8319308601671
P48603,autosomes,13.8536539693208,13.6236446169933,13.5791771033279,13.4442399939749,9.75799895134721,13.3853462142992,13.8289886139734,13.6034879954129,13.7133760149264,13.9426119418631,13.8911751177217,14.1477677316667,13.8445432342377,14.207353483348,14.0431247420073,13.2134015601204,13.6133648575628,13.2407437584955,13.2334868892788,13.1716545418236,13.6282797794612,14.0305436287391,13.2871437326472,13.4019172406368,13.5383339647072,13.5686727706508,13.4741895767264,13.1256041741368,12.6178294684525,13.4995888806536,13.5803427392582,13.892802424584,14.2740735545142,14.0923897906509,14.6153023504609,14.3261164819217
P48604,autosomes,17.622938024938,17.3595583725148,17.3440562840377,17.292843402692,17.1416183408382,17.3570666428059,17.2320248091445,17.2905037730155,17.3952365519441,17.3162740929788,17.3047523158462,16.8771197979645,17.1703446839435,17.1254916526087,17.1843074473697,17.1190142823901,17.0573970809252,17.1418827884184,17.2621914700583,17.0061106560129,17.2045488416361,17.1377364733358,17.3600246704819,16.8963843235729,17.0534522986803,17.0143596225215,17.2366434325385,17.3745261268187,17.1600111238431,17.2869788260831,17.3677187377364,17.0483719901968,17.2802743752289,17.1506467795946,17.2664302179927,17.4566650037269
P48809,autosomes,17.741494523861,16.9960576618137,17.4907245604471,17.5339074281085,17.426424519324,17.7308162065024,17.5107154045665,17.7406085054793,17.6089177204522,17.5886601474605,17.5321085105156,17.5441732140575,18.1587492610287,17.8443652476024,17.4317772467335,17.461215726462,17.512504641205,17.5857922949134,17.3997867087664,16.8897556207291,17.4093754520489,17.6923039178933,17.2186205315591,17.2915130969165,17.4075894259945,17.4183426510254,17.3644651345646,17.4901713606825,17.5332152533386,17.5133665897477,17.7655491355996,17.4997036356817,17.8484347707601,17.4898394761318,17.9429734247487,17.8339881001524
P48810,autosomes,18.5979531298884,19.0258021921779,18.9937748067561,18.6116754790703,19.0068760037548,18.8244875799108,18.438029024871,18.7717217939812,18.6859998278723,18.6647836965704,18.8642048794266,18.2190295230638,18.5436924210389,18.4800084612832,18.4965282967857,18.4139721405302,18.2364448961272,18.2381971347921,18.5626931017155,15.8012300703085,18.442451188872,18.334554476642,18.0671250165163,18.1274083097688,18.6432042500893,18.3493409863697,18.7344683648022,18.620518684577,18.6944731360664,18.6269585337832,18.2217705534971,18.3026820550172,18.2767287902904,17.6696625776406,18.1695591347276,18.3068129604608
P49028,autosomes,15.2024885555455,15.4785856353878,15.4818018162683,15.3262962323068,15.2355693707951,15.7187995035057,15.4377705514808,15.684907493788,15.8397389754093,15.6197537855222,15.7640045609673,16.0443831291657,15.7428001759736,15.6032085473735,15.6141315840886,15.9247562815899,15.7856014639103,15.6588087990356,15.8140923975923,14.7824018594064,15.6271521337374,15.2606390308862,15.551106550949,15.8022819100554,15.9008270663721,15.7988298513689,15.5488310281366,16.0483124536428,15.6559108143657,15.604838257941,16.436678155079,15.9519210129572,15.3270190323387,15.2325492605021,15.8953393659723,15.3403803071474
P50882,autosomes,17.0680372305239,16.9394585782095,17.0446893754777,17.0787525915379,16.7975034072746,16.6297286246065,17.0697914347293,16.8449679685565,17.0816398635268,17.004850398926,16.8416438671024,17.1259851909015,16.9774025820831,17.176786396822,16.7675906950574,16.4149761213286,16.6240233836526,16.9416943629029,17.1730481453312,16.6358181195242,16.9782633278393,17.0121152359811,16.9695554177765,16.6098156301482,16.6200900343276,16.5184582026558,16.5707311537985,17.0914974931448,16.7417587331515,16.9983860858862,16.6535018178287,17.0011805286176,17.0776095271063,17.484145134726,17.2777435654705,17.1582669867359
P50887,autosomes,15.163612356448,14.9182331947518,15.0055054242938,14.4338198923199,15.2819845598746,14.9222356345473,14.8649043683487,14.6056455468885,14.7327081973782,15.5017725628744,14.9905240352798,15.2422809421285,14.1585435578857,14.3456005957147,14.8425517988663,14.7658810202943,15.0551743320572,14.7475344445858,15.352161120575,14.6204567813791,14.6418618300623,14.6731455349892,14.7754944055535,14.7514741240448,14.5427363347748,14.7917755179843,14.6882218614254,14.9636211957036,14.9623853321281,15.1289860414804,14.4013419989204,13.7191699413021,15.1415500593051,15.2144789411712,14.5627056086127,14.3785056880047
P52029,autosomes,13.9422177857826,14.0604456042665,14.5628375187259,14.0939466585634,13.6216370470737,14.0830478749275,14.2302946468921,14.0480431217597,14.0378407990044,14.4658138505632,14.1287724611071,14.2863142180355,14.5244610216194,14.6231735606998,13.0953694467,13.9160317067439,13.7743692959727,13.3966064127964,13.768083396308,13.5779024189595,14.1888742915892,14.0734545407932,13.8408703351206,13.6434935474079,13.6193063977789,13.8800586868566,13.9862099332679,13.937107397625,13.7783548907572,14.1279764535867,14.2726644163026,14.4490186005571,13.9272616387588,15.5200185121084,14.1638332757311,13.8588784493635
P53997,autosomes,15.7332396520238,15.8419536031513,16.046370519379,15.6582874883668,15.9967683965726,15.7802060702267,15.7495705216661,15.7263589155663,15.8178211194334,15.7624682861934,15.9429087679665,15.5556771443985,15.5948212293824,15.6738384207931,15.9307706054947,15.6378340075096,15.4730098377763,15.4342890694884,15.6479656998297,13.919214807456,15.4512056436429,15.6143345410692,15.1530552964959,15.0119614994623,15.6118152547746,15.1084694637619,15.5881745387033,15.6768083373645,15.8081309738443,15.7009711297077,15.4107987065886,15.6059003186173,15.4543561027284,15.1808915512838,15.5014391176223,15.4588648165821
P54353,autosomes,18.4314299413534,18.2786450619891,18.4231351951332,18.3910472212688,18.3645438608596,18.4832430532205,18.474776999713,18.4522702959922,18.4293621614747,18.4880804817697,18.4941685636957,18.1659748212361,18.7040429733041,18.7797390490956,18.3040662697487,18.3360309897189,18.3505791991284,18.5369604708276,18.1922499051731,19.1586142687137,18.4400246536143,18.4934772467,18.669861282751,18.4943907410301,18.162390992652,18.2361382306824,18.4753522683387,18.3436068997113,18.3002899963108,18.3354047183849,18.2525755306538,18.3653826931994,18.9118878204572,18.7150025104035,18.9775506800825,19.0810341595164
P54359,autosomes,16.50397182294,15.5160494572185,16.3102257224538,16.4261203438462,16.0964948162506,15.9801907226782,16.9992100276484,16.530554751321,16.7479906645411,16.7679077393998,16.5609705258947,16.9097802058394,16.6980202589101,16.9005600301973,16.1174010177088,16.2303944932026,16.3775741500677,16.184261283094,16.2879208493598,15.1680595625993,16.4079212960537,16.8012798349648,16.1591307510043,16.0360653476765,15.9830054075716,15.9813101643359,16.2821474219379,16.1449899647993,16.1275455003253,16.2524020803164,16.647995010248,16.3821628185874,17.2078271192922,17.1815017146238,17.3633880616686,17.1401815723203
P54385,autosomes,20.2930886703217,19.3854445027733,19.9696992962875,20.1067286862681,19.7112041541495,19.392177213233,20.3458980554069,19.8821647518678,19.9266070271816,19.8908499371491,19.7527160271481,20.2993611556767,19.8883463253555,19.8592221111794,19.4352962941683,19.5923608609981,19.6285385476145,19.5900184712409,19.5192960114807,19.7615584997834,19.8512360876999,19.8343833563835,19.7682101132838,19.2202362420765,19.3926392810041,19.3229342398398,19.3741407758837,19.6994526069627,19.5990997929232,19.4592179899405,19.8857518784804,19.8534719251909,20.2316184281382,20.097948485757,20.1796702024325,19.9550808970084
P54399,autosomes,21.3152882987418,21.4723928043954,21.3263883972674,21.2253310052286,21.3090236229898,21.4368911438459,21.2937303770219,21.3454572228311,21.3611281228403,21.3599985470498,21.4590671496067,20.9323514973402,21.5372332617439,21.3985017859661,21.6721291863599,21.4358662982709,21.646812174872,21.5863053180796,21.6006239581639,21.3213760400179,21.4674470097829,21.3405183100591,21.4256096571094,21.6082648476847,21.4856463052801,21.4493065241751,21.5210339968727,21.4256114683029,21.4494373695922,21.622135648793,21.5385680877445,21.5057313210268,21.2519327890697,21.1269500787159,21.2812352977849,21.3007280616314
P54611,autosomes,20.432578330195,20.3590396873726,20.2814874523928,20.3677835178815,20.0003674099504,19.9471980541174,20.3918264671214,20.1319369009451,20.1560168257287,20.1172119863838,20.0196172211314,20.3016248303645,20.8883145647831,20.6957696239508,20.4875745360196,20.2726196997887,20.2522179270595,20.4221444785815,20.2461498557247,21.0834256329086,20.5196338982301,20.5123760202721,20.6762414429653,20.3800037797837,20.0106377935536,20.0394701088095,20.5848534988455,20.122895975171,20.0985116165337,20.3245507402109,19.9434550798781,20.1073951726791,20.9745041173649,20.7292773167096,20.8705792408377,20.9651251568999
P54622,autosomes,17.2870616880072,17.3821653556386,17.5580679155525,17.27874494406,17.5445948919379,17.2485388439983,16.9619673074559,17.1567657543023,17.3552869225453,17.1424182253153,17.2110576680626,16.5908032649194,16.5964315383102,16.6389030848911,17.1864420106579,17.4660838190718,17.3549556090324,16.9651654000808,17.5334932808289,17.3815978426464,17.565490978725,17.2153963896797,17.5481332181958,17.2264737894066,17.3460435332631,17.4689351509782,17.7323571071243,17.5719580174849,17.9135130428143,17.4055909082336,17.4981135946362,17.256177558983,17.135023314685,16.4759670381419,17.1766185262463,16.9944992603565
P55035,autosomes,14.3132411706609,15.0972292245202,14.9381048348347,14.7195071742636,15.1567819977984,15.2666427810449,15.1094043116404,15.268279770067,15.2582510140857,15.1454163792247,15.4094479313115,15.1115664534051,14.4467562219088,14.7993504824477,14.8736964151491,14.4699779370507,15.1236983466128,15.1703779071751,15.010348068538,14.0747670224905,15.0861144900244,14.9283384982468,14.9582275927143,15.3411308804259,15.0145477925462,14.4160954479654,14.8180221830012,14.9253903341403,14.5784691813082,15.0202498653515,14.8186611275339,14.7811766855348,15.2099271181515,14.8266132951934,14.8222077376608,15.3105147878881
P55828,autosomes,17.2384431973293,17.2657794712433,17.3578811277645,17.1543454837564,17.0558440522125,17.2678706343425,17.2447437343711,17.2092575191064,17.4044065588987,17.4478621715257,17.4341377286517,17.0784971146698,17.174567421083,17.2450785402166,17.4845563312499,17.3484950956257,17.4766930179741,17.5555852176032,17.5562064036046,17.560866125046,17.5249618202694,17.3740028717215,17.7000328937098,17.2367868587194,17.5846756938607,17.3517189557392,17.3622953387725,17.6097180205319,17.3006550603425,17.4196836165762,17.7347885707969,17.578021897392,17.4322585807974,17.1612262080877,17.4168932996079,17.3873310069682
P55830,autosomes,18.4855909442329,18.160346648581,18.6267545555658,18.5962201689065,18.3713364498271,18.352306851793,18.6276963323192,18.497438459759,18.6022534074853,18.6797830331116,18.8074395928936,18.9346544975508,18.146337026938,18.3555721310621,18.0735865999396,18.2566832216582,18.1731666342694,18.1973977005969,18.4161230073102,17.913805068481,18.323334725778,18.2679968340144,18.265222623813,17.9850455396441,18.0422302310159,18.0985217647352,18.0279349386615,18.3826839080277,18.141993934314,18.0718665428284,18.3244229992344,18.374631613973,18.4758754481386,19.1560127886014,18.5634469391298,18.5660280247145
P55841,autosomes,16.439913416346,16.6029644663147,16.6926920706686,16.6245497000998,16.2864101055098,16.5402802060193,17.0066667912032,16.9127191185472,16.9831943236584,17.2577658631131,17.053959752063,17.28956737687,16.5411867835339,16.8932476601241,16.8020275509285,17.1289418543089,16.9183092575265,16.9969157963743,17.3500379354187,16.0638557762363,17.1181488950734,16.9083824487205,16.9386938786984,17.4593418429692,17.1582629263308,17.114220613217,16.8603834892459,17.2464240852781,16.8918429229023,17.0829256890437,16.9210903888916,16.8836584337416,16.6020010564503,17.671510618358,17.0761481293879,16.9658512814831
P55935,autosomes,17.2227860226355,17.5471323467778,17.3519640133688,17.2013897778554,17.178492838376,17.1082710383068,17.4386395580503,17.1934902281941,17.3739685834889,17.9743365293133,17.6950175646212,17.6009053223383,17.6689478556596,17.8104804043759,17.3588297218911,17.8477206835792,17.5126348717501,17.8860012265758,18.3878714012989,17.7519450392808,17.401602429873,17.3198857253126,17.699408513341,17.9684935616056,18.0580107055401,18.007530477442,17.6493568527889,17.4389576578715,17.5390323705421,17.3675560943458,17.6083679237205,17.9267027151768,17.4977288002731,17.6451335998367,17.4714454234382,17.6241192536363
P61209,autosomes,17.086010219311,17.0550756596011,17.7747719430262,17.0771103897252,17.051424542993,17.4215710005416,18.2822929975187,17.3652171023553,17.7525706309783,17.6271951122844,17.4918039237195,18.413070830939,16.1903491686366,17.2368842697488,17.4504546972842,17.8983620254912,17.8288454635814,17.4794332958745,17.4076057029368,16.2235415887496,17.6503666187377,17.5198519432758,17.1655585674582,17.2882101493266,17.900341165198,17.3791083747397,16.9922503657427,17.1141196533471,17.1834487787108,16.6053997754101,18.8598739048776,18.1992498708513,17.2645520747869,16.3382677289721,17.3028379301747,17.0448752312401
P61626_D85H,autosomes,4.22480474212415,4.22480474212415,4.22480474212415,4.22480474212415,4.22480474212415,14.381569430055,14.5886883125845,14.3581007627178,14.7484591521787,17.3909986166551,15.0923406757095,14.5693378691806,14.5377479237517,14.9754504054206,4.22480474212415,4.22480474212415,4.22480474212415,4.22480474212415,14.4515231132958,15.2500409796849,14.9217492721162,14.2684288249669,15.2124779893943,4.22480474212415,4.22480474212415,4.22480474212415,14.5471931148719,15.0172607136809,14.6615950457483,15.0099628547287,4.22480474212415,4.22480474212415,4.22480474212415,4.22480474212415,4.22480474212415,4.22480474212415
P61849,autosomes,16.8410127893173,16.84991630654,17.3575460072379,16.9860568712419,17.1417521457748,17.1544600849454,17.3361920208055,17.0486595818376,17.0594545359364,17.2226975546875,17.0334193992621,17.0299697546262,17.995406660819,18.1441075399639,17.613516352929,17.4718841955357,17.8637340216493,17.9055862463875,17.9951635264737,17.7410031460166,17.973993370232,17.8258126686643,18.0411215556784,17.948566773462,17.8936458928866,18.0924589647598,18.068156638496,18.1175650507887,17.859035443307,18.0969938151456,17.9287485690157,18.0998220884721,17.9745402450802,17.907623086904,18.0540828773915,17.6675509092877
P61851,autosomes,19.6257197708702,19.6373817820979,19.4211204019378,19.3786795444114,19.2235546223374,19.31216690319,19.1043142980494,19.4165127283327,19.3764518747962,19.3784803945104,19.3381407680241,19.0086190755617,19.2425927658189,19.1055047646411,19.4373027599141,19.1597026963891,19.1596016220238,19.4062919318331,19.2754588837036,19.5695344726048,19.199867495717,19.243111651124,19.4376560328741,18.8929216283732,19.075316357967,18.9602750692512,19.0420895269694,19.2310326763811,19.054332628806,18.9357627494784,19.2083834617592,19.3469446160286,19.336165764707,18.998670535695,19.0765804206198,19.1722810169746
P80455,autosomes,18.7054880838488,18.5010832883145,18.6473505226172,18.5220568968953,18.2088937805879,18.2015200685477,18.5103338281303,18.3549648537597,18.4318105807414,18.4166808637085,18.2001204435859,18.2094685972301,18.8112974256111,18.6739706448153,18.3628858367819,18.3998094299604,18.3282051924435,18.3803921548073,18.3720121286472,18.7404785944034,18.5528766194211,18.446473976757,18.6787800061711,18.3474229704642,18.0862829723623,18.0597117687595,18.3256001404303,18.4678077780481,18.3864486839808,18.4812748839048,18.3127632218806,18.3736327611257,18.7206901589424,18.7502383897244,18.7755878965871,18.8233514393003
P81900,autosomes,20.9005225491853,20.7587947241927,20.9395310919643,20.852092462295,21.3302637645429,21.010200303923,20.9557297245755,21.0117226475995,21.0973630551552,21.0350701806734,21.1733981277686,20.6748140255909,20.8767718562129,20.7944111932538,20.6455861452718,20.9176004459561,20.7923450168929,20.7651340242476,20.8675722180048,19.7653599452647,20.8261906093098,20.6240125038618,20.5371979981117,20.565545024058,20.8208798918926,20.8201597219161,20.826617423763,20.9204411039918,20.8904394016126,20.8507348779946,20.945948523518,20.8068271697689,20.8424299397982,20.4751619233588,20.8737443920369,20.7808552938233
P82147,autosomes,18.2359360131154,17.7792114822453,17.8445457610062,17.0490111047927,17.460709424498,18.3263689109288,17.3445413513262,17.6771407693438,17.4003524711739,17.6609153412962,17.230961010426,17.0708739106639,17.7947137042689,16.9779020207703,17.5652843262159,17.4460172172451,17.395777185876,17.740238885794,17.4254968411729,16.9439310436989,17.3898372252901,17.7357523179784,17.0628768190824,17.6157319018915,17.6975246445749,17.2622868422499,17.381144667771,17.7650859496723,17.1333185364753,16.8011728528817,16.7659983614373,17.3023731698214,16.9760532441241,17.4395869650413,16.9931279308939,16.7329179066456
P84029,autosomes,20.7479976317731,21.4157214403435,21.1152066981912,21.278904622388,21.5876273653795,21.428966819132,20.6127244316456,21.3299935016926,21.0724736650948,21.0585626313801,21.3999247172786,20.7725565989096,20.0238645780774,20.0453911891764,20.661293975763,20.8039733017205,20.6436662621644,20.6496520065278,20.4523190725317,21.0021202895251,20.3592378104925,20.4143044766222,20.8585399637499,20.892847270019,20.9515151272578,20.8878016719808,20.7479823039398,20.3393171365049,20.3938787221457,20.5975860779581,20.4425949087461,20.4380589719634,20.1376966962493,19.864005755993,20.0552109514524,20.1332640603366
P84040,autosomes,17.691819281269,17.5243641905249,17.8217262222153,17.822191490979,18.0957412110512,17.925377265338,18.2280177614372,18.1354157023929,18.3715919757824,18.9531082499537,18.3897246709992,18.1598084541357,18.7043442608316,18.87604710672,19.4844404687522,19.113139513142,19.2730188007747,19.3867660978324,20.2767736130125,18.9119394580062,19.3635518167179,19.3645578598205,19.2419184657989,19.5651362026035,19.6472743625444,19.1940567643948,19.2481490000752,19.1162477127424,19.2558268930257,19.3648699659013,19.5129312147924,19.4306125860561,19.022705981417,19.0310339447849,19.2643184145724,18.8484396515408
P91927,autosomes,14.7198704060687,14.752635209291,15.1462766731887,15.2687437598379,14.5704376456014,15.2152679187002,15.5055288402041,14.9103427977656,14.817015186799,15.1852394087824,14.8087355481611,15.8986965759748,14.7161679753746,15.0036095359858,14.4319483765078,14.9919437592029,14.4866591498355,15.6436635391122,15.103149599259,12.8590901889541,15.2280317562154,14.9405388853596,14.1854959559786,14.5302350360031,14.674030276317,14.878722157784,14.6344929206557,15.0788263040282,15.2334804876241,15.3101163928057,15.5450073767162,15.2380396507299,14.3953015252244,15.5289863375646,15.0958308373113,14.9303830113008
P91928,autosomes,20.1248522954937,20.1594357785057,20.1459950166704,20.1012843177497,20.3027687925051,20.271861552878,19.9443206253293,20.1839931128594,20.0797760748645,19.9633577470191,20.1387118108362,19.7699939530935,20.0299459786766,19.8647700674872,19.9170895548895,19.97778068525,19.9969781494616,20.0562964823187,19.7638450466855,19.8365299116095,19.9053969738138,19.7750203303316,19.9373073052108,19.5805276781415,19.8538893805552,19.661325251957,20.0445164579341,19.9532637469252,19.9766154557264,19.9793543588574,20.0189142521866,19.997722932795,19.9544970187077,19.6394270720008,19.8398092925364,19.8664385882402
P91929,autosomes,18.690068382264,17.9062247451829,18.1903692803911,18.2095897308827,17.7296012073779,17.7370230829868,18.5587718006164,18.0674360286655,18.0075077581649,17.9743045862647,17.9650062113739,18.4566767402179,18.3765000978004,18.3392789999106,17.7687308661304,17.9323914582191,17.8826228543299,17.9592733108033,17.9445699009384,18.5127158237615,18.0665218535047,18.1451132593357,18.3544605724628,17.6878964544667,17.6127179416633,17.6483278971524,17.7651192722365,17.7015831761581,17.6025899785785,17.9375351198226,18.110015133127,17.8959883283555,18.4048014698347,18.5691764098695,18.6353036376286,18.5748633512297
P92177,autosomes,21.2589271838869,20.7724369288736,20.9071305413672,21.0274116012364,20.9172774036656,20.8625894627864,21.1915955709712,21.0434065053561,21.1652599122564,21.1303591334406,21.1286003116326,21.3420216502965,21.4353058158552,21.3740605330934,21.0690677501443,21.0208876030986,20.8679649153796,21.0017475509779,21.0311151055231,20.5594160833645,21.1382681919813,21.0050142541299,20.8505688866435,20.8831013324301,20.6940277323573,20.7941548720898,21.1329082630028,20.7961709545024,20.9681930273214,20.8536418230032,20.8928142919442,21.0033152429621,21.4333351487137,21.385240211701,21.5680970415576,21.5097125685742
Q01604,autosomes,19.881866200517,20.1940335293085,20.1105664176062,20.4822887471546,20.2210996954044,20.0197056273438,20.2714689730748,20.3418007391621,20.2273513497073,20.2064154335554,20.003564516146,20.3613145428643,20.6816824512195,20.6297053633894,19.9872167550184,19.7684727176305,20.0862012839872,20.3260352811575,19.7610539410534,21.3890543807254,20.2934643640409,20.3883965560543,20.7675454223879,20.0946352653385,19.4898196704143,19.4489258478767,19.7657259713134,19.6846393249786,19.5503464772667,19.7520218647814,20.000618640464,20.1794530949308,20.876198881562,20.875092084527,20.7893156383874,20.9948312587743
Q03334,autosomes,16.4729541498121,16.3987147010381,16.3847887313504,16.2392896733666,16.4423179880033,16.2978986610506,16.2770925880096,16.3746795968011,16.3220681854577,16.8961736946864,16.6078737192855,16.329704320355,16.3808469694953,16.2825387940479,16.6406260348454,15.9740486024268,16.0107452995636,16.4691605824699,16.4507880836691,16.3949600751025,16.2378634962042,16.1351309193972,16.2623745399264,16.2558908641193,16.3776882955533,16.1498316791222,16.1381890748223,16.0946923253365,16.1936588147575,16.0479946881109,16.2308842448863,16.3307989260882,16.390896576721,16.3633634251048,16.2241896142734,16.1204470930863
Q03427,autosomes,14.6032378517888,14.607259010766,15.1787580021052,14.8454349181615,14.6584473625278,14.7297353328092,14.7731702458414,15.0011895980035,14.5803361440029,15.107398596799,14.9616680047142,14.6944553866184,14.9564841932886,14.7989150358683,14.2561994271216,14.7590497359178,14.6043988543382,14.9079606352404,14.5678622289527,12.7735907991087,14.7266309211007,14.5770510534094,14.553489238192,14.1958693264023,14.4335841940449,14.3293880284282,14.297898283213,14.9557343742676,14.916793374821,14.6864508993688,15.1652317064849,14.4454129957811,14.8558231479305,14.4014449432535,14.8888204477795,14.7343273472367
Q04047,autosomes,18.3731893348099,18.4394157719751,18.5431630323385,18.3903831871164,18.6026101072415,18.6454163842473,18.5037533258141,18.6061867787608,18.5236321617852,18.5207274862572,18.5992404221756,18.3636337498953,18.8818046620115,18.7767479755913,18.740955211915,18.6382562324837,18.6335721381954,18.6988268998559,18.6995281098861,16.5616626271245,18.5629592853002,18.5033961623269,18.2385844051172,18.4883353954571,18.4066422020642,18.1809316323085,18.6554990908801,18.6807650149765,18.701759772431,18.8223498997873,18.4344909135203,18.5257123236091,18.5496628086862,18.4002197055668,18.5276182372171,18.5533623458862
Q05783,autosomes,18.646431029089,19.256374598098,18.9758752745349,18.5661894895647,19.2090606621305,18.9378841857043,18.4314123728271,18.760868104296,18.6060147891286,18.7462540044454,18.9962188521204,18.3984382420649,18.8219841754571,18.7045857595462,18.5981754345881,18.4786625256843,18.5509546349742,18.5345403767507,18.5282405003251,16.3475798031525,17.9138220144288,18.2579921701007,17.5693926842972,17.8493879117117,19.0125671649213,19.065843014522,19.073828589864,18.4693514996876,19.1687620743273,18.4008773947037,17.9108445218718,17.3236444939707,18.127656985053,18.3976901656168,18.0021166652654,17.8869703739058
Q05825,autosomes,22.4144613151877,22.5095659628819,22.7026978200662,22.9442046689709,23.5891355852007,23.6695313367662,22.9384660856022,23.326927179588,23.2307264343302,23.1816262793282,23.4180964545918,22.6194329459829,23.2191220225324,22.9200213676325,24.0451503075184,24.1150947402806,23.9510711367642,23.9644714135525,23.7139515833112,23.6020641401483,23.6915678079302,23.6567041085624,23.7001710984257,23.9613224271691,24.0367432301823,23.9507640825287,23.9335013478247,23.9311358604909,24.0927837283717,24.1415939906925,23.8159159068719,23.8637364976894,23.4789900821574,23.0610484068659,23.2866156949735,23.2921981203836
Q05856,autosomes,15.9934505264363,16.2323308909158,16.5340895437327,16.0929485918901,16.9210267856294,16.6745845813456,16.3754068664305,16.5513186941461,16.7289048022127,16.6991880316215,16.7211077949662,16.1038819185769,16.4619932489908,16.3399971819576,16.4444136027005,16.4127806869617,16.4920469843082,16.5241803632325,16.4122453744388,16.539189537438,16.2537014505265,16.2597293079494,16.6948881049774,16.1769885606113,16.4024161235639,16.25556461417,16.3353613741826,16.3991829487059,16.1934297553314,16.2830661937334,16.545094724906,16.4896492003058,16.6538486595479,16.3246867287695,16.6114531325622,16.5720862817044
Q058U3,autosomes,17.5577409141153,17.1165161274997,16.6917999369915,16.0963025703286,15.9243914471967,16.4241185026232,15.6457125227175,16.852462630534,15.4932426371441,16.2659753664788,15.7717900776815,16.8686626438314,16.7749736996047,16.5186237088615,16.4179628333182,15.9694324462251,15.4293692562315,16.8150846646643,16.5831713495959,15.3953066887208,15.9273536613326,17.1040855241785,16.6930530914982,16.2740643547937,15.7730173308925,15.4340013150915,15.80731888355,15.8819353595661,15.7451477972633,15.989960739359,16.0307420176486,16.1842321048636,16.1053932502796,15.6315474965804,15.6432572458788,16.9094528900481
Q06559,autosomes,17.7787101482506,18.0080061304475,17.8553961875924,17.8722797941286,17.2516068822113,17.1828972726672,17.9058495319124,17.4281091291834,17.5755279734469,17.5424633584098,17.1297580882187,18.1097065146607,18.03866856586,18.2178485146456,17.3586797202857,16.9523498687918,17.3006113253655,17.4593327627448,17.3436774929101,17.9719895154495,17.4423564688355,17.6000126985535,17.8595022990822,17.3707056255913,16.9382930890241,17.0039212934277,17.2218274024518,17.0428435305146,17.0623426968212,17.2170955787956,17.094845316174,17.2344153050565,18.0764711074695,18.3542019982739,18.0955356965737,18.0284584161994
Q06943,autosomes,18.6728692164428,18.9462708531642,18.5815309312953,18.3599550601099,18.6996676761998,18.3902019341039,17.7209429483853,18.1253963001254,18.0338895191119,17.8924890823013,18.2272010331426,17.3945646404192,18.0050309766256,17.7677588248587,17.9131212717099,17.4755882526215,17.4521492858156,17.3413991622518,17.7876784210335,14.7764575963555,17.243850872669,17.6067457546431,16.6246968876632,16.9728201406227,18.3437813705133,18.2540629947616,18.4928436480534,18.0028403287627,18.4822126673441,17.9024583893547,16.6893804692133,16.4001492779403,17.6312230294861,17.5077169936238,16.8629356310647,17.1006276561305
Q07327,autosomes,16.8202131717373,15.8103664019999,16.743559437951,16.9109584578089,16.4895982138203,15.8499563356107,16.8341491299001,16.4191099226041,16.2323046804633,16.273781483374,15.9615902962412,17.1248133317228,16.1209252493089,16.2955878943915,15.4172593312895,15.844555740318,15.8093154828732,15.629901950034,15.5705515172575,16.4198730280626,16.1508499660625,16.4601111720582,15.8726155307844,15.437917106576,15.5909067705722,15.4775734851713,15.4776248761001,15.616348753201,15.3902053454634,15.6148215720584,15.915900843395,16.0016943494221,16.0862996616053,17.0706012938725,16.2524352335942,16.2134440258632
Q07892,autosomes,13.6881161844826,12.7599848302348,13.4231346413865,12.708882526999,12.7726544637063,10.2551136816733,10.1888057461308,13.3691221072067,14.0873288144449,13.9548852906635,13.1279223351241,13.2499909191134,13.2942033334327,14.1242108585246,14.0457622955011,13.4247727405672,13.8838527626752,14.3930246470001,14.4811368106024,13.9293484142528,14.4049414733103,14.9478609296283,14.4351413435771,14.7434210999619,14.5380157842371,14.2669808086028,14.2872208694237,14.4445278863124,14.6759499603604,14.4937069058507,14.2815474533418,14.5190762988667,13.0869057240075,13.2634196582987,13.8540756748018,13.3803713724949
Q08012,autosomes,17.5142381871548,17.3971616587044,17.4502590943525,17.3750184981682,17.4506341037091,17.3686665985393,17.4543291762047,17.2387458578166,17.4711469933868,17.3235309875875,17.4870342704091,17.1168535562577,17.6230368283467,17.5846196376951,17.5446104898048,17.6375561966606,17.4692223127477,17.4420556746383,17.3493509072462,17.1870027860507,17.5190373242278,17.2875952963095,17.3562735995844,17.3317530290495,17.3310771948672,17.3734942124464,17.3995447294958,17.483361097599,17.3750116847719,17.2632726438712,17.5777001125661,17.526274646011,17.1751669254997,16.9876366889123,17.2900109439969,17.0678356230014
Q0E8E8,autosomes,16.542700723726,16.2897359207968,17.0158367406067,17.2991832824344,17.6230326475834,17.2421964246472,18.4992784481089,17.4166151655728,17.536516229587,17.7483505567698,17.6282599504318,19.0069031221877,16.4355009004631,17.1169984457891,16.3063482404625,17.1070819386378,16.452585474868,16.6922404421052,17.2216435352128,15.1435682149023,17.5415376990359,17.2284343343807,16.304139590199,16.2021091621196,16.8181993413194,16.7469073460847,15.9307679736319,16.6036621848682,16.874603352329,16.4396869534108,17.076828123289,17.3993769401307,17.0838264112377,20.3064175315167,17.8686859621602,17.1746397242308
Q0E8G6,autosomes,17.4626380925889,17.594552921575,17.444245861129,17.2563369763638,17.2749693781606,17.0152691465613,17.0360326367702,17.0182660445449,17.1232376036163,17.1018766225835,17.2496375958942,16.9381062302278,17.4195505452357,17.2884046707954,17.4504315223525,17.1923018161672,17.0534060989963,17.1734633332846,17.083985016209,17.8324613293217,17.26607966764,17.0738560324692,17.6458937458399,17.1114366337668,16.9372894057464,16.9553829534228,17.3915178409813,17.1277871144346,17.2819284719305,17.1650482001504,16.8617438324798,16.967776589425,17.3483267530728,17.0427774617801,17.2116585594005,17.2548602240776
Q0E8P5,autosomes,14.4075130408499,15.1161772978091,14.8175536961045,14.9480501096984,14.6268032209619,14.7742301489346,14.4589569252089,14.3173352301132,14.9074579724429,14.5500613980072,14.903890600426,14.5790792164632,14.6742059454774,14.5616870541228,14.5016616393481,14.9433269148652,14.6701873137362,14.5409535153287,15.0905329484639,12.8442423846168,14.4386679382584,14.9570465144004,13.9625534272391,15.0157343187298,14.9262330919401,15.3947457318012,14.8097751554918,15.4092072356159,14.9795002065776,14.8183605831593,14.8781986920424,14.7596751523628,14.3121651905156,14.1352231486415,14.4222556727232,14.4063376777336
Q0E8V7,autosomes,16.0921673605127,16.2749611442756,16.5437137339483,16.4109749788442,16.6019977493312,16.4565529847168,16.882451107422,16.6867571336462,17.064606625915,16.9036861915425,16.7627584070036,16.4298060568798,16.7779019223222,16.7639086061486,17.0425499244805,17.2498495303092,17.0145777611066,16.9560608952287,16.9593374022798,16.3191819975167,16.9180729932335,16.8415136953203,16.5591146480129,17.1587587241485,17.2282026987832,17.1256015911428,16.9049355594197,17.3135539175007,17.28993845391,17.305706651599,17.1415828058783,17.1241104348946,16.7309363965041,16.5606447977195,16.8238233701195,16.906754430805
Q0E8X8,autosomes,19.6314042327821,19.7942471289883,19.4590628598575,19.4305558168247,19.8970214327996,19.6324286918286,19.0453673466104,19.4080467168248,19.4310718401754,19.3278338327962,19.6618506346565,18.7588185544505,19.5004458905127,19.1045556679665,19.7909528225662,19.6776251358455,19.4766250176659,19.3894920196975,19.6781303455985,19.4519305437966,19.4760690115164,19.440426749924,19.4908743762834,19.7203106772601,19.737141512103,19.5835568652652,20.0104182818946,19.497648092976,19.7375946225105,19.7195451844281,18.9651666258218,19.124872159726,19.3704935637935,18.9915373302538,19.0886998700834,19.0341949729889
Q0E9D9,autosomes,16.1646542504781,16.4770428710489,16.4860213304865,16.3159011703267,16.6348162813018,16.2985687427516,16.5256729410714,16.2972199671255,16.4076160894726,16.3326059635045,16.5114771849872,16.0435673220854,16.0840650397469,16.0749065197847,17.262133788918,16.5195882297515,16.5595906876247,16.9758335760281,16.7909034828829,15.8673328633015,16.758578116913,16.351001319971,16.565263762401,16.2628707563008,16.6635562341265,16.3920169288754,16.5047406168728,16.9620343222371,16.6728234998,16.6552663990142,16.7095931009833,16.4818927545842,16.1433058869373,15.8375307965141,16.084419454172,15.6387029526856
Q0E9E2,autosomes,16.2156077907225,15.9912534215907,16.6351405550105,16.521891276276,16.7238597028298,16.4391317452386,17.4755061003437,16.9694683672786,16.7624483762697,16.9304008823252,16.3533117633672,17.8078283089207,16.3884000320898,16.7750897979722,16.3718016616618,16.6527164652595,16.2835628138786,16.7606654165025,16.4908493060832,15.5244197559936,16.7665636063035,16.8556262060695,16.4819852450444,16.6889292565125,17.1166563106935,17.333782118521,16.2074551989324,16.8296822951724,16.5695036539702,16.5340119132987,17.4779134385299,17.3829716256257,16.1619985521148,16.2864202877447,16.1882563619653,16.6100801352153
Q0IGZ1,autosomes,13.6846986816815,13.7100102008639,14.3536428878717,14.060545103089,14.1497655368954,14.1317416152645,14.1135739174548,13.9683706514786,14.3315044867835,14.3785207124212,14.1411320874847,13.6065747496822,13.8623579611399,14.2768028498376,14.1385236667931,14.3461929700883,14.4641328497933,13.7753544866606,14.0647798609729,13.6520678368794,14.18943019832,13.9831361364311,13.6146773530867,14.1581956776105,13.8442744372317,14.1993701200677,13.9186753437264,14.3599611819991,14.3204987147119,14.2108832504937,13.8854082870813,14.0103584908273,14.313109838941,14.1626772932968,13.5810032901438,13.4204964787536
Q0KHR7,autosomes,16.7550093772275,16.1187901175579,16.8777396384789,16.6887635652656,16.6790510056488,16.7718199314084,16.98755228589,16.8913791172898,17.07454769526,17.0129320401581,17.0893796644323,17.1094923697487,16.7135751705103,17.0075793897005,16.4847670431551,16.7845500235298,16.7878781748,16.6295699286749,16.755240217312,15.4667084138353,16.6969237887938,16.7207320523887,16.4184944677395,16.2817850606494,16.6138240698792,16.7958912978652,16.7014110803626,16.6876377261706,16.7817975984677,16.7497237633754,17.3593298530923,16.9941251408696,17.0291979628415,16.9124906168236,17.0314003677307,17.0040251103326
Q0KI76,autosomes,17.5165811647573,17.7668935704733,17.7140904495303,17.7100098017706,17.3017549013087,17.7595633878417,16.9018101386023,17.4024367349299,16.979869229021,17.0489450530779,17.0910280016223,16.8044763128345,17.5864148395387,17.7347930021732,17.0211293713097,16.933073159416,16.9821724745033,16.6357786760505,16.8261410556799,16.4767503333889,16.8635130504413,17.1403630584099,16.5672684847343,17.1085704159785,17.4762257540578,17.5859923507078,17.5816138201645,17.2334472036665,17.3668665678365,17.0567008804137,17.0173204588704,16.9611566560494,16.5865904079602,16.627345357119,16.6583623750692,16.7474873787169
Q0KI91,autosomes,15.7495972975479,16.0282472032372,16.4518532196997,16.0631857803755,16.2164695844036,16.3488588076086,15.9866690603454,16.3352973836173,16.2317913380785,16.1013878339936,16.4367632059441,15.7128044661839,16.0351269140658,16.0264950155622,15.9837420308412,16.0156688421843,16.1940421826777,15.4904234991532,16.5165303608243,13.3163722411463,16.219440984496,15.9672063076562,15.7602566189459,15.9959828895453,16.3969499862807,16.1631621827105,16.5117400744384,16.3224816375923,16.6422504351664,16.610852654936,16.3148086710113,16.2176783925173,15.7649411642244,15.3505053001689,15.706061029899,16.0796297274007
Q0KI98,autosomes,14.4080656413231,13.4758914120807,14.1562788233751,13.9083581806075,13.8037594175299,13.6248289445351,13.7309879840974,13.485215251897,13.8159996252157,13.6339676509754,14.0393806398428,13.7654976184743,13.7577375421976,14.453637908167,13.793134098286,13.8567151332258,13.3399375420989,13.821928750417,14.0727890935187,14.0624291106727,13.7169161147732,13.8581407911535,13.7880331084623,13.1556483616703,13.5162718925188,13.7257954931033,13.9312518679202,13.7244584668347,13.5392050973848,13.884889903402,13.8755173166328,13.8311184010612,14.2089521626323,13.9305432726275,13.9641462322855,13.9494246510862
Q23983,autosomes,19.5473560912657,18.5956434168736,18.9468505782804,19.1674683109304,18.4484725805016,18.1975780569183,19.5576730801455,18.8945553733637,18.9916794839576,18.8767674577804,18.5771269390249,19.5264957772737,19.5247621920552,19.6833451533377,18.6580075170987,18.9244763641187,18.6512296916841,18.8676807013846,18.7810497583406,19.3875581124074,19.1620537791926,19.4034197333226,19.1674089411301,18.5856575934301,18.3868273175284,18.4260461812809,18.7970954766601,18.5632991625921,18.605150174911,18.8305413760945,18.8516313200322,18.8496649175239,19.8265493702019,19.761562860875,19.9990452403036,19.8706137373602
Q23997,autosomes,17.1115457987339,17.0698612898085,17.277049682396,16.9045238737791,17.1080679184208,17.2773341822173,16.8341211085345,17.1919682182159,16.8934442482149,17.2089517570864,16.8570688703513,16.8022545445977,17.0583538938518,16.9402497328003,17.040909316537,17.0747382791129,16.9749475398949,17.2199088095512,17.2837272798197,16.6870472001646,17.1834566739689,17.0221720888654,16.9232222265342,17.0958825696936,17.034423662999,17.174369098954,17.080460378871,17.4734386181516,17.4286857189833,17.1604818490389,17.1767089291012,17.3469793992809,16.8538804121549,16.5936615004584,17.1004868060018,16.8947874980735
Q24036,autosomes,19.6263473013429,18.7075669968231,19.7315742651834,19.7036330969976,19.3414362260417,19.2814903611682,19.8347615360712,19.3565785480252,19.7076826511835,19.7873198074221,19.6553075013917,20.132856360274,19.2879107001758,19.5798274200333,18.9559267060196,19.2161485683065,18.9279542929704,18.9554448053833,19.7077093345826,16.7869758826767,19.4232863567012,19.3796448084572,18.927355308835,18.6752569845912,18.9757805824058,18.9048924608347,19.1592188244461,19.3908364596654,19.485532825727,19.0407121390204,19.4848569675783,19.4390713287173,19.4072717239799,20.5219597019215,19.8070936716137,19.6315086060358
Q24048,autosomes,19.7197422424471,19.5541395954877,19.8196193670567,19.7766129466464,19.5886836416784,19.2825083588122,19.6448575182715,19.439357326972,19.6433908866924,19.615601889275,19.5171730608589,20.0180778665205,18.5053106250724,18.8375118423921,18.8033216284867,19.0562111269541,18.6857942188607,18.5723149335063,19.5196250009997,17.7413017093826,19.1624555508963,19.0671955967865,18.8034937859197,18.373977718989,19.1555182074517,19.2038833485845,18.7887179259935,19.2777491474961,19.2425162943483,18.7842945943905,19.1561871029425,19.1775853503871,18.6310832892734,19.7544882274329,19.1099973049945,18.7263592078838
Q24114,autosomes,14.2896536781102,14.2989584342819,14.4846742043888,14.5330816586139,14.4598898900326,14.6681518774559,14.0906055263025,14.690791772358,14.2238328570644,14.6875321987284,14.2567416689143,14.1557508216588,13.991795766505,14.2335741962281,14.8218838157698,14.6245326576385,14.3889521053884,14.4734208713805,14.7617841454176,13.9284184397147,14.3091361321918,14.2391813770629,14.2286921951719,14.5316804263843,14.7601546903349,14.6242251266991,14.4504297788237,14.5803466258254,14.8012215470609,14.0187660533518,14.537740089595,14.4826801176804,14.1160847809505,13.7853259414505,14.3249248642229,13.9260680816951
Q24133,autosomes,16.9430279415372,16.8213215275599,16.9778212062837,16.620052869016,17.0263512196831,17.1607117797093,16.9624610972781,17.1427331576431,17.1594850612021,17.0252250998243,17.2105057861363,16.6698031485591,17.0438447416353,17.0187557872906,17.3350696118687,17.2718234580754,17.1623840321239,17.0986560372506,17.0355262515375,17.4905142984746,17.0561364180545,16.945435454655,17.2181350394227,17.0564691679681,17.380368229186,17.1095909260254,17.1362720232045,16.9731433428302,16.980298566743,16.886298807065,17.2668122243021,17.1775296634565,17.0787893131252,16.5932350689774,16.9283562853893,16.8283579345885
Q24147,autosomes,15.7061429746822,15.4659488623049,16.1793997662596,15.7457900707241,15.8870112696127,15.8233911023893,16.0100891952365,15.7216812119087,15.9876944617414,16.03684588835,16.1094463269173,15.5134578359986,15.6167248075189,15.8646135605379,16.2244250631848,15.5400398271636,15.9383312772914,15.6905423369012,15.7114438476569,13.8276323788398,15.8551372771124,15.5750176435032,15.6251336097751,15.3231103915105,15.7291290418676,15.5695160930104,15.8630371763819,16.1742950510328,16.0485018299921,16.0405617178981,16.4631010933099,15.8842297152982,15.8861417610526,14.988132574657,15.778875385946,15.3222817078129
Q24150,autosomes,18.5256889877307,18.8470207995536,18.7039452220042,18.3812657170034,18.6112697864213,18.7327999883903,18.3201389028824,18.7011329380545,18.6770622241565,18.8023942148845,18.8270537874351,18.3638898521628,18.4506451312756,18.4109167013437,18.7273956294759,18.4937968153778,18.3148441294169,18.3279727789477,18.7772516384901,15.6312731283687,18.4655564014107,18.4262754222168,17.9778714308237,18.3261760852009,18.6856724392741,18.7240990543348,18.6849444290779,18.7321083109087,18.8043656844797,18.7884971390456,18.6579160591526,18.5440983019446,17.9733773812874,17.5369118833316,18.0950147327716,18.1680455930082
Q24186,autosomes,14.6932139474028,14.6698021861536,14.582986276902,14.4520994037092,13.3260361330882,13.3870446856857,14.1137082574371,14.5584899497974,14.3061483058134,14.1836276280776,13.7680628363206,14.4825297860513,14.1436638956555,13.5453256459625,13.4962057570724,13.1912968718407,13.3080699494945,13.679581603752,13.5846108926013,12.7921187309989,13.856757432142,14.0330614135928,13.49349632661,12.7118591443862,13.4306569377827,13.3010942411347,13.0886345278645,13.2911180398856,13.6766288782446,13.3824346034443,13.7379237766491,13.8575456719311,13.8783422151321,13.9194231169366,14.0580515334196,13.6660583881625
Q24211,autosomes,20.3708768833106,20.4947520875747,20.2654510822547,20.1290461966442,20.4746124104462,20.3050245639221,20.0442732857624,20.3296483332864,20.1942472806471,20.0656462955631,20.2876745015473,19.7041779369395,20.2078248176397,19.966631149533,20.2932633810384,20.4392756711907,20.2545523651783,20.0031372963314,20.2406135113136,18.0168070216558,20.178547260562,20.0492955828196,19.6501887030073,19.9810718227216,20.3579930116901,20.2327477222804,20.4790791486843,20.2549457810804,20.5263079234807,20.6013155556221,20.0360747306148,20.0110505581559,19.6940599423158,18.9546460104741,19.5263467397226,19.5654900843614
Q24212,autosomes,14.0131762931965,13.7023371794869,14.7994865161488,14.7963151885352,13.646569034465,14.1163644824356,14.8180812165522,14.5356743509333,14.8103853545444,14.936855596118,14.6651400916781,14.5645861564914,14.1147225206118,13.9752108504644,12.8753276623842,14.5052202628447,13.628246138804,15.2180879264214,14.5123566917025,11.2598883386391,14.5011381198395,14.20532491599,14.070298885239,13.2970690176308,13.2341657770335,14.3867123081464,14.1090935819843,14.9121325804406,14.4531229274497,14.4115154058857,14.7212327561254,14.9527360149512,13.9548536599954,14.9899941138385,14.4645342882974,13.9259058086324
Q24214,autosomes,17.4984960562952,17.7762694083039,18.032723751432,17.9218104453454,17.5818510804813,17.3775672263099,18.1056273488645,17.8069553366489,17.9497168433239,17.9597249505792,17.6653126423961,18.0089556222716,18.4701194958806,18.4323193854055,17.8917940738357,17.3691068306976,17.8204367642503,17.7052212720277,17.5079679989713,18.4852435856996,17.8138021773835,17.6762327654389,18.151006331826,17.7121466906495,17.2875021797162,17.1370101783718,17.6405918768349,16.9197787151231,17.1460429322099,17.3251948780807,17.2199860813304,17.3678722923658,18.5009794732767,18.3570020399332,18.6120257482508,18.8411794965298
Q24251,autosomes,19.4282534478677,19.5859960109903,19.7874894071093,19.9571142087594,20.4610840603798,19.932667693881,19.9614369592322,19.9498015991385,20.0465436199624,20.009629593098,20.1508572472103,19.7448771921782,20.4090361482589,20.2978141653769,20.2045313797938,19.9534053708104,20.2354237306634,20.2584396366876,19.839809371472,20.9868030470576,19.9713988135688,20.0386372622118,20.4583258070283,20.2231331645467,20.0465327854996,19.9571719031719,20.1912336896014,19.8304968939329,19.8819678780392,20.2424094720215,20.0261820879966,20.0027096924176,20.4939516955596,20.1516345252693,20.4234527318242,20.524730298246
Q24253,autosomes,16.9421592751123,16.7521571062733,16.7980922402762,16.7463809232232,16.2737552761595,15.9385684941782,16.91825698596,16.8004500852233,16.3220990338053,16.2433295561351,15.7903203248154,17.2965163393716,15.9865147850381,15.8684822005323,15.1861841301053,15.5733911275914,15.3863275175957,15.3611857845576,15.6362105244691,15.7984507043425,16.0945599114832,16.2610592331074,15.7757951416758,15.464842111255,15.5032321256405,15.5302373540716,15.7454865554179,15.3528200842732,15.6647284760672,15.5408199751924,15.5748084172696,15.6409971555264,16.4114470637327,16.8423912054141,16.3791991007662,16.1087126751633
Q24319,autosomes,15.256257929731,15.538030801178,15.8361531651896,16.0429667966674,15.4080413851103,15.6394713696813,15.9101749140491,15.8045794492433,15.8256606031164,15.6977864278151,15.7288658421317,16.0623693295416,15.2705041180624,15.4066837372716,15.0409629440266,15.387359027001,15.0866620258296,15.0748565861569,15.8431783371641,14.6117408399482,15.4358317968248,15.1163291188076,14.8200395512592,15.2123477568001,15.6306487643606,15.421327158942,15.3731837904546,15.274442254897,15.6301203280154,15.3289107738377,15.9557052464304,15.436919649736,15.4780375372929,15.9128531184347,15.8229774555449,15.2255457802388
Q24337,autosomes,14.3447097368084,14.2935262898931,14.1559557663549,14.1597210455161,14.9797699609433,14.1244869112875,14.7036917204761,13.6057750475875,14.0458240887665,13.8157450163726,14.4668610825675,14.1184724890062,14.4122353659036,14.5626225546974,13.693645321215,14.2451070545509,13.9770444755806,13.7838004203383,13.6351905999764,14.2918613500307,13.4431678510049,13.3130602979043,13.7442223725949,13.6061249352631,13.4422001964968,13.1978923735823,13.9022007618889,13.733039728088,13.8855393038698,12.5792697502644,13.1900606330461,13.2366783260657,14.6555340060548,14.5513474966927,14.3203254773579,14.2564586159581
Q24372,autosomes,17.2794254120992,17.4241914112257,17.2793595701908,17.1514095082023,17.1346538390553,17.2657568168191,16.9588864556304,17.0485159294463,17.2022566698918,16.9749791223578,17.1938273202682,17.0057404375165,16.7453558739921,16.7309247845753,16.7188520636122,16.9192330913615,16.7085260003068,16.6886849889919,17.2564003439394,15.7809048909035,16.858199593294,16.8787970448653,16.6557238154264,16.7504550907153,17.1647676491805,17.2072493314472,16.9762115158322,17.0682726693387,17.2547857334892,16.9641167632683,17.1358809929635,16.7093841778327,16.4443692334848,17.0255872118544,16.6587285118401,16.594830480266
Q24407,autosomes,19.8687729457794,20.2188984737978,20.3639525671081,20.1567071299483,20.831803095211,20.8337413542733,20.2067326855698,20.4679176435186,20.6206645245417,20.7257804866567,20.8404988831917,19.9689371373866,21.1674852348451,20.9217010015789,21.6106450733151,21.506877991613,21.5924407844162,21.4637428769621,21.5398507148003,21.8857971550131,21.2883464048427,21.3942378946228,21.4455910256521,21.9520697126777,21.8517714999964,21.9236541299942,21.8062266829316,21.3615425696711,21.6649191899553,21.8058759437298,21.2312365167116,21.3591862713791,21.0950572497688,20.9078402741872,21.0424715431604,21.1152250976526
Q24439,autosomes,17.7695152557205,17.8444845271297,18.212713850586,18.0636767286428,18.6030117475531,18.7158762084119,18.9673712638648,18.5872700795677,18.7430856207059,18.8727381309744,18.7885774038871,18.5504172126869,19.9763836893168,20.1715155353127,20.1345057092837,18.9271106274368,20.2802710726835,19.9214434889404,19.7083144426918,21.7089399121806,20.0121758153322,19.8992722995212,21.0422437993731,20.3995960760057,19.4219713828364,19.8151887064817,20.0215964873401,19.4349038394977,18.9097844690097,19.3268703188925,19.8686332011985,19.9403470619764,20.7559491313781,20.4357654176828,20.544518524639,20.1039561037179
Q24485,autosomes,17.4751322928867,17.8918067420869,17.4779017770071,17.3914158949941,17.366461411778,17.4814134635771,16.7507390076349,17.2503466117483,17.1898291172881,17.1973234098923,17.3812021788441,16.7338177018925,16.9801719667135,17.3009485994923,17.2053824136403,17.1266103692248,17.1115316751299,17.0407456630309,17.4780043019648,16.449487949311,17.1791272804007,17.3150434390449,16.9407158535226,16.9891622073063,17.545432024747,17.597020806318,17.4005555269299,17.4886563348311,17.7449322395913,17.2949247758121,17.0824030674913,17.0863406639939,16.8299047087694,16.839570047862,16.9787932130307,16.8655536672314
Q24491,autosomes,18.7643616090813,19.2884454350077,19.0819430901024,18.8432701741243,19.2689003457889,19.4324282301817,18.788763252513,18.8778549132458,18.8633204835911,18.941433521361,19.2083939347217,18.6807641195437,18.81852049833,18.7416609080018,18.9494943719345,18.8361254598315,18.7946736850088,18.8072853319541,18.7588899741817,16.8303116790184,18.692741550573,18.6848415056954,18.3591383040746,18.3153470503707,18.7607719962596,18.5822287451818,18.9798940904322,18.6875191502099,18.9087683848801,18.9838618865912,18.6785837427415,18.6892206127336,18.6210796426193,18.2901014846369,18.6205957729025,18.531656508851
Q24560,autosomes,21.3025015923279,20.0544037518803,20.8340849282883,21.1824633051809,20.392574057616,20.2923573467486,21.3284126769446,20.7696733702579,20.9207760764575,20.8772936305724,20.4555126092096,21.4367211427219,20.5897141037481,20.7499610857988,20.0030124863164,20.3765348291525,20.2241731207928,20.1473883641972,20.4732955385877,19.3271643040063,20.7434603583051,20.8528686871903,20.1746606236035,19.8962417252875,20.0835078981877,20.0530472623963,20.1162333668495,20.4695155959302,20.2368029226282,20.1632264563348,20.6363717658361,20.585233686733,20.8654240610902,21.3828719077098,21.0118110240411,20.8653265061221
Q24583,autosomes,17.5343266190902,17.8992008756544,17.8059276447762,17.7885136924086,18.1225306486938,17.7796860392969,17.7046791917175,17.903698637938,17.9200424219431,17.8370156516761,17.9241213208455,17.7250023915611,18.0021321878108,17.9776520483641,17.4548594874792,17.4107078257538,17.5688681479848,17.7419274152168,17.3151546055346,18.0922957237376,17.5789864858084,17.6915031042685,17.8412684844039,17.488005842228,17.4851736433683,17.3508902403874,17.6409249765422,17.3586372904759,17.3761887971886,17.5948057717149,17.7886731082379,17.6537317278126,18.0608231692426,17.7376097100325,17.9104578144596,18.0425203184416
Q26365,autosomes,18.3924899781642,18.4634102807849,18.8747328298621,19.177302845016,19.637629608102,19.3795789112933,19.7992482239181,19.0751492415035,19.3527926256049,19.4588535974334,19.479376658338,20.3916031898712,18.3524168419286,19.0402591148499,18.6374024428759,18.4778656567591,18.6746583232882,18.6951949459175,19.3410867951841,17.6817908391162,19.2598637620316,19.1518339126614,18.5611606774385,18.4265950407211,18.9833650765652,18.9162933620302,18.347297673875,18.8489949661011,18.7211168028646,18.4414473338995,19.0657516138024,19.2527141900625,19.1602587783658,21.142086948282,19.6579500948688,19.0301874848083
Q27237,autosomes,16.8451479465519,17.0257464393405,16.9086242017457,16.4234341596722,16.8539004994389,16.834462702131,16.3969197506961,16.7756377368918,16.6748063245793,16.8225895494878,16.6791822454038,16.3264804721419,16.2999192822503,16.4189908903658,16.8177530123595,16.3792562519519,16.528778118968,16.5110300631323,16.528615843967,14.5808411713509,16.6058257124836,16.3776790414214,16.2087976626359,15.9748290878717,16.2395525544754,16.3926679210763,16.5825707397122,16.6843446579048,16.5689873595672,16.7282364016443,16.55714091763,16.5561736041611,16.1911348353985,15.7296564538073,16.0932481734727,15.8664419543679
Q27294,autosomes,16.9093352818304,17.278437036427,17.0059591080296,16.7878899213453,17.1094367823774,16.8490063620874,16.7507036154914,16.7678224635246,16.7286761574085,16.6301231007539,16.9516180648234,16.2936581795113,16.498640666439,16.6701084202987,16.0847865426547,16.2725615359298,15.9422957621994,16.1293073210949,16.4147342137783,12.8070077486182,16.3047810974466,16.5056759873604,16.0401127117405,16.0548879838292,16.4844399264857,16.0040545749786,16.6207376087396,16.3713302536837,16.4931801351876,16.3201088679915,15.7523268133692,16.1578680365861,16.2599591569862,16.0552678403263,16.250846345027,16.1112629488973
Q27331,autosomes,18.3448328984737,18.0537384751875,17.6937079388327,17.5450319783376,17.0919101668726,17.4049827243876,17.9284680403252,17.6496797269016,17.3703614612407,17.4868500293774,17.2153365524224,17.6998729640623,17.8292987045332,17.3449251926019,16.745161922846,16.6729484796919,16.8686633382064,17.0626971448415,16.8012650625435,17.0752022553501,17.2345883014264,17.3328737155336,17.1077331577796,16.7014150091958,16.643181052575,16.7487836064414,16.7767346361549,17.038484514198,16.8440699867887,16.6298765618388,16.9145117665612,17.1662158988283,17.6706751248524,17.8350726284804,17.6411902579301,17.5566022068733
Q27415,autosomes,19.363943754422,19.915046192295,19.5463442606584,19.4444727005584,19.6631457740117,19.6328453079993,19.0183662394863,19.361501214621,19.1438217840767,19.1761302530331,19.3677087110608,18.9055217701278,19.5448957750277,19.8158496435396,19.5896879405803,19.3806198460248,19.550172328558,19.2991125345159,19.8567922208026,19.4615067218332,19.6861706953974,19.5452581092235,19.7030745649404,20.2991209475919,19.6447499295881,20.031913432893,20.1918904106891,19.7592160664451,19.6889219809897,19.7984975856465,19.1161235397725,19.4630268122432,19.5427519962566,19.5951107141656,19.3054322288178,19.235212885163
Q27869,autosomes,15.1305219834598,15.342611554028,15.4157257411779,15.1314392225706,15.4597139078789,14.8832771454426,15.1930535867951,15.3306853018449,15.4096492605112,14.7713275537931,15.2001593322164,14.9136700299368,14.9445749751798,15.1691763410122,15.3392828611924,14.7138975244357,15.3040067152913,15.0239999523161,15.0785651750611,14.8150257845198,14.6736893580075,15.1034868044762,15.2505246319454,15.0911840734973,15.1507669344945,15.0285125183111,14.9567044271861,15.4878312789416,15.3471910580771,15.3011831186491,15.2869920019544,15.3458041719431,15.2389337329455,14.9457184106285,15.3543160228987,14.9334079548358
Q29QI4,autosomes,16.1780578819867,15.7812403985263,15.9866949822597,16.0943240126598,15.8106943721794,16.6064801117564,15.4102082667822,15.9153873302122,15.8114244108839,16.6007768794939,15.9438817255704,15.7297700999505,15.8459762731823,14.9824432946195,16.3356152601692,17.3506102519025,16.0581558991294,16.3785266471126,16.4906606787276,15.815787071118,16.2060362329123,16.8772199391922,15.8739255596026,16.3010966891243,16.5215821785614,16.681406899904,15.5058684093045,16.2430323727838,15.8245954655743,16.2826995974799,15.9621267905084,16.2280021205725,15.3900219447552,15.3382340720832,15.3967020054343,15.4150268347922
Q29QP3,autosomes,15.8442757739061,16.0702196290191,15.8843003217104,15.8801425910444,15.7323918480751,15.7942961966887,15.8317474628066,15.710435385837,15.6129383665082,15.5845205936565,15.8217690401783,15.5123749621734,15.5329083568609,15.1818347676513,15.7120533544545,15.5261641245703,15.4412386563109,15.597313229033,15.8284389618521,15.2205656873,15.8090821955869,15.5698291725376,15.4489235305377,15.2241065301479,15.4064404312112,15.5377782236157,15.2821820457586,15.7217472274123,15.6913848569874,15.6603149898398,15.4381286306016,15.4140589427478,15.5768065291082,15.7304896729473,15.4114553158604,15.7307025913657
Q2M2I5_A115T,autosomes,4.22480474212415,4.22480474212415,4.22480474212415,4.22480474212415,4.22480474212415,15.1337041314465,14.8484788123013,15.4674561311178,15.3731373227058,15.4403891273973,15.4936499458114,14.2955582888447,15.084705993835,14.9464247130568,4.22480474212415,4.22480474212415,4.22480474212415,4.22480474212415,15.4304547849864,15.2317631309036,15.2814338444479,14.9441665717072,15.5028179302517,4.22480474212415,4.22480474212415,4.22480474212415,15.5009665886647,15.5155257954024,15.6559340558911,15.40708384034,4.22480474212415,4.22480474212415,4.22480474212415,4.22480474212415,4.22480474212415,4.22480474212415
Q4AB57,autosomes,18.2926283400503,18.6625588950341,18.4726985860181,18.2754636870228,18.9760900910812,18.8762967352129,18.5583501021452,18.7962584701497,18.8005438099814,19.0588237554345,19.0814272144002,18.6817083526907,18.8054633229937,18.7869962273101,19.9263498382365,19.6141859545959,19.7903889464744,19.7492956449354,19.9215173039954,20.4203025135897,19.4917168377731,19.5340502162945,20.1140072090403,20.0556083282129,20.1307098233547,20.0312069715963,19.8080516846099,19.2766298799855,19.7910361252016,19.4885505110079,19.6832444561391,19.3163297128264,19.0717224968062,19.0809357058962,19.3276753345501,18.9924629346668
Q4LDP7,autosomes,17.9159974935844,18.0587369808881,18.1755690139838,17.9175320121024,17.6130413352573,17.6636613086151,17.987361004061,17.8059096545017,17.7322432115475,17.9297535858204,17.8782588036938,18.5757736742685,17.3978930669383,17.7081607513711,17.3517086256637,17.7934163401855,17.5533712135446,17.64433077803,18.1095673674463,17.4321480259602,17.8034181699111,17.5931837863625,17.6401449219296,17.6669738392911,17.6944780625934,17.6624773223229,17.6171391896385,17.9776297061303,17.7377875331037,17.6140764975542,17.9189006879943,17.8285397658338,17.5951462403158,18.3413701690993,17.7936214438266,17.5289649514507
Q4QPQ0,autosomes,19.3698269540015,19.1746047122469,18.8179040670506,19.3119403657419,18.1823786507733,18.4554700059213,19.1005246157475,19.0096734458533,18.592163849765,19.0558083029367,18.3405308453619,19.3474957062421,18.8894721545111,19.1742416236212,18.4230352681084,18.6120205783106,18.3844559518595,18.9885608983074,18.6729052941195,19.8359211561001,18.6764591328994,19.4141241116911,19.2078588476053,18.4975936249069,18.1617988165183,18.6365300365873,18.522536449408,18.9621190673182,18.4767305851263,18.6680706538709,18.5553457878393,18.8971404960705,19.0505650972051,19.9351398165165,19.156613001831,19.5947125587536
Q4QPU3,autosomes,13.7187903262389,13.6771775355053,13.7412134388789,13.2869518829879,13.8897981869969,13.6150114729664,13.5361351969728,13.8125526011281,13.4925179754676,13.7143691733549,13.6785159513167,13.2922236827103,13.3551994447098,12.2298737933723,13.9808715138662,14.4119508725944,13.4684643777362,13.4157721553456,13.6909664398298,14.1299011149152,14.0363684670398,13.3496120597413,14.3738487443267,14.3830916513667,13.8952524116648,13.9175422116387,13.8732161070994,13.975954712592,13.9729551523856,13.7279750310207,13.6576138642612,14.0028132085883,13.060365671116,12.5685069491136,13.3509551679996,13.0277336910981
Q4QPZ7,autosomes,17.339204502763,17.569483097021,17.7510508795834,17.4381649865142,17.5194850810698,17.3710841325724,17.3143311911077,17.2409193142893,17.1704638443347,17.218637004732,17.3009799135084,16.9778798716887,17.4060484225983,17.3652954340102,17.5206313539629,17.5400719477027,17.0356615259446,17.6734310688056,17.6523791862835,17.9548209022596,17.7252146424112,17.6397696602533,17.5888143814645,17.7874721611882,17.6220591410971,17.5698501451584,18.0732708118226,17.7549152463735,17.8039129608293,17.7568459991761,17.2417839556783,17.2519614134424,17.9372938557777,17.226920114103,17.515607587477,17.6559403858465
Q4V3F7,autosomes,13.9217049143312,12.773596051061,13.0830000133875,13.0708111680897,10.1004590316282,9.4906795998289,13.6086179369702,13.3706405550492,13.0360232982973,12.3481917696398,9.47558423731157,13.389399977055,9.66662545220449,12.2942334360159,12.7548388300941,11.5134302487017,11.4322604583733,12.7590161312358,12.9107798043333,12.9102873354581,13.2763154304402,13.2685832863555,11.9936203304414,11.7548454742403,11.7311241935231,12.4328771382862,12.532903161533,13.4046521778338,13.195219133163,13.059056582512,12.7741656462318,13.0332533156268,13.1695057624279,12.6027391096735,12.7832046959708,12.198683455046
Q4V4U0,autosomes,16.5824182148838,16.7560682641618,16.507200961196,16.3513551670224,17.0820403137973,16.8003573949317,16.5146572538801,16.8126722300914,16.705981360723,16.5913790342987,16.6439189684204,16.5194273500796,16.3078018748473,16.3821461939269,16.494825771693,16.3943898935023,16.5582755445534,16.4411863563466,16.5325900452687,14.9089607460543,16.3678691926519,16.5163417930761,15.9694839854086,16.1560755310376,16.4562666208152,16.5611244852663,16.1675818471623,16.4439957406007,16.6863941594098,16.3709777638485,16.4758867348527,16.6383113703521,15.8643943062396,15.6190386633047,16.158210794929,16.0913610787441
Q4V565,autosomes,15.6205815269772,15.6906093383489,15.9580898322139,15.8657309907736,15.9334638807319,16.0290138780162,16.1570175182374,16.1561991206871,16.3944760131241,16.488490947655,16.2057247960129,15.7967794118816,15.7768155249211,16.038659399383,16.3739771313415,15.913330479979,16.2189409680659,16.4470643937228,16.3581654248962,16.0582609902498,16.1928099832095,16.2118598568992,16.2141632334841,16.3449123274419,15.908857368017,16.1861966928249,15.8503489040334,16.2251879676134,16.3110624651145,16.225655789315,16.4399280498881,16.3071579249476,16.2576706149445,16.1206980240262,16.2577467174772,16.3429730510415
Q4V5I9,autosomes,15.8809978907778,15.8694851189774,16.3941296163774,16.1350631254851,16.5146442238849,15.9343080176935,16.2161323247007,16.2514108396827,16.1264876282512,15.7270795553922,16.0163846651597,16.2495684585074,15.9699927901306,15.6694087526248,16.3384754181451,16.5441683818028,16.1503765847983,16.2689864669026,16.5540260455159,16.5307071455481,16.175902467812,16.0773609294488,16.321204583913,16.4144798272343,16.7968387709706,16.4742581510497,16.5117274383293,16.2122585759622,16.5649268987361,16.2191255494958,16.5105422858153,16.6361065240542,15.9033096317508,15.7218482132084,16.3085217240842,15.8888067774029
Q4V5T1,autosomes,14.2110199985689,15.3033250706318,14.298003725783,14.903286259009,14.3636748623145,15.4051810723728,14.4808476766934,15.2855716940673,14.7143533736709,15.3565592466631,14.3036517496506,14.8825342166081,13.8986721015658,15.390783813771,14.6035033353765,15.1202748201854,14.8101593955709,15.2888432853474,15.48825398061,13.7527098978796,14.4389245180596,15.4969565735697,14.3389572313789,15.5284399439355,15.2963656587334,16.1408890830187,14.8803882541398,15.3038657036449,14.9730417977205,14.9850610658106,15.3236481516233,15.2531830475026,14.0590293820492,14.5003937354674,14.2685400458006,14.040922496612
Q4V5X9,autosomes,16.088905106289,16.263566696567,16.417919735442,16.2088241718794,16.0134291706822,16.054643657659,16.2945825030493,16.0113200209902,16.2455971234867,16.0936752714586,15.7169094922629,16.4408107588499,16.4432049867999,16.5162366713333,15.821986471421,15.9742779626441,16.0641251152564,15.9539691968284,15.9473321729306,16.1946738253101,16.2599878874404,16.0003621609611,16.1226151108385,15.9200465279992,16.0260537181641,16.0928362759025,15.7316825450105,15.8979038344787,15.7133971837861,15.9243272036473,16.693846830366,16.4810963967603,16.0544802136613,16.3514488417881,16.2054776992385,16.2389406514319
Q500Y7,autosomes,16.5292035061584,16.8316051013791,16.7936466003685,16.4641269495825,17.1449365269041,16.7100397199615,16.7246957409128,16.5045441144853,16.5366238994285,16.5911545797569,16.6746430293862,16.821920186685,16.7278301504208,17.1789800290475,17.3090889805161,17.0781473216554,17.3911329814327,17.1671976765144,17.3564125887226,17.6676809606422,17.4534898659608,17.2004749246126,17.8717378338875,17.5608308735727,17.07011636102,17.4489466775833,17.2505768090596,17.3580442832983,17.0946717915011,17.1203341017258,17.3820826022478,17.1071055684577,17.0122666573798,16.5468937217328,17.0584412948742,16.843001196349
Q59E04,autosomes,16.6025940195754,16.9798620529488,16.5940115043833,16.375506140713,16.748349955314,17.1111680902547,16.4182003885211,16.6008727289364,16.5725719864616,16.6207559849564,16.8103593180341,16.1094929791705,16.2313299614768,16.1164498611711,16.6606269143704,16.8430177356847,16.4848724657759,16.593233426785,16.8224917230409,16.4178719355447,16.4780975627753,16.5380145054595,16.3471675315607,16.9344130655011,16.6547558037951,16.9510450266531,16.9511908563131,16.467684412434,16.5813790636556,16.7689854222071,16.1810551944875,16.6296665326881,16.4129354809279,16.2318038849634,16.0517418987426,16.257851419974
Q59E09,autosomes,15.4871947415182,14.8089623023587,15.2713676714431,15.7680448685668,14.9658832626766,14.4533255609055,15.5134310807968,15.1720556603769,14.6275117814619,15.0669375895032,14.4788371104607,15.9363203023433,13.9950022160422,14.3469252920473,13.2202821240421,13.2829014353748,13.7671996662624,13.8981152441595,14.3424053779076,11.8418991825201,14.4933110613797,14.2886711393552,13.6831756158406,13.5543776299695,13.4806487805324,13.7148269820687,13.566758913285,14.392774098527,14.1293910064417,14.107452887641,14.1534754977605,14.1817845887986,13.5505750949125,16.0846725092794,14.5930289588386,14.4208848055348
Q5BIA9,autosomes,15.0617014205735,13.0868166337724,14.3790431719522,14.1365369469727,14.555627174218,13.5015795156225,14.1008627731159,14.3803921013902,14.495980574815,14.3014008269879,13.9191943922494,14.4082408344317,13.6834765842885,14.9907985445967,12.6429639882102,12.8241993360689,13.7046802996603,13.4303577241505,13.034586620535,11.6852453708523,13.3866478153611,13.6042989865868,12.9877138901245,12.0245644670836,11.5139356816251,12.6673150657879,11.9954697423779,13.1804352764926,12.8145166660365,12.66306444596,13.5738246748412,13.4292803813027,13.7447471872921,14.0589848193344,13.6266400063361,13.9957353235125
Q5U124,autosomes,17.0899474566463,17.5479675190553,17.3902766216495,17.3023104925707,17.4575431482401,17.3384578441508,17.0884633392662,17.4628196966029,17.3210134639473,17.519172293763,17.4503883250504,17.1739162888075,16.9170228090943,17.3448028087107,17.086488969088,17.1475060037129,17.3078405289062,17.1671345321663,17.1694645194181,17.3312343714751,17.1141597995222,17.2372632088554,17.2686136100767,17.1703660993881,17.0927756082455,17.5031558194793,17.1808971430403,17.293539834973,17.3036308702612,17.2893228728667,17.3316689555947,17.3022239566455,17.1689646463683,17.1888174575974,17.1873689131776,17.2902044284061
Q6AWJ5,autosomes,13.4453021514692,13.9177226100613,13.8951541995959,13.7703301481895,13.5576326238945,14.0414884074344,13.6058030405791,14.0852003545628,13.8848544822617,13.9402270479926,14.0256523829221,13.5731551653083,13.6220651620236,13.2488759380714,14.1654710559779,14.6555383496349,13.9561414810687,13.8394340481481,14.2119084708991,13.512614727272,13.9692138012512,13.9556179458959,13.6215286334386,13.5813199422705,13.9745486344751,14.4686164455048,14.3943573284582,14.0309825648601,14.2071648852767,13.9319345740507,13.8395305827466,13.7883505258008,14.0761524867417,13.7520959426343,13.7090046801487,13.7506492380548
Q6IDF5,autosomes,16.2648103198751,16.7570790025144,16.6551448681627,16.7794640932428,17.5573127899375,17.0797199427199,16.6453437679214,16.6764233477016,16.6665041843009,16.6824700124966,16.8719455833177,16.1187459631401,16.8506265943887,16.4877069624625,17.0280601411732,16.788247986347,17.0536120945333,16.9808193551984,16.7450353756336,17.9979099145532,16.7257796758332,16.6513733805821,17.4555792442727,17.5440173197799,16.9481717897333,16.9091672703142,17.0324643594318,16.5084311809565,16.6620508943308,16.8800243710887,16.2787441462977,16.3036756268097,16.7549973703795,16.5732501644336,16.5329474196146,16.4577087602554
Q6KB66_V238I,autosomes,4.22480474212415,4.22480474212415,4.22480474212415,4.22480474212415,4.22480474212415,14.617943015658,13.8932010378342,14.5296778097788,14.2643504061584,14.5867059983099,14.6313892772235,13.9501672812316,14.4653515010391,14.0478587959882,4.22480474212415,4.22480474212415,4.22480474212415,4.22480474212415,14.3747022659933,14.6720188311179,14.0964537105943,13.8586361649221,14.2667153843406,4.22480474212415,4.22480474212415,4.22480474212415,14.2904852526692,13.5833373982264,14.2069022751194,14.4103313480852,4.22480474212415,4.22480474212415,4.22480474212415,4.22480474212415,4.22480474212415,4.22480474212415
Q6NL81,autosomes,16.2519399364999,16.6734175423883,16.9834010259842,17.0451950006259,16.5809297139589,16.6505204335007,17.1383766558227,16.7368930175557,16.9185847630286,16.948597070897,16.8340413694554,17.555304021846,16.4621329480384,16.7533013201038,16.2487382081304,16.6210081914437,16.5160179741916,16.511339021539,17.2292691240727,15.307496433864,16.946805830804,16.7249739570856,16.5259349187392,16.6273995717737,16.8083067157659,16.6584561153005,16.5524166121382,17.0596408031639,16.8182687036245,16.747017529625,16.8518154129252,16.9703592648431,16.5149446520605,17.992596269947,17.0105869471123,16.9176490013187
Q6NND1,autosomes,13.1278456420016,13.1708191113061,15.1570669476034,15.4544367145542,14.3323528530011,13.4756244365762,15.3375841824322,13.5490499667394,13.1846413567146,13.9586560793385,13.1873643602271,16.1064619168641,12.677740343803,13.7357089445513,11.8218824937626,12.9923889279099,13.0709202043469,13.1565148896087,13.3722972893215,10.5132898643022,14.2384900464849,13.5001906940818,13.0743974200791,12.8261841614454,12.4630407303934,12.835842164025,12.8633169687042,13.7009914450734,13.4342564818858,13.4771804253713,13.8051552547288,13.4092200074253,12.8286353472879,16.121239033199,13.194571655892,12.8304446034389
Q6NP32,autosomes,13.7019695760218,13.7813263166474,13.9140653574332,14.193270824795,14.741429196723,14.6749846583464,14.4103742791575,14.6735311684594,14.8041037279977,14.6136827150337,14.627327405407,14.3577841706006,15.2065116265355,14.8393819595674,14.6909574505614,14.9146512183829,14.8103184904245,15.3083893922352,14.6697030676043,15.2457244560264,14.942313147116,14.9112826686962,15.1500605703397,15.1430677229568,14.8108199706894,15.0680547812299,14.8670714749284,15.0964655058362,15.0294300134592,14.7519481944994,14.7068752693682,14.7416955677819,15.3588728404828,15.0871495411819,15.0921504166674,15.3140412690537
Q6NP42,autosomes,17.8802818416833,17.0301913456408,16.9411214020353,17.1566723832995,16.0972326061425,15.9326071436262,17.5572415056728,16.6549499262538,16.4003132916984,16.3938286032403,15.5784446831522,17.6598779180699,16.0714105916762,16.2218250344174,15.3248650161316,15.9852002089386,15.7105005563841,15.7075348401966,15.7217777553856,16.0507020936039,16.4667116443789,17.266694276592,16.0788356390166,15.4846456619274,15.6911759934397,15.8849153944469,15.5177176750261,15.7148475838285,15.7677731126284,15.4371640187795,16.1350800282614,16.1086449306852,16.2257582209931,17.2386803445085,16.362085823809,16.1161327822643
Q6NP72,autosomes,14.6211326602301,14.3556103719961,14.9602816334486,14.8995379494552,15.1820870658509,15.5978497817687,15.6251038992795,15.5947373251028,15.8308250940123,15.6813963506182,15.7937510456817,15.5706202852755,15.3636653470301,16.0301151879962,15.967104572881,14.938447101936,16.227103871667,15.8211325806083,16.5461024607801,16.9134074382036,16.3746818801632,15.8310370120984,16.5556914736648,16.6960976008133,15.9767869923802,16.3997864348434,15.754380603346,15.5662336255936,15.2567156307047,15.1859082376234,16.6814696751635,16.4981880836786,16.2826289410613,16.4064581634494,16.5840256385201,15.7656065200766
Q6NR14,autosomes,17.497483626414,17.6480561754463,17.6272916499934,17.4997677338831,17.7529596165505,17.6190801197975,17.5594496937797,17.6569781888959,17.6380369839732,17.6567661493482,17.683218062717,17.0942570808362,16.6023234598209,16.6803374036077,17.5871470899175,17.9762555222994,17.4363886068699,17.405283030828,17.5387646609947,15.5420003785353,17.4195776027252,17.2560111398514,17.0860737109879,16.6057845856213,17.4308972512241,17.356862882503,17.4132777163653,17.7501266970538,17.6958673500355,17.5828151729945,17.7820427700187,17.5399406740379,16.7647253504098,16.4935747443108,16.7342992247743,16.6031389559345
Q6XIM7,autosomes,16.9516768658586,17.2857928241197,17.2310938439276,16.8533725722507,17.337290594759,17.1969525088863,16.9556233718246,17.1383768619241,17.3064617376934,17.4275069697659,17.3371134910513,16.8016642167234,16.7266158228098,16.9350120240978,17.55379854518,17.467693547307,17.4147978035812,17.4113277356774,17.5861427580518,16.5642770329651,17.3906048937722,17.2441287925114,17.3972457600131,17.0055968360592,17.3171265458547,17.167592827834,17.2696185141308,17.5531170372548,17.360745520123,17.3541452531403,17.6541503838764,17.5346352708795,16.9176397658893,16.6243543723285,16.8500304731006,16.9034441669486
Q6XIP0,autosomes,14.9085750986152,14.8542299563011,14.8880307066808,15.034826138721,14.7037083638812,14.9694944557621,15.1586184126419,15.2511023755048,14.8897800192841,15.2128385597693,15.2957496917742,14.8955265315261,15.344828114385,15.1600102770429,15.4557719804807,15.0177074298661,15.2613013703089,15.4373814000238,15.3901185625126,14.896747186758,15.2881877185138,15.3365616186581,15.0300512420889,15.5218097275411,14.9671031552455,15.1995104857052,15.4181307578809,15.2062446615456,15.3624886788548,15.6213733305748,15.328776784992,15.5139457056449,15.3745623068943,15.1580199682349,15.5376761596831,15.6479654669167
Q6XJ13,autosomes,4.22480474212415,4.22480474212415,4.22480474212415,4.22480474212415,4.22480474212415,16.4081053666861,16.9109465347525,17.0134023728689,17.4488680533192,17.591271311219,17.3496365011987,16.942358843755,16.3511415658208,16.5153218241697,4.22480474212415,4.22480474212415,4.22480474212415,4.22480474212415,17.6224610951321,14.0265669346,17.5187079568252,17.3459390484835,17.0494643375156,4.22480474212415,4.22480474212415,4.22480474212415,16.8951777460166,17.6923001858252,17.4377792089992,17.1615700758934,4.22480474212415,4.22480474212415,4.22480474212415,4.22480474212415,4.22480474212415,4.22480474212415
Q7JND6,autosomes,14.7134898447279,16.2293349948998,15.3700014907304,14.360579514386,12.6957883147648,14.6590023732407,14.6348877399037,15.4435539772987,14.0105606658554,14.4061252874589,14.5131550350797,14.9477845489951,13.9848771233218,12.9693920135785,16.5628089496554,12.426205240068,14.1731877016681,15.7316778443563,15.1364410130617,8.82662468075785,14.2145761830885,14.9669972315708,15.2907152905909,12.9212924365826,14.852007956901,14.8363029300706,15.2819807158613,14.7161618308504,15.5701602887461,13.907053775687,14.4301299588558,14.2144242668058,12.6923412775756,14.1254799031393,13.8990366844068,13.1990190758814
Q7JPS2,autosomes,20.2650479770776,20.0946283941022,19.8373895373082,19.8399430646921,19.8203208375913,20.0194920274286,19.7042027484264,20.0047120331013,20.0383481712964,19.9700434408316,19.961662656941,19.6707705220856,20.2674772617442,20.1261814403814,20.3476199434469,20.1131126735048,20.0632083062409,20.2132907492573,20.059831752417,20.4903399296313,20.1336257015814,19.976233464152,20.2087673138816,20.1363945712732,19.9445547031457,19.9793533736292,20.0839329047468,19.8983196362011,19.958712112126,19.9652310138138,19.6670204099906,19.8384521957262,20.0731864263344,19.8243788007775,19.9285702955932,20.190417470693
Q7JR58,autosomes,18.062840513012,17.8457921427628,18.2315330558141,18.0749345014888,17.6831358088603,17.5439200959299,18.1084365533012,17.8343251023415,18.0857227495735,18.1168481598841,17.8387632977528,17.9993288278466,18.3508541384036,18.3717982922212,17.2993011165146,17.2693838400608,17.7078823818687,17.5678898535841,17.474764947008,18.021935061956,17.766302076061,17.7589199807826,17.7669479303235,17.5528521880829,17.644642708646,17.328841685065,17.4530510495193,17.7996840913843,17.5445667740525,17.608581217178,18.0261981739527,17.9167878356425,18.1522699802926,18.0985529707271,18.0360603946544,18.1618813227087
Q7JR71,autosomes,17.1124595959675,17.4752014491718,17.212449861575,17.1027985305405,17.4780523055157,17.2347073751211,16.9839548439031,17.1526797207962,17.2239296977127,17.0462404877447,17.1076982159733,16.7217363323405,16.7078593676594,16.823059060386,17.2306615471442,16.7703487765553,16.9818841374022,16.7921641711488,16.9791012977805,15.7333752607013,16.8890592757881,16.8139127652435,16.5465653200335,16.4176915584609,16.9543909696539,17.2521244000885,17.0713298174154,17.3078550896317,17.3258691377033,16.7692217726757,16.8519723928227,16.7205669421395,16.6553271945955,16.1844580145626,16.4690972667449,16.5721652135809
Q7JRL9,autosomes,18.4945737553417,18.5574453951819,18.8090648762888,18.6826118017097,19.183704932732,19.185251677653,18.9543076265909,18.9106608264974,19.1262556283879,19.2426954253669,19.2359276014505,18.6054240997958,19.4019162753889,19.3944107949821,19.7711646885892,19.5787086961044,19.8297982028712,19.7041728360341,19.7252236220123,19.7521761059558,19.6324627780014,19.5078509173994,19.5969611089027,19.8431727616551,19.9202242380271,19.9916373265858,19.7854431160151,19.8628948581854,19.8393982113881,19.6233109318517,19.7933875182656,19.7553551016582,19.4605904522085,19.2760333165802,19.3488360698424,19.3080737643991
Q7JS69,autosomes,20.3392960594369,19.8072990624007,20.3811999257766,20.408100430416,20.0932982133181,19.7223362110952,20.3765859160825,19.7994566075226,20.0749849860125,20.0272785516897,19.937797410302,20.9484384817606,19.2733661407182,19.5720066353994,19.482909674204,19.8223348593529,19.2993124658608,19.2867407068888,20.1100560797352,18.5140824753016,19.8073431379668,19.6998152119096,19.236723151726,19.0250015115255,19.8471543903402,19.6224383148276,19.5058592957161,19.7012398855718,19.811126079467,19.3554386036611,19.4693780760544,19.6472186257618,19.4332907002697,20.6475497111947,19.6764927818655,19.4733430544465
Q7JUY7,autosomes,14.3584339761484,14.547066038827,14.4591256571406,14.0070934080615,14.7220142016323,14.5863709112869,14.4175230084132,14.4522165187777,14.381677038545,14.6199190465971,14.4100874670337,14.0116686083087,14.4011622306243,14.5379662525185,14.7439410056045,13.9951093816654,13.983297316687,14.1683418619172,14.7400023525376,13.227547542936,14.4787499965763,14.4474475479865,14.3629171600192,14.3740392680462,14.2189495790765,14.3674895243004,14.600200779937,14.9588259697047,14.8514577448914,14.8674038688057,14.3538287545556,14.8156350642171,14.7151628343101,14.777316592596,14.7365208806992,14.4059266817757
Q7JVK8,autosomes,15.2852569069861,14.8504746465193,14.9273628452387,14.9287026999095,15.3257284506201,15.078296248372,15.3079340065157,15.0514305016994,15.0747813298258,15.1950737856762,15.4979367366122,14.9380710571546,15.6716482991353,15.3859138565709,15.4291358615108,15.7357048339571,15.4897245323186,15.2793426547553,15.1518903362667,15.5884710635839,15.0331997570546,15.0311841817835,15.3154537838038,15.1091181455647,15.6363988733374,15.5871545832477,15.218103178872,15.0520479936627,15.3701537024684,15.2364763756254,15.3341554647163,15.2286478876178,14.9175992048722,14.8352978179598,14.9997245373693,15.1118047359193
Q7JVS5,autosomes,15.37545710051,16.1257529718394,16.0037783289754,16.0774180819613,16.1649275682874,15.808891924003,15.7717623859144,15.8563574845452,15.6493041628623,15.5364386242759,16.1985376272981,16.0265270829439,14.9818407207581,14.8391242491932,15.8679594221795,15.745404842529,15.6931698200635,15.5780385519517,15.6946616391528,15.2762883631482,15.7741475442458,15.5900324756684,15.7535716685064,15.7317395553429,15.799906253581,15.4525937531873,15.8516204607958,15.5864077198389,15.5886542679618,15.6261929989061,15.1895824391806,15.4807627341609,15.0923569765602,15.4523429442499,15.1761815073237,15.3785118967335
Q7JVW9,autosomes,14.7665695798259,14.6558591890659,15.4560616586039,14.92604627309,15.4624934753004,15.604590819143,15.1832881847377,15.4171989323188,15.5736776848668,15.4010315436331,15.567780521081,14.9454103807069,15.0050774431539,14.6833734943729,15.3323919757333,15.5248660763517,15.3491943591686,15.4632071284591,15.4662332379572,14.3483574029533,15.43056563058,15.22785593015,15.2472258763923,14.9654996211799,15.7306627195594,15.885877610645,14.9005620159368,15.5812725696079,15.5304203747256,15.2813275139008,15.3792304718802,15.0831136416147,15.253808637755,14.925561596292,15.2730860434185,15.1191931877875
Q7JWG9,autosomes,14.4087879976025,14.4822823530359,13.8670279496065,14.4162855050911,14.1858802091489,14.7364286570806,14.0215568177942,14.4589949727377,14.4189758766334,14.572047966973,14.7401156777616,13.815725972411,13.9572218860798,14.2200359312359,15.1269863930116,14.5785356838636,14.7229221515608,14.8147415471625,15.0628686556724,14.7794858959379,14.9835552233418,14.6539817042109,14.9003682912865,14.9476172942136,15.1383870053074,15.1515324594958,15.0741060204306,14.9048315734319,15.2428704422249,15.0768347236875,14.4977072876481,14.7907687582031,14.4800590737674,14.717217477435,14.8544744324706,14.6797506617228
Q7JWR9,autosomes,12.6469727067438,12.3377619172226,13.5747439125265,13.3831354530695,13.44011008897,13.2763513310906,13.1492892524698,13.0914186089481,13.6680841128463,13.1749584542744,13.5816171774877,12.0612300608374,12.5679343667974,13.6353082543521,13.3557696556996,13.2680355205693,13.4016506709631,13.3549017376186,13.6453088336044,11.9500586929373,13.4413283094303,13.4068344661501,12.7434951790993,13.6642067538,13.1640137921066,13.4838215294659,13.4787665689485,13.4590586872382,13.278535173347,13.2106552938649,12.7731543894609,13.5420109810291,13.2226079227134,12.8475543085271,12.3814547351026,13.2190663827972
Q7JWX3,autosomes,13.9377792369404,13.3203943653234,14.5829760149288,14.0341189650921,14.0398812552575,4.22480474212415,4.22480474212415,4.22480474212415,4.22480474212415,4.22480474212415,4.22480474212415,4.22480474212415,4.22480474212415,4.22480474212415,14.4548888976419,14.7751259104923,14.2156053406139,14.8352377081737,4.22480474212415,4.22480474212415,4.22480474212415,4.22480474212415,4.22480474212415,14.1461429208419,14.9156082926351,14.3390924541522,4.22480474212415,4.22480474212415,4.22480474212415,4.22480474212415,15.1794892319257,15.3328677187684,13.9151081854518,13.1346103282952,14.0442261306547,13.4585690707969
Q7JXF5,autosomes,18.101203870955,18.3444593298728,18.2493325480274,18.054538998044,18.2546538193226,18.2905824363976,18.0403272612976,18.1466687354567,18.2114417718936,18.2923069691827,18.3499881784037,17.6092668333069,17.9186033654276,17.9379297637678,18.3025387003938,18.4196307447932,18.3238760409765,18.2472610116519,18.339548906414,17.9802603094334,18.1770288742474,18.0694824331137,18.1051616625048,18.2516607819937,18.3151436820772,18.3098374278405,18.2620801423516,18.4872467092869,18.6612265491622,18.4800995690628,18.5681732513938,18.4405219822021,17.7967468801978,17.5149267376171,17.9786380258449,17.787056950584
Q7JXF7,autosomes,16.64756938678,17.1120684459071,16.6675674074081,16.5907847567865,16.6941856539832,16.8356234275661,16.4307084966665,16.7166057610241,16.6201654367184,16.6745591860682,16.7679265361664,16.3988309224055,16.5204292601085,16.6306793732348,16.5432164302768,16.6908290108797,16.8904498755443,16.6353536980995,16.7385622806727,15.8443390070071,16.8005085195141,16.5377352696411,16.3500964869779,16.9704534620205,16.9507651413663,17.171747562355,16.7017382154494,17.2049119511785,17.0656310433237,17.0588642660901,16.6894035816563,16.6965582563093,16.1475308443222,16.3362546558566,16.3863613720239,16.3456774621321
Q7JYH3,autosomes,14.5459521391137,14.2621982896994,15.0803903775182,14.6810480811639,15.3892770021876,15.4812974982049,14.8052554124945,15.0750916435017,14.9994307346144,15.5861097480942,15.135467453894,14.5553544877017,15.131738088493,14.98229058557,15.2746900418799,14.992013935004,15.5393915406986,15.2766741742938,15.1798625895979,15.1024685462003,15.3185331226293,15.1880060846403,15.4813576513418,15.3486001018117,14.9940172059375,15.2782873470661,15.016317931652,15.6473022298518,14.9779946581321,15.2338467825617,15.3382153181436,15.4794564173402,15.6391946894406,15.3791504116242,15.5771580057353,15.1264439145442
Q7JYM9,autosomes,16.3972984082663,16.6303147093752,16.4240654088492,16.449701044946,16.4004700168625,16.0904220103682,16.3252972313115,16.5165709762067,16.5099580908966,16.1425981199147,16.3631683452201,16.2630493959703,16.3717104629647,16.507193973991,16.2769096511797,16.3886363924945,16.2450156982371,15.9657645156036,16.6057453394344,15.5887476302648,16.2818299669877,16.1800747845284,16.0798275666279,16.5353457642582,16.6591951794677,16.6343590527935,16.402668463572,16.4366787309676,16.6436772992331,16.4715534359582,16.584558839164,16.5725547726387,15.8574299524859,15.9732672954168,16.1122772160586,16.40106040974
Q7JYN2,autosomes,19.0983928524562,19.0181162852449,19.0029579029758,18.8302703973372,18.7983792085478,18.8558886379652,19.0222867397425,19.0090290680354,19.1420893922722,19.0824227529447,19.0939702697673,18.597917792218,19.074149171292,18.9568935523023,18.9644373330959,19.2108269431386,19.0443138722636,18.9926222377,19.0807904518057,18.6735820950287,19.0644066780387,18.9608179613667,18.8532215869534,18.9468276699756,19.1054123385532,18.9619891008632,19.0892314996857,19.1721672915292,19.0713685504688,19.0897347339156,19.3253458648031,19.2547220314132,18.8878729620635,18.5622371975169,19.0094288308068,18.9453794702636
Q7JYY0,autosomes,14.7176933277597,14.8658639036808,14.9158527840439,14.6717394793949,14.535912553241,14.3778548543744,15.0152510219404,15.0531629921492,15.2515778136101,15.3938735180754,15.2724959470192,15.1610822701935,14.7396483172194,15.040951267695,15.2919144053084,15.5635173126024,14.9760899985826,15.2181330085914,15.2898819441585,14.6946661439726,15.2029518168427,15.0962693806996,15.2104763251814,14.8430114594979,14.726806220653,15.1427613371483,14.9275908796864,14.9561006944558,14.8751896964605,14.9274940739053,15.2365962292868,15.3052409086842,15.1169395279227,14.7944003594902,15.0544101322888,15.1028636840304
Q7JZK1,autosomes,17.3254405905396,16.7911649775159,16.9407371887637,16.9817506717409,17.6935886393768,17.3951417301734,17.1302838228807,17.2007724354573,17.3719132682299,17.1742440998644,17.4516472716855,16.9208511203722,17.3922657375472,17.2371318898158,17.8576520224051,17.4628974874578,17.663499847411,17.8279550238556,17.4717180439345,18.0085881932601,17.5744774442671,17.5767457655406,17.7348620169114,17.4233611193366,17.6772028467234,17.5837447338661,17.8571488352544,17.414132964703,17.4445480553027,17.7528729338235,17.6160364310738,17.5519119454241,17.6958070199038,17.3239815003027,17.4625942591368,17.6272675138845
Q7K084,autosomes,21.8860144638194,22.5783486029676,21.9432582155096,22.7061459034287,22.0065574983472,22.9114978175381,21.7625937906013,22.457549316948,22.1313352557533,22.4557363469155,22.4115307142332,21.8225600854251,21.9822393784335,22.2484364215535,22.6751968437969,22.4829332298543,22.5175114043249,22.9236463026486,22.7631405466362,22.7934034570596,22.3769898410121,22.7661361209349,22.5651962742429,23.1337000638874,22.7143677248389,23.0425861425147,22.3491451299985,22.7450207002388,22.7878286450736,22.5486581809483,22.4509414371612,22.8038984897885,21.9411973050695,21.9639483048966,21.91600450237,22.2864312925063
Q7K0S8,autosomes,14.539337737505,14.9052384921992,14.4327698437435,14.5703157829721,13.7908884575355,14.409269672755,13.9615774891133,13.9577829828148,14.4861005914139,14.4107293177978,14.2587876950451,14.313952083949,14.7854945456361,14.0120675724133,14.2571781302528,14.1576653361149,14.0331496254464,14.1290542987069,13.8779199442531,14.1301269235333,14.2562548950473,14.2613816271722,14.1613613863798,13.9105128203604,14.0320142442567,14.185223854802,13.6361984427709,14.5180043117393,14.2887963936034,14.2414914704403,14.3823547276282,14.254507575527,14.2704405963806,14.2540066660433,14.3381858136274,14.0830251334806
Q7K127,autosomes,17.5474626467435,18.8727843292196,18.500402137446,18.2361263287786,18.7264910583364,18.465618620219,18.0065999011937,18.2796342548373,18.3504755898504,18.1616767772,18.4249148441811,17.8184121744238,17.6909062869029,18.1434861100856,18.2075284775812,18.2965744662919,18.2875427061864,17.6105475934513,18.3486338558947,16.0959177042179,18.1931993866667,17.6030475292155,17.8575612913983,18.1950393812881,18.0465690655919,18.4119267292938,18.2842839923965,18.7537102923168,18.514703685828,18.4672765203946,18.2849288940918,18.3589195394127,17.6087325363277,17.3999476695001,17.6455680521148,17.4772376486503
Q7K188,autosomes,18.0269276082756,17.6988824064406,17.5366009145805,17.7504967679986,17.7105261804603,17.4065639282288,17.3273591866868,16.9327248980226,17.3627434195962,17.3050450905361,17.5205958372323,18.0733099580745,16.8682788172888,17.0789638806916,16.7863586599107,17.2299372443414,16.5908853542054,16.9446558673558,17.1631480917099,17.1385009533374,16.8745256847855,16.8440417226554,16.8215782203556,16.5541341152069,17.1344346846829,16.9908183753539,17.3547987509682,16.8666037399122,17.0479227477207,16.6038679887837,16.339824480017,16.8699814639073,17.1192126378486,17.5354677594494,17.1505539932894,17.0071940360572
Q7K206,autosomes,18.5384908982312,18.7923298781881,18.4490407697607,18.5371963013928,18.3460012880152,18.350488008484,18.3027789265376,18.6814609020083,18.5232853400218,18.6108472550232,18.4724207071766,18.2033575707922,18.6893763798292,18.5421823459083,18.9299866676246,18.5753538596966,18.5215623823091,18.8861549495718,18.5725214890704,18.8532719701184,18.5242385425356,18.6694899179717,18.7333599496316,18.6824305378042,18.270698315891,18.3090819990464,18.599416108539,18.1772243205015,18.362483808092,18.3937522899449,18.2988555432675,18.5294795536744,18.4628397817909,18.0541793664815,18.4108886814815,18.6445473944735
Q7K2D2,autosomes,18.9337678705319,18.8365093047516,18.7550613279358,18.8410619000241,18.8978072178857,18.8629691081113,18.8340278848198,18.811849411189,18.9198293656464,18.9376940125242,18.9554414021975,18.539265757141,19.0534740760003,19.0616334992667,18.854847080088,18.8533319614501,19.0390905603316,18.9151306656089,18.8486416671213,19.1259368531147,18.9134620594421,18.7438182176619,18.9396118426041,18.8573011293407,18.7814482628572,18.7860740163481,18.9434278100666,18.9506655362717,18.8819400448916,19.0311642187454,18.9535106140823,18.7713458760401,18.9996693086757,18.9213607144067,19.0471433738782,19.0682794644296
Q7K2G1,autosomes,18.9786834595389,19.2578225520341,19.3048909834563,19.157629574711,19.2939991693708,19.2358742023744,19.0671197901463,19.2320469190174,19.3842668318928,19.3227745190055,19.3402200751343,18.8135981102007,19.105037070529,19.0800540026599,19.1438908289896,18.7286928982869,18.9096815649265,18.9608738924874,19.102730588912,17.3636270491502,19.0765476227287,19.0174793307283,18.7103675655708,18.844684931484,18.8560743077396,18.9740148922056,19.1155689043351,19.137434524973,19.2131482352611,19.1266171200731,18.8551733144091,18.8041488994366,19.025617209831,18.6558071816768,19.1787603804379,19.1794509039757
Q7K3E0,autosomes,17.9096038994378,17.9540369227581,18.0450245865202,17.5824690855386,17.6370234914958,17.5756697834481,17.547978865398,17.4616105276099,17.532046777161,17.7039716052679,17.7065565544494,17.0222329014494,17.1439430099626,17.404113698269,17.0481669966031,17.1069932279024,17.2459884890165,17.0796812754225,17.7409130116441,15.0347366585874,17.5730933361848,17.1597468760933,17.0589070209191,16.8280032566067,17.5227131338887,17.3712494335883,17.2749082917037,17.9751354434351,17.6451176243096,17.7502629803678,17.4561054897867,17.2268355582979,17.3133804824548,16.7637630696573,17.0749145630909,17.0520380023787
Q7K3J0,autosomes,16.3291987179364,15.8648971066892,15.9116728622347,16.0083934338112,15.5218913998728,15.1940332006708,16.2500304797584,15.7171623789994,15.8536936075505,15.8375509138645,15.5479912199658,16.4038604642222,15.7469005951837,15.9781259108944,15.3411935932311,15.278588949169,15.2965594135776,15.3274343532136,15.577631137202,15.2460883157656,15.7122507782204,15.951087534235,15.616225888255,15.0657174232305,15.2434464499456,15.196163163694,15.0391403016814,15.5061039555042,15.709605143891,15.4243305389645,15.7678822124031,15.7006872047852,15.8628433948221,16.3260723508815,16.0336598702166,15.9663057761335
Q7K3W4,autosomes,4.22480474212415,4.22480474212415,4.22480474212415,4.22480474212415,4.22480474212415,15.778861459503,15.5845463682468,15.8635519880191,15.8239079725793,15.9887551216501,15.7846680756941,15.8101238636544,15.4759033304683,15.4945453646845,4.22480474212415,4.22480474212415,4.22480474212415,4.22480474212415,15.9246889716928,15.3906753270417,15.6913563231701,15.652573951496,15.3915750647217,4.22480474212415,4.22480474212415,4.22480474212415,16.0274498520383,16.1772423292298,16.2306659875416,15.7845172089739,4.22480474212415,4.22480474212415,4.22480474212415,4.22480474212415,4.22480474212415,4.22480474212415
Q7K3Z3,autosomes,16.1599829686475,16.2451704303191,16.4158165789869,16.1213072552847,16.1489993575713,16.5925467651364,16.3961377626447,16.3981449539436,16.6356104469468,16.5691673579103,16.6868332087286,16.0369885759936,16.5791536560817,16.5971771382323,16.3868943661525,16.5310326518194,16.4788810569998,16.4704506325732,16.3577685832709,15.2338499169053,16.2341848824268,16.1106090494846,16.181010358176,16.514814882201,16.4549975121498,16.3534483941517,16.3625482697933,16.6313080925369,16.5891411127812,16.5559181797328,17.0529347986925,16.7846049594818,16.2909961009066,15.7321445159512,16.3659073664849,16.1445083025606
Q7K485,autosomes,20.7403317101419,21.4229731839169,20.8300948975557,20.7301507360547,20.9576566075314,20.959605674426,20.2592345064783,20.8136957005503,20.7260971923859,20.7053075319592,20.9643508221798,20.2352143774813,20.405842450082,20.6894066703215,20.8765672575929,20.8548500676427,20.5364284608975,20.6047975648975,20.9382265209698,19.8595865974644,20.5904235843771,20.6410813769386,20.41521769106,20.6812532444896,20.8248233813599,21.0054844409284,20.8969715580712,20.7873549966997,21.0622625567021,20.8703509061967,20.4453828739511,20.5686862897741,20.2155851744352,19.8817648304239,20.3244969789072,20.3526691066915
Q7K568,autosomes,15.0126153584424,15.3039825512355,15.4325768440619,15.0488849150672,15.180402148552,15.6767405285688,15.1031704745588,15.0307011573088,15.5182200119361,15.5715407320419,15.1957916188927,15.0839359986176,15.4830850825028,15.2150772441974,15.2457266717901,15.1087660162564,15.6763708655247,15.4537877272163,15.1080223011998,14.3321009844166,15.2577089044293,14.9982374588712,15.101745169356,15.3517931898915,15.4757301342372,15.3267701835638,15.028695284132,15.5849211675475,15.2722968598204,15.0042951929089,15.4008497796232,15.4095635446518,14.7101479446268,14.9061690973366,14.7589450047712,14.7067220925342
Q7K569,autosomes,15.2883150161805,14.1067650355084,14.8530168743395,14.8213814003351,14.4408919684919,13.8240381804527,14.5625674068391,14.2182011947621,14.0289772921451,14.3672649294771,13.1630626120613,15.1580000093352,13.6541438075553,14.0777263212812,13.2343083444661,13.8758711388784,13.4202506774425,13.8786929184887,13.9019365204508,13.8069940149106,14.1381909171789,14.2034797246835,13.925038335027,13.3363211945667,13.7387952422399,13.4427588771216,13.020823837531,13.6648683610444,13.8223818202089,13.8222225972553,13.3572781975833,13.4444984008619,14.3080741837559,14.2477046591233,13.6716260707984,14.0650758442551
Q7K5K3,autosomes,18.9499447605843,19.050159169103,19.2362969192603,19.5161350998997,19.0005575219166,18.5139276865815,19.4384509150727,19.135315753176,19.0369800775738,18.8567009587501,18.743023275932,19.5924994177082,19.7423001205476,19.492042555007,18.606294555131,18.9527238018369,18.7768404348052,18.8984664892454,18.5301911420162,19.83117723366,19.078324495208,19.2186794244624,19.2617983945598,18.6988843947971,18.3821493266948,18.3567632362374,18.8342198839245,18.3538594185745,18.5071303147183,18.8268792827357,18.8146888383483,18.8484040345102,19.6917044886354,19.6754390320211,19.7242558305676,19.7824507655879
Q7K738,autosomes,16.8879418321705,17.3934251628614,17.321522583695,17.1854480272646,17.2615667065111,17.3455542319241,16.8855922543083,17.1252645978247,17.2121127858337,17.282355140603,17.2197080403864,16.905833633853,17.3325912540155,17.2621805310654,17.2603991602832,17.2232349077875,17.1976587147883,17.208772478356,17.2741049016174,17.7742664683409,17.2019112744113,17.1763604827951,17.4307602132024,17.3214323009862,17.4050768716196,17.2220310020793,17.243186349997,17.2546213213351,17.349172061582,17.1162254818499,17.4718248194136,17.3022956398961,17.0723803213082,16.8409895265622,17.003643712912,17.1313137161416
Q7K860,autosomes,17.8954595867237,17.6222941925065,17.1304326208355,16.7717390818758,16.5129950852619,16.764891684019,15.9635430752509,17.2008298993175,16.113652439686,16.3154646372074,15.7835167204981,17.206981484414,16.6812274416862,16.1377755539597,16.8324322286673,16.3999586522841,15.4641877570172,17.4868986366301,17.0906777257364,18.2152847376446,16.1279597434547,17.6292010585016,17.8786891485981,16.8183434372018,16.1862754327423,15.6870680017485,15.8857179502194,16.0410999501625,16.0258901163873,16.0549191723606,16.3333747320951,16.6109157540296,16.6078339140434,16.015275296033,15.5700316367699,17.2958835449786
Q7K8Y3,autosomes,13.4855577075972,13.4089969918853,12.4670391914416,13.0307798494921,13.8151471869632,13.8961194565371,13.6955556729005,13.5562727464099,13.7852716545897,14.0822812345412,13.9128403034224,13.0342022857567,13.3479487056467,13.5651918214863,13.5558153896496,13.2469844920708,13.639391978617,14.3539511839673,13.9190429204956,13.7413522898662,13.8527167334687,13.7644303988288,13.8034333149985,14.2336565717419,13.7226640493298,13.7395376524413,14.0127494618478,13.844872123731,13.9318692937004,13.5882476713378,13.6988207654875,13.8049707471388,13.7615287560658,13.5011530011618,13.8825800341432,14.4422085517089
Q7KJ37,autosomes,17.1775952991113,17.0191437440824,17.3190465701309,17.1776089341935,17.0591346724648,17.1694524852531,17.2301642201459,17.1988419370991,17.0881162379586,17.2028279805687,17.2740958306287,17.2411918123961,17.6624380046942,17.5555372779033,17.3213572695264,17.4271979313125,17.5224035466019,17.4372468285862,17.2001707527617,17.9091439338826,17.3080749163462,17.2932466518955,17.6671935787744,17.2557972492571,17.2212650575234,17.1157832955644,17.4231412553715,17.0813266447655,17.0444583454089,17.3262187048878,17.6949247232663,17.6387303341088,17.5824735519508,17.2717855409906,17.3184460064193,17.5725934245256
Q7KK90,autosomes,15.1606836368766,14.7617030520347,15.4141312923438,15.2487949740639,14.9961596154301,15.6616683238639,15.639658838416,15.6948087246578,16.0522715428293,15.8237971564032,15.8129427559867,15.1330224880669,15.7328421446086,16.0500816645484,16.3260173369625,16.2744308324782,16.8717875671826,16.5935689930176,15.9022977030831,17.3391572640218,16.4441868648099,16.1194184277333,16.7586161509623,16.0933636500846,15.9527168585661,16.2930079301669,16.004375195508,15.9026771405275,15.2424404393707,15.3707790288628,16.2504737165682,16.1799227641515,16.4850079259375,16.1390265896793,15.6037085672095,16.0319922250413
Q7KLV9,autosomes,15.1718705489391,15.6016901142482,16.0054839322775,15.9171148323282,14.9307282252716,15.0976444310494,16.0179180692526,15.7481391257711,15.7820210312638,15.7267691357885,15.3570662279054,16.2239391540893,15.5195487060713,15.7697685211729,15.3697278190475,15.5208383969183,15.2574365036398,15.2826823426816,15.5082113366204,15.1646660115632,15.5991299966981,15.8513151750622,15.6056994127401,15.206756119789,15.1997813793094,14.9863631705479,14.9898917396351,15.18035718333,15.3067153415728,15.1927450116579,15.4161048393522,15.6151694997495,15.8545910446665,16.0639965437269,16.0557710280879,15.8870439671665
Q7KLW5,autosomes,18.2683146311648,18.3301126156836,18.5593403216307,18.6461230007651,18.5572884272202,18.7241409600756,19.2272268494149,18.6346843666524,18.8479908721183,18.7886068029303,18.6613595183686,18.9734839568618,19.69624471165,19.9610060010279,20.065226190191,19.2622563626172,20.0867823415645,19.8735661804314,19.764262465496,20.6982292715269,20.1052188322048,20.1843713123972,20.2701503014564,20.0586070629665,19.5060788385959,19.8192761394285,20.0541502484644,19.6008507988122,19.4023477312199,19.8630442805557,19.8166600390923,19.8523046884653,20.1699703624639,20.2334134467607,20.288947110683,20.0696420165763
Q7KLX3,autosomes,17.8099749756943,18.1928429277555,17.8286380855589,17.8883838389469,17.892486239651,18.2283461781268,17.776502328038,17.9151262667824,17.9604115869106,17.9923867222122,18.0360339060726,17.8620536238157,17.692501253622,17.7753984768188,17.8026009229381,17.9643922040518,17.7238303735271,17.8581693038618,17.9927199864238,17.5231760454397,17.7901163406342,17.6849445510387,17.6215310375752,17.9938443670799,18.0525673094509,18.1494520551371,17.8001280556912,18.0099525305304,17.8866965604508,17.8968145033522,17.7166038658944,17.9597739199391,17.5902591712635,17.7628697597943,17.7331599786338,17.7778970649757
Q7KM15,autosomes,19.9508279298666,20.1860479364751,19.9101500673621,19.800462764171,19.937431739052,20.0967519129185,19.4176168727672,19.7947457398296,19.685717728624,19.6404862492503,19.9363524051027,19.2177685089891,19.6330354486036,19.5277130487722,19.7466062546553,19.7724618330253,19.56451946917,19.5535808832667,19.6978427233261,19.7096983870474,19.4196350255799,19.534996710335,19.5572537275914,19.7788328836877,19.6704470527592,19.6302253834069,19.7884945667284,19.7534632678143,19.7756756834226,19.6247483147699,19.2406431603967,19.4678267205876,19.415192817078,19.3423172991411,19.4421764795086,19.4333177681281
Q7KMM4,autosomes,16.9974195510094,16.7684814828209,17.2702963686436,16.9722422399591,16.8657996033093,16.9414014553495,16.7730545013453,16.9045041629729,16.7892452683366,16.7983376138075,16.7369644049159,17.3680295145579,16.5725228251165,16.6862174658478,16.237571612991,16.542266598315,16.7281563967778,16.568822257999,16.5440537312226,16.1437710737483,16.7286745836644,16.7217000133097,16.5640303451004,16.3304753499254,16.4878584108691,16.5667637226167,16.5707727695059,16.540360931868,16.6208755630229,16.7818070315381,16.7463015140826,16.8782913897873,16.6220961306061,16.8163705189168,16.6300843193954,16.5709211381159
Q7KMQ0,autosomes,17.4684679290012,16.8715625649437,17.2168662835187,17.4201334348239,17.2076873635974,17.1940813590645,17.4923366766487,17.2343651523265,17.3036938486273,17.4656324659169,17.2775462545607,17.242675454711,17.2437623025818,17.3526437221961,16.9849913642831,17.0698631670996,16.9569974369419,17.0569601669707,16.9826230870472,16.6957732730136,17.3118109183037,17.3339826812465,16.9626550152148,16.7607052490371,16.8472301403214,16.8329464470356,16.8874713705717,17.1897539963842,17.2171608104764,17.0716395493914,17.2805822034372,17.1973306546466,17.3817036187209,17.5921146172086,17.5406564372521,17.6148585396988
Q7KMS3,autosomes,14.8815681977849,14.5560860369956,14.7956822014617,14.8432809432357,14.9343907250731,15.1602108044208,14.8805181257955,14.8510703417673,14.9975485278485,15.0599362183454,15.078211700319,14.28111608941,15.2425818464873,15.7785163025792,15.4594573129024,14.9827113313084,15.4767590286853,15.3103036234303,15.3565975950043,15.9983074936056,15.0112223625351,15.3345888210862,15.3934993922315,15.7405982999702,15.4774919254528,15.5452927458345,15.4083387748936,14.8112526906322,14.7872553101144,15.3301129079579,15.74144801913,15.435882053651,15.3663836474767,15.0373671482186,15.2218778070759,15.120261240331
Q7KN55,autosomes,19.2229834183813,19.3885681995726,19.3704116716518,19.4553331916046,18.8909742856726,18.6585232865076,19.3514622890203,18.9381068055615,19.0628851753745,19.1581855419003,18.861276150605,19.12128578542,18.9512309031054,19.2205591904859,18.2791690284858,18.5699734622566,18.5621401240126,18.3319769202167,18.5329907914869,18.2811557371708,18.616094594515,18.668618489703,18.4878064169326,18.2912897297708,18.3486009604355,18.3517679819836,18.3437487634673,18.8274516486603,18.6640639341566,18.664418071817,18.8560016582034,18.6466138033098,18.9400475169229,19.1332974593818,18.9176666379253,18.9997149220028
Q7KNF2,autosomes,16.8426951201436,17.0949393620651,16.960039281207,16.9611822724519,16.9062583794535,16.718391680862,16.8380286523199,16.7241141236042,16.9220759672804,16.8228478317239,16.7226692328598,16.6520914299463,16.7959564490631,16.9205658976535,16.9757296454771,16.8421407242357,16.8349796930732,16.8242196528901,16.7230181513463,17.202058273645,16.8367732931685,16.8050772381408,17.0654468718114,16.6346099330112,16.7368370557926,16.5671806907242,17.015284363258,16.8471503305524,16.7905643012875,16.9801414668448,16.9319275172424,16.8761194408004,16.8516682328387,16.6344541793456,16.9599441242997,16.96216028346
Q7KNM2,autosomes,15.8241655293973,16.5625298090815,16.5307992861171,16.5650851559529,16.7288409476882,16.4657249723817,16.3373951428767,16.4208754597555,16.5745725536426,16.4643499756955,16.5227371233387,16.4849026374633,16.5494558336751,16.7032233104869,16.2666179575122,16.2344183419678,16.2188469965403,16.6177274544475,16.031266288991,17.4959509404807,16.3389047243091,16.3554658863779,17.1186749425445,16.278516517964,15.9838875105532,15.8236509236975,16.2468714734531,15.8942884872741,15.7551641070846,16.1474921532209,16.2846079544516,16.3247267025059,16.9366480334877,16.8917058769252,16.8699063973287,16.9646206918978
Q7KRU8,autosomes,19.5033472466245,19.8371685391684,19.622557182081,19.6694416437124,19.6085768290903,19.8225996560259,19.5043842159929,19.8274890176867,19.6640294018834,19.938691877282,19.8976319674724,19.4540236628859,19.5789201795742,19.6084951892997,20.0130479811408,19.9122699554431,19.7931911769693,19.9330975233946,19.86674147322,19.5727677396246,19.618478370136,19.9727831459088,19.7639081834797,19.9753175002014,19.9520636546292,20.1630870103418,19.9523063958103,19.832910187132,19.9768453277832,20.0149826427659,19.9105710413179,19.9644248924995,19.4853232878122,19.4141682308209,19.6367071661834,19.665187215963
Q7KTJ7,autosomes,19.0256618934834,18.304867622441,18.659515516596,18.6690932784185,18.4936360606943,18.7681109730207,18.1023525717485,18.1682677360755,18.0032034289307,17.829010752923,17.9241689751962,17.90797517983,17.5274917045195,17.2034682877049,17.1612966288683,17.3664860881586,17.1030573781096,17.1381419132235,17.7349212490672,15.2166297004624,17.4541478148806,17.4330576156279,16.8899389072993,16.8780732665051,18.0133520183183,17.664778661747,17.5281243508971,17.8021333132287,17.9948653866941,17.3873542992155,17.4706044858534,17.2211863892619,16.962540434373,16.8745225005703,17.0010781146175,16.8784072290879
Q7KTK9,autosomes,20.1717710857977,19.6922680634543,19.4821528903189,19.2434055284647,18.9102343217531,18.8375878670209,19.5413869790425,19.2672174092492,19.3629399276732,19.2423607873766,18.9815049370768,19.6987709572035,19.3299058825294,19.2530200357728,18.8098805838574,19.0594368756522,19.0691437965262,18.9991399443383,18.9484838060195,19.4636519061417,19.0829386406596,19.2566343479988,19.1483099148255,18.7202660122539,18.8149035514458,18.7510869827876,18.6262754820328,19.2275448249988,18.9307729650793,18.8753736360037,19.3007572110472,19.164531588613,19.1684990648091,19.4028682610905,19.2296165192251,19.1555456919556
Q7KTW5,autosomes,16.5020131522069,16.0777208208391,15.8446212932382,16.0048191826114,15.4050830594789,15.6798077717934,16.0994411456513,15.6166178670088,16.1716572521526,16.2774220831963,15.945483123385,15.7518366450052,16.0403574368578,16.3414393312668,15.4373869788296,15.5173252099999,15.4040460180582,15.7747521871876,15.3876294511841,16.1022809287227,15.7619365399244,15.8092012650164,15.6411601440405,15.5443720098508,15.1639930628438,15.3305089573453,15.4265352409861,15.7033736331981,15.5452820058892,15.5835612067129,15.1949659413103,15.4435641035866,16.3500711252073,16.6200093899185,16.2374443316337,16.5571601676427
Q7KUT5,autosomes,13.7521545197673,14.6823874116969,14.598393443432,13.8913891623958,14.528060896476,14.348074690712,14.426268105274,13.8769107614477,16.203369395774,14.6327240278389,14.7444803875105,14.3004866296501,14.5160301366552,14.1003238926947,14.5561707479046,14.5892635104489,14.8046667897555,15.086258427244,14.6231467441035,13.8416797597849,14.6022859854011,14.2895560017089,14.1733681439291,14.7531510208969,14.9132737072224,15.1493497834041,14.4226976358421,14.7888321493024,14.6710701253251,14.6165042488596,14.8346212394171,14.432608720252,14.4676715086899,13.6103436340913,14.6126792504235,13.9675651346396
Q7KVI9,autosomes,15.8958950056621,16.2736471019638,16.3482841136014,16.2668956360147,16.4588573231155,16.274848236957,16.3763617356203,16.3978348625018,16.1245541764962,16.1879629847444,15.8280573214245,16.0742914999064,15.9432492192361,16.1615358828906,16.3237261585498,16.4424591681403,16.1689196182545,16.2524325643379,16.2403583056868,15.8431397646927,16.4547838837601,16.2414256331037,16.0064824664651,16.2809793400597,16.5803903568929,16.5866301680518,16.5450341958046,16.6668255874417,16.6092830350575,16.4525483003034,16.7060993660245,16.7529751411246,16.1473876105147,15.8610861414395,16.0315876095369,15.8485462885636
Q7KVQ0,autosomes,14.4948119797066,14.6417135891362,15.1614664495799,14.9238928871304,14.8127805561444,14.5448275101966,15.0075122531647,14.9279610994424,14.8970295730108,15.2181698331239,15.0454024256187,15.0475251544369,15.0210005811692,15.2477397582583,15.0575035192978,14.949179428862,15.1814268164027,15.3808695495887,15.316968581945,15.2542638399519,15.0809263492322,15.1791485904606,15.2021064574639,15.0879090201071,14.6766160357454,15.1243449679316,15.0882497328945,15.1025792374498,15.2702311453232,15.5221287597338,15.4669728426254,15.2293794162977,15.0283524577112,15.5166380505552,15.0640002335182,14.8266310336948
Q7KVX1,autosomes,19.2800720398202,18.6258822831452,18.6151609084259,18.882736002344,18.4455361675599,18.1312368045484,18.8373809473376,18.4596774682079,18.3517993134809,18.4488966415021,18.3087962433018,18.8082457206378,18.9246846183172,18.7876394061712,18.2775093871109,18.1628704602853,18.2480844706029,18.5240771369407,18.0511666595626,19.6624041937799,18.60808183572,18.6703714627442,19.0062734111991,18.085375298898,17.9099650334737,17.8670903316849,18.294558345393,18.0017962715222,17.872454114351,18.1921813559729,18.2065708035783,18.427717934539,19.0806865757991,19.1198626584688,18.982242524545,19.1451984405821
Q7KVX5,autosomes,16.1871781584799,16.1081981098482,16.6015576017422,16.7737031731271,16.4310981142807,16.1892153005968,16.8694831104407,16.1379526576288,16.3562171914044,16.3407696724664,16.2744168421817,17.5000289228987,15.7802764472359,15.8903368532353,15.6236553571992,15.6676744987411,15.766393890994,15.5093174669757,16.4637576742249,15.4378181784593,16.2224770985419,16.0645940319626,15.7343893203696,15.8149184713591,16.1417668363193,15.7073573134415,15.9683577500278,15.9572117675629,15.9883561255391,15.9161608070558,16.4127959740118,16.0922037329547,15.7702878921452,17.4450578844652,16.3753821094921,16.0016814631338
Q7PL91,autosomes,17.201769141413,17.3815395875887,17.2835148727002,17.4728440920466,17.3931213265663,17.2929051415624,17.0570143104982,17.1650520340739,17.2704456463361,17.2023448393682,17.4184105682287,16.8410086464516,16.8407635986279,16.7518737877886,17.4016043862963,17.6973488696,17.3623816056465,17.3745124878841,17.3896109789522,17.829122674946,17.2799102637605,17.1619138569358,17.6256092687044,17.1295672633272,17.4353194699701,17.2880568619376,17.3604481737287,17.3434449550285,17.3002842997712,17.3440177512898,17.347540480473,17.3528648195413,16.975950650681,16.6725643194643,17.124141861817,16.9947913480098
Q7RTS7_L178Q,autosomes,15.5100893898637,15.5138976778172,15.786927019975,15.4769072265265,15.5121874226843,4.22480474212415,4.22480474212415,4.22480474212415,4.22480474212415,4.22480474212415,4.22480474212415,4.22480474212415,4.22480474212415,4.22480474212415,15.5735850790425,16.0689943669385,16.0465157164034,15.5957675064401,4.22480474212415,4.22480474212415,4.22480474212415,4.22480474212415,4.22480474212415,15.5877949566116,15.8980613516211,15.6498659162149,4.22480474212415,4.22480474212415,4.22480474212415,4.22480474212415,16.4151024058295,16.271615813978,15.5953754111916,15.2317033118506,15.7345857764462,15.5970116998844
Q868A1,autosomes,15.668617643287,15.8758453283017,16.0537941926187,15.7940405452339,16.286738432165,16.3709711731361,15.7644427703116,16.1305207449914,16.282819818959,16.472165573017,16.4577373628927,15.9616238253056,16.1784105271691,16.1301461268581,17.0713080525395,16.6877986608733,16.7438186778849,16.5946618212095,17.0139774049803,16.363944303785,16.7255748160672,16.693165851647,16.4766994730096,17.1782797272464,17.1486802643175,17.2185992156433,17.0338424771607,16.7571579226795,17.3317270362361,16.8774615890256,16.879070644538,16.7095072078808,16.323881455686,15.9186096422564,16.3434493540988,16.3269403076196
Q86B61,autosomes,18.4734376588209,18.4890832495592,18.0172659038978,17.8409090092288,17.8536497951391,17.8533843946828,17.5773918568301,17.7444757869056,17.9635817519133,17.9641422633156,17.7685394269795,17.4514114424662,17.3361029849196,17.5697032712806,17.5696698010159,17.8524822030382,17.3665379425303,17.8934626955014,17.9369849910486,16.4518493852753,17.8415317536531,17.7548901634138,17.4864776655711,17.7685992240168,17.9719348427003,17.9942423059725,17.8939845372164,18.2332043065289,18.0114189466206,17.9491070623923,17.4372181169134,17.6069762727185,17.2229961781413,16.915311305788,17.1568722063389,17.3138990473327
Q86BQ4,autosomes,17.5082969670071,18.0888023867247,18.1653592095054,18.1023253087861,18.4731814569082,18.6785177798637,18.1593244086068,18.3858910973315,18.3455140356367,18.5419969238832,18.4873481939415,17.835558568073,18.4719879588161,18.7774737960698,18.64462082949,18.5254292952817,18.783788362613,18.7642413053517,18.4261870809288,18.9774254080482,18.6115850855245,18.506421358685,18.6093728832287,19.0269967453697,18.6400843156648,18.8033569655576,18.9446681139306,18.9761845278912,18.4589885930196,18.6416576688274,18.6743877181706,18.6317475532075,18.9079381180433,18.7053920521818,18.5477904231837,18.7040753819594
Q86BR8,autosomes,18.4186985754574,18.921960269756,18.6372961617133,18.6156889617633,18.9070554636868,18.855667006319,18.4563071246489,18.6886936178383,18.8196712547726,18.8628111390324,18.7986066687471,18.4631279993898,18.5693263747646,18.5513528000778,18.73104629785,18.8930028115068,19.0029408246443,18.6716851595203,18.7677043156691,18.7171285742681,18.790950126075,18.4776415713002,18.6126477887477,19.0078182639325,18.8966265298895,18.892718412962,18.8576584833763,18.8342069807189,18.8079827739078,18.9661462769948,18.5747655601722,18.6960001029595,18.5724174032536,18.5067903413946,18.5211364914167,18.6449365356201
Q86DT5,autosomes,13.9487592876498,13.0394796699186,14.1114240153895,14.2013709259231,13.9284164007656,13.7935784239564,14.7022541040601,14.1964580928264,14.475215645881,14.1271681554464,14.303401407413,14.1126839526853,14.1545664705716,14.7981734493851,13.9787134445729,14.1050596746906,13.9861812884359,14.4342009063703,14.3074177381426,13.8082107854058,14.3460140469902,14.3044028929128,14.022137694442,13.8809238535447,13.2283588230058,13.7500038387379,13.8046472476125,14.3162416348716,14.0808663299948,13.8457786660039,14.1910528188555,14.4576619412188,14.5414683438365,14.8593670678602,14.6631195819401,14.6583367443464
Q86NN8,autosomes,19.5398874087826,19.6715026763423,19.677293810614,19.5211081115085,19.4235871036383,19.3041802978721,19.4170672989271,19.4197737277059,19.2984333308513,19.4726952256293,19.3940824429909,18.9818696010723,19.4019064933526,19.319090490067,19.539134712513,19.6080985801484,19.8008545553229,19.6984899279195,19.3529381108677,20.1966960336619,19.5682451136278,19.3540972709593,19.7359233955678,19.4798737339095,19.5107815182637,19.4673898089743,19.5823108987492,19.8957434421742,19.4445231347755,19.8290808411227,20.0920658586691,19.6292964249597,19.3401976852797,18.9705979258811,19.2244959038788,19.1148878429839
Q86NS7,autosomes,18.5966855248474,18.573926274751,18.5973257249361,18.2350841653436,18.325288154147,18.4230414410122,18.4236594610666,18.4739194201339,18.5120246024593,18.5274207712565,18.5180493017699,18.1497286132891,18.5718525497547,18.4658827282129,18.5726289828321,18.5128910951015,18.5458102672104,18.4798991113889,18.5825401609214,18.721337847548,18.5142731607468,18.3054346383397,18.5483900765791,18.4361337613819,18.4887273375231,18.4695742494668,18.4953712926583,18.6009756063105,18.4669856047235,18.3843331420551,18.6762038593862,18.5445402954132,18.5632061593068,18.2097415704032,18.2969126773598,18.3985080749841
Q86P20,autosomes,19.5131937879352,19.9218796857874,19.6508298401267,19.5661191829135,19.8087271574332,19.7137903739654,19.2783183596364,19.6195386288479,19.68185248566,19.4520413264196,19.783983749426,19.0586181153605,18.8470264357463,19.0210920306189,19.6965482166692,19.6046384214726,19.3604719472855,19.3055701760246,19.7273589905631,17.5426047142858,19.3986723279571,19.3058023457919,19.0506520211986,18.6418544233919,19.7160645458673,19.7005293048021,19.6833156682689,19.6893415695245,19.6650766848088,19.6030934886557,19.5616071203226,19.3505493125302,18.8969074909896,18.3504873373748,18.7229357678924,18.7648408251532
Q86PC7,autosomes,18.2424785679731,18.1982962903161,18.3743171042472,17.9313986988952,18.3207636099362,18.1884748291186,18.0018325532345,18.1252046431269,18.2603064839184,18.0151543121185,18.2773620718497,17.7416584017578,18.1429690075911,17.8329290103804,18.0208485758952,17.7587444415274,17.9298864916145,17.6465215841799,17.9906105605899,16.157635275887,17.9879514293875,17.8852170744579,17.5990278300619,17.6046433510467,17.639679084209,17.7223266980982,18.1882618376474,18.0178632232843,18.0890557737385,18.0010133032394,17.8878308041375,17.9335431149008,18.0221290331533,17.4603655961047,17.918104980088,17.7730830093877
Q86R94,autosomes,14.956877557093,14.9155920011088,15.0962668090764,15.2682091813136,14.8407362394353,14.7782632384947,15.5530656631258,15.1777841068877,15.0669518032178,15.1591749877289,15.1163399583291,15.4204315629943,15.9285425506497,15.7698329537879,15.0087552524624,15.2976509313634,14.95694522662,15.4275786315164,15.0978360564934,16.2185871256046,15.4370645415396,15.4549988842766,15.6619015866418,15.2644690700857,14.7197694699034,14.9046723788974,15.1563091639128,14.5741177747074,14.6142861146043,15.2809608045274,15.2708127556248,15.3660898520212,15.711846647449,15.8225783447427,16.204318385961,16.0992660430695
Q8IGA2,autosomes,19.2187887219206,19.2963507583042,19.5564399025426,19.4383054267102,19.3710576160602,19.7964939215675,19.5271975385154,19.6148957952267,19.6433321098092,19.8058021734452,19.6510170928383,19.2060608426006,20.3381185803751,20.8378295801496,20.5953136760137,20.0703369117646,20.3940371527749,20.6014428263556,20.6057219583411,20.9772986530278,20.4610939087622,20.6331550147678,20.6736552610159,20.5581768930986,20.2927588691398,20.6342903591654,20.2104387274152,20.6380269002688,20.1562463670254,20.1118753471403,20.66164855285,20.7075887391733,20.559812374578,20.558764482411,20.4782238086938,20.3006409896434
Q8IGB3,autosomes,15.2667296385265,15.0735636157809,15.1631351741043,15.1529149755815,15.5046713321344,15.1718888843279,15.3894091559702,15.2790529892579,15.5577052513093,15.5224383247878,15.723772033879,14.7712565669613,15.2304732907562,15.4584249645205,15.5400734734719,15.6707879442417,15.6115893467875,15.5103444081946,15.5515435270953,15.7035206328831,15.4366990675993,15.2287872047161,15.6742474795844,15.6795859438106,15.8414221579523,15.9672342564803,15.3276967365971,15.8771805826948,15.4925508192742,15.5994780272679,15.6353907778393,15.7011872303997,15.449026183354,15.4575677716675,15.372750376704,15.4761200240056
Q8IGD0,autosomes,18.0317021734206,17.6155956751829,17.654156493983,17.7335702186714,17.4998374697335,17.5766832726319,17.8649817365306,17.7524779953254,17.9411894810943,17.925522655146,17.6323433765978,17.7215073273972,18.0190365330713,17.8499582249064,17.8638003752679,17.8761471545782,17.7820504405224,18.0172882285706,17.7581918021009,18.1758708370748,17.730755624023,17.8598059339865,18.0202748866324,17.758131950558,17.8398093197085,17.5215967829786,17.4991535954896,17.8070257702882,17.7928739002259,17.756294277965,17.8065019699369,17.9596636947436,17.9125666640586,17.9091509471243,17.896311677258,17.8912602429363
Q8IGE9,autosomes,17.1007024834465,16.9160957074061,17.4344273932224,17.5175253591523,17.0216100920786,17.5160671287754,17.6024496904229,17.5153645794837,17.6510082331391,17.6275505131142,17.6681486830333,17.8222271909091,17.2621657283845,17.5344230459699,16.9552014949174,17.0024731866525,17.0357754343809,17.240917935757,17.4300227718334,14.6686937168562,17.3309561064958,17.259082908877,16.9162815792176,16.9198512012618,17.1139765103413,17.2705284434382,17.1442190893121,17.5222068277885,17.4295576827327,17.0854328694068,17.4740553921789,17.4057253398434,17.2136737978738,18.0266502639104,17.6387062255161,17.5194018308467
Q8IGH9,autosomes,4.22480474212415,4.22480474212415,4.22480474212415,4.22480474212415,4.22480474212415,16.2139372020411,16.7733169566728,16.7496503665227,16.8111211721742,16.8218890757959,16.6417606994117,16.696201128668,16.8898921617999,16.7006500989551,4.22480474212415,4.22480474212415,4.22480474212415,4.22480474212415,16.3632636023558,16.309049707524,16.309965838604,16.3836411092571,16.3006814629025,4.22480474212415,4.22480474212415,4.22480474212415,16.1719030704024,16.4471362759908,16.24692247952,16.3220052684337,4.22480474212415,4.22480474212415,4.22480474212415,4.22480474212415,4.22480474212415,4.22480474212415
Q8IGS9,autosomes,14.8001484012712,14.5007248478237,14.4758181380499,14.4928410531455,14.0779553709759,13.8478681687333,14.0557903856602,14.1023957773307,13.9916004130301,14.3009636317101,13.9919594111865,13.9829462129368,13.9247580368074,14.1999321398859,14.0727555368981,14.1441971909945,14.4843017413752,14.0415175146901,13.7990660911175,14.1468179966828,14.1196495248977,13.850885657927,14.205086123337,13.086947522185,13.4418998872951,13.898163072344,13.8957777212591,13.9128190956779,13.7228752699424,13.9080294332915,10.7970744716514,13.9481119214471,13.8792273133564,13.9788844380206,13.8324630506415,13.7983931456093
Q8IGV8,autosomes,15.8196299981621,15.847333221114,15.9231444021941,15.3764745845591,15.5439581761102,16.294457218371,15.5083221842569,16.0812094150164,15.8616593159924,15.9544190474552,15.5425376952566,15.2951681174464,15.525521101808,15.0149196349568,15.3090044294711,15.1581930133661,15.5533691996865,16.048898007089,15.2492786387262,12.4726848105428,15.32882405816,15.527070366126,15.1535690580829,15.013330012586,15.4266550671291,15.5874334008766,15.5728869792268,15.9752086966232,15.4923409950694,15.2997070871551,15.3552275352576,15.6289931917267,14.8307033310151,15.7074500434129,14.8582740129551,14.9305230320146
Q8IM93,autosomes,19.3380919958815,19.7806675999971,19.7198999276771,19.4104814278372,19.7880226106889,19.7760409295906,19.5203860621891,19.6733860884234,19.7659108368833,19.6512669823899,19.8412105642548,19.3182840797989,19.6102911671445,19.5678295594538,19.7243571413763,19.8322305598066,19.6944981286651,19.5319505680189,19.7936012729778,18.8867967510591,19.5622988662142,19.414615037991,19.3783531610485,19.835541349129,19.9398801013995,19.8867000992987,19.9483464844444,19.7543347181752,19.800422363032,19.8953348114456,19.778182478786,19.6369557632301,19.5873985656794,19.1354913643655,19.2727329043539,19.3122282543564
Q8IMH4,autosomes,18.711556170301,18.9500428817997,18.7865611040779,18.5913765788698,18.850981419654,18.8170587476568,18.5652722425259,18.7606117547617,18.8622784331341,19.0234913425715,18.9407418223964,18.3747146843479,18.9464160336038,19.0249791821946,19.3275877445046,19.3643532145254,19.202402525965,19.2031206954143,19.2158051641997,19.2293212543877,19.1611194347323,19.1379902921599,19.1273015380557,19.3516880301724,19.4066758033654,19.6409161938731,19.2974591783043,19.3721772357395,19.360164732297,19.4527665500317,19.1028641228142,19.1592169040348,18.8107616014556,18.7128838978511,18.8328249964682,18.8407951886012
Q8IMQ8,autosomes,17.3558951943671,16.7741336590794,17.0492668191141,17.1384187553921,16.5648758347814,16.7334706515536,17.342473905415,17.0914447936528,17.063880141739,17.1309583602807,16.6041248880338,17.5305668120146,16.8815691482504,17.0655872119863,16.4719342961093,16.6379613676843,16.7130604797279,16.6446284819454,16.5001236782516,16.4778983624798,16.9617492247945,16.8826525588265,16.6413993778327,16.3520559869166,16.5400610158777,16.5930943950907,16.3326074129998,16.8448062534044,16.4712692489466,16.4859361409741,17.0204110413811,16.9336554314832,17.034529005014,17.316630928662,17.3098224776991,17.0485986311922
Q8INE6,autosomes,14.9099093396107,15.1445957236591,15.2708989485422,15.3401043494781,14.7288837531974,16.0151396889931,15.5764655825821,16.0525080963548,15.8176854972142,16.061805807072,15.1834168265708,15.8778275723805,15.1294217144405,17.4935613831526,15.5683467235065,16.8227699735282,16.4807160010488,17.725354586266,15.5032461169469,19.283816002008,16.569040386315,17.9303336690769,18.0646368837293,18.1202761915711,15.6669135922253,18.1445398792799,15.0935542102358,17.3035846441541,15.8457990535815,16.803133456208,15.176214145851,17.5675093769562,15.6757046798026,18.5469468135109,15.6982844824798,18.0444383893368
Q8INW2,autosomes,18.6693633623643,18.5535706714639,18.7719697913449,18.748112134999,18.7314491985652,18.3105159448459,18.3727668401882,18.3305252305951,18.4584441898204,18.6621127886703,18.5764983552624,18.057205699363,18.2436204729677,18.4255788569349,17.9748646488934,18.1771154096326,17.9369139653748,17.7477604423181,18.1491658682853,16.0152780019277,17.8662058957221,17.6615950941243,17.4938586845763,17.6289176408196,18.5592241426089,18.4157721225568,18.0251160719513,18.3812086741604,18.3693120342256,18.0174933151647,18.241792097233,18.0069170424294,17.5441367988876,17.159466073907,17.6062801911427,17.5717304984518
Q8IP62,autosomes,15.6596581611183,15.0426543315213,15.5815661389679,15.0839034041888,15.8941263475903,15.3112195615953,15.3280794053178,15.1719743708928,15.6081649611648,15.1163452208776,15.9015315471718,15.2003327601072,14.7014562333001,14.8677141582286,16.0676927357515,15.1960817917366,15.6413314273727,15.2349921141615,15.4304588404095,14.58154436963,15.6418183297273,15.0177790915617,15.2775319634156,14.6789509134485,15.5997030627601,14.9763598979012,15.4405661199056,15.2748303890544,15.6413823805149,15.1512814836083,15.5213924763768,15.2082685590414,15.0541979492214,14.6817343111059,14.9878505122716,14.6859103015383
Q8IPB7,autosomes,18.5614830932919,19.5661585070836,18.9637245750143,19.1247961469703,19.2204207825632,19.2236936144301,18.7535540600883,19.1769257721355,19.0757725767482,18.8087134743103,19.1495901029126,18.8313126331653,18.6909812665745,19.0217015034558,19.2246081189689,19.1069222867508,19.0083386602223,18.6040616813685,19.1238276070729,18.1648103666295,18.8537204000615,18.6948637301417,18.5588020926718,19.100942273949,19.0640938155106,19.555847418132,19.1361685536072,19.2772897283679,19.421088812736,19.4289551531196,18.9232122576726,18.9773614701815,18.5802145477915,18.5365946550816,18.7389123927291,18.7859019090263
Q8IPE8,autosomes,16.6520173364378,16.3428969589088,16.0903144397266,15.9815667603107,15.4515736183275,15.2373883190903,16.2594514552078,15.9482962091393,15.8820926240201,15.9415833957639,15.0312606954398,16.3713880815377,15.686998903393,15.9723258953293,15.3278362993725,15.7639169506263,15.7083645643446,15.4483483758185,15.3987249651216,15.573135105617,16.0050370825818,15.8642487643842,16.0173931109043,15.4278045635148,15.5910936060383,15.5443715648114,15.4002974265841,15.7659893560759,15.682312433588,15.1742082689773,15.6064154307496,15.781376750424,15.7196794134997,16.2476880910561,15.9269089263224,15.709608779167
Q8IPM8,autosomes,20.1064145267405,20.3689886858915,20.0875532830097,20.0849032055072,20.4328247652642,20.3193186650247,19.89863961218,20.1949242921793,20.2110155671885,20.071591412208,20.4025890778543,19.7399679853999,20.1043467088959,19.989286603939,20.3288315321114,20.4743379402297,20.1986726132669,20.079835887773,20.251293002902,19.0460892721876,20.1796648219545,20.0924079957555,19.9058579567122,20.5637514540059,20.5526485739643,20.4729300472851,20.5776062569945,20.2905127636732,20.5546727708431,20.5621592065214,20.0955342890296,20.1995570745248,19.7543391360339,19.4711974752313,19.7304314446779,19.7125959734126
Q8IQG9,autosomes,13.2446145066657,12.8954907486143,12.7709758503281,13.9266880298761,12.9946660957473,12.6957876635191,13.0910545898645,13.3867214916116,14.1029122238705,13.5257134178884,13.194638207008,13.3039826855273,14.0706836089455,13.3262200959083,13.124087984135,13.1602495597831,13.5248665978822,13.7950556850355,13.9758613687425,12.3542958843555,13.4049154545553,13.7750003089766,13.3317723611064,12.8958743533465,13.9402920008957,13.5625893905997,13.5092892294974,14.4285535953729,14.0969613090024,13.7656032531497,14.609021202563,14.0570029764967,13.5649176267473,13.7768420387045,13.791675601973,13.5312666309414
Q8IRQ5,autosomes,18.7635493680199,18.6583416702628,18.5582023119143,18.397302830029,18.2432197279328,17.8337255002853,18.2617658312488,18.4681056982394,18.1836471100176,18.2549587300101,17.8007246248358,18.4923664500857,17.8723360124564,17.9207396363156,17.5765971346642,17.4024748884982,17.6019964331308,17.7816695900344,17.4059876248373,17.992438637612,17.7268074880632,18.0192118961616,17.884221716788,17.4124193611761,17.2588129752146,17.0532887527434,17.3941693217023,17.6483401932168,17.6216394853057,17.8434579906761,17.4506142045771,17.5844679642996,18.3115520649955,17.9414095470393,18.073754193783,18.0841770885017
Q8MKN0,autosomes,15.5254679072659,14.864188926692,15.5567646982824,15.2440923695881,15.1316566622382,15.4002876742753,15.735940907079,15.4309538220464,15.6077224074482,15.6894354518323,15.5627978298229,14.884526068963,15.1513897231283,14.946314887884,15.338635302468,15.2904882554339,15.6240292686435,15.631330197009,15.5424373577568,14.5943114581836,15.5471241183225,15.1878714214592,15.400740193165,15.4742910333256,15.5071754168285,15.5978577481978,15.2661498969816,15.7833127457704,15.6337902385796,15.6911959751921,16.2156426628772,15.6360088964643,14.9278401263136,14.7681787216626,15.3314439829702,15.1453875534248
Q8MLY8,autosomes,17.8453815974913,17.8564962924817,18.0258605496423,17.8062940027621,17.6040145817971,17.8673035806006,18.0784014432072,17.9872589066088,18.0780537871072,18.492873319323,18.0564459332136,18.3697311224414,17.5173974530459,17.8129837417802,18.0317294013501,17.9868017686479,17.9425013804736,18.3084484738044,18.204977013498,17.1778910687544,17.9950152355883,18.0579938761652,17.9651997358073,17.9724148502245,17.9419197669867,18.0180197515024,17.9567494412908,18.0402609756743,17.934599709618,17.8695801356208,18.1713894940785,17.971477654293,17.6425370665897,18.3363470457778,18.0901531619215,17.77811505064
Q8MLZ7,autosomes,16.7378354428077,17.0422309309849,16.8718845088934,16.7639220980586,16.8530555213879,17.1405347082457,16.5514950409508,16.9662038338552,16.8299375455412,16.9408601139924,16.9107199359793,16.8959752178414,16.6357310500998,16.85070226878,16.7317428103945,17.0487201496135,16.8730661981824,16.7989104125952,16.7518696970545,16.6402754071991,16.5557043274587,16.3242663442301,16.6071212932909,16.7906727251781,16.9983792401211,16.8916147585607,16.551993222147,16.9110356513581,16.768473366548,16.5429720180829,17.1609015957394,17.0859082865497,16.3239983372102,16.1969628063936,16.5016375754634,16.4388817524533
Q8MQN7,autosomes,14.7771659953687,14.2151810144764,14.7819506073122,14.4277185564068,14.8219903302542,14.5893625992933,14.8947656958411,15.2199726793135,15.2796193163447,14.1297263722292,14.970643839555,14.1005668827147,14.4952681456057,14.6396714171574,14.3217012000708,14.2064373031628,14.2951831369794,13.5972301391711,14.2713050059622,14.3269403659757,14.7983849669349,13.9083202431481,14.3372644019766,14.1362895413191,13.9100728892953,14.3357065333903,13.8889882592834,14.051106407649,14.5386587697895,13.7679616114024,14.8452835396512,14.2189860155516,14.2538812273515,14.8802246701069,15.0703865399058,14.8411175536443
Q8MQS7,autosomes,17.7679519255918,18.0163350730941,17.8840962892655,18.254937179939,17.894277847038,17.790800564569,18.1359851868632,18.0962888676166,18.1918246568699,18.1218921342876,17.8401428200183,18.5537460272933,17.8848494459171,18.0801257872516,17.3354796106977,17.5340768380001,17.5109388183273,17.5959685394149,17.521238644945,17.6495606242743,17.8394946445505,17.888488502812,17.6422881933958,17.3820233177953,17.398626837214,17.251432337738,17.1010680416186,17.4404593665682,17.4367113801846,17.3871058595477,17.8693044279371,17.8577937873347,17.8852843362486,18.5354578368493,18.222175699889,18.2522856332617
Q8MR58,autosomes,18.3551703742884,18.2170319426255,19.0966244463054,18.0792446970009,18.8488741160796,18.5637815507471,18.4327113712759,18.192710981511,18.4550963489576,18.4634859450872,18.6355270885787,18.0300193834618,19.0378360174467,18.8764955757458,18.972998681188,18.5729190052708,19.1001587619065,19.0368670960886,18.791590075872,19.7872820995524,19.0370148363195,18.8702965739247,19.2231394619613,18.7357807973121,18.4351708821812,18.4421542095418,19.0277850606976,18.7040713195823,18.565156497939,18.9190481630444,18.4655860426447,18.6723849100586,19.1708489569132,19.173870211914,19.304315006304,19.2392594528871
Q8MRM0,autosomes,12.669080901613,12.6636649278982,12.5558162746265,12.2238899606502,12.6269372717681,13.3522359137032,12.1653691607156,12.4225526590398,12.9762043671319,12.7223434374792,9.84124098331841,12.3130752480528,12.8691039916035,12.3866179932486,12.373220119141,12.4658825424559,12.9174081843732,13.1765223038021,12.9798959591617,12.8388172526689,12.4379677857942,13.2776767013091,12.4120691287322,12.1545665438548,12.7801852155434,12.3360128161086,13.3330518116377,12.7648709758038,12.5109649003146,12.0571117554466,12.3169728817022,12.7177807157684,12.8407800147707,12.6618457777208,13.0064490263345,12.1298099073777
Q8MRU8,autosomes,17.3009311301674,17.2942207587317,17.5769303193322,17.0918533801521,17.4705705043797,17.0092765727088,17.3398540932408,17.4361178192791,17.2865237941635,17.1066008161691,17.272896375625,16.8192013835716,16.9555066589274,16.7870058142695,17.6591563226079,17.4406283376769,17.7022906524722,17.3231693702667,17.7123979951565,17.3417330285921,17.5295421608846,17.1969301885359,17.5394308624842,17.0841883145298,17.5083495020792,17.3797527338196,17.6397798369667,17.5100752561029,17.5727431831647,17.1851269628025,17.5000613701015,17.1303111105089,17.2865575362167,16.6207682545402,17.1358114417424,16.7857915015439
Q8MSV2,autosomes,15.4832676836398,15.1819387743376,15.3831744212326,15.5497787050101,14.9174284819824,15.1032953536242,15.5447476705181,15.5709590060619,15.7420511979761,15.536722239185,15.5913725767611,15.2670857321099,15.5489493420617,15.6028760580627,15.3648795483138,15.4028585599006,15.6377543042999,15.4243228374101,15.5249111301715,15.3351620544775,15.6331926875153,15.6382645882536,15.4670735198528,15.484953051834,15.4275055752376,15.2792498286958,15.4325396808732,15.7393272667584,15.2988175585513,15.6198241639421,15.6708423501167,15.6873330741681,15.6339820844302,15.6043348248,15.8460251192811,15.8325683274034
Q8MT18,autosomes,18.9776716997956,18.2512348408504,18.3500362343008,18.4062737343429,17.8838724790974,17.6461686468713,18.3465818634089,17.9358896106529,18.1303274934402,18.2013993018506,17.9875995982323,18.9156583606878,18.761985376245,18.3674970424744,17.8453004811535,17.5546544346962,17.9614147299479,18.0350962812482,17.6339835383211,18.6839812210441,18.0300590868779,18.0679800298469,18.3604027188906,17.6740797515948,17.4754534870224,17.4818459318423,17.7480199892635,17.6845682986441,18.4988432572891,17.7993071547797,17.8457670947283,17.9593422324555,18.7638623174166,18.5637908546236,18.5899246985923,18.6370301192171
Q8MT58,autosomes,16.9907741724327,16.1024640376505,16.5424410648549,16.6267886050184,15.9652971587353,15.9569294888944,16.7215178183833,16.3408356793469,16.5167973723476,16.8829280222262,16.5015877002642,17.0468899707952,16.5930757456311,16.8528390450189,16.0088462365628,16.2635125207985,16.5209787904641,16.2434310204205,16.4161309814428,16.1934978752406,16.5902879008491,16.8091537030589,16.3632779552752,16.1354653720831,16.2376247941876,16.2407096840723,16.0332255640554,16.5315278541179,16.2081672968065,16.3691525170908,16.8754220231477,16.719721080058,16.7124789538555,17.1996470142357,16.5867155197371,16.9696085557127
Q8MYV0,autosomes,21.3651343277185,20.7670100668685,20.5255931041797,20.7040984000915,19.8513215235805,19.8449910482896,20.8535660231598,20.3601315976663,20.2365965467363,20.3299646055571,19.9427429690294,21.133092943645,20.5974348069225,20.8150626427281,19.695351291311,19.9338303600241,19.9564183434114,20.000602813119,19.8342631491682,21.356810564389,20.2981025882775,20.5447755588257,20.8483057300755,19.7548785717683,19.6454815480787,19.7658339281049,19.7339338612975,19.8450336793504,19.675164967499,19.7672991015879,20.1179510930932,20.1466663527205,20.9264385601212,21.3136288966036,20.8811844373485,20.7654393813022
Q8MZC1,autosomes,16.9978728571284,17.3212079295518,16.9050700959193,17.1641774028567,17.2274664552267,17.5379546239051,16.9493196792861,17.3073258143378,17.0938926988491,17.0184003676275,17.2777581234901,16.7022190705341,17.0811204404108,17.0086663044426,16.9092378653546,17.2570900344251,17.0611107885845,16.769262603572,17.0780221135483,15.6950828073565,16.8672678953819,16.8096557221893,16.4626075901965,17.2151044597516,17.2450741047052,17.506168638557,16.9381246870376,17.1827808284136,17.1218046087074,17.4286337882711,17.3215308082676,16.9347297816432,16.3877552420466,16.3993733489669,16.5365250580277,16.4878047777382
Q8SX06,autosomes,13.5817242146262,14.4448589866446,14.6802028688232,13.988604730283,14.5256200421933,14.3977399699711,13.910137203184,14.182852899722,14.2966238135724,14.0919896186269,14.6178014648644,13.7930538921845,13.4409811192591,13.3711565312628,14.311624673067,14.1652817083021,14.2333054985481,13.928075409159,14.4091400421461,13.9682036523684,14.2069899712561,14.2737175005505,14.207730806584,14.5163136278381,14.866978692683,14.5132193277995,14.7944332539406,14.2786920890716,14.5568591543867,14.5701296560634,14.4555873538088,14.2553618314804,13.6358262691279,13.695032489297,13.4574008679603,13.6239706764524
Q8SXB1,autosomes,17.1814013376821,17.539189925635,17.2516702972092,17.2278434004875,17.3483267620006,17.3774675075179,16.9923831276588,17.2084415181162,17.1035570247532,17.229175195139,17.0506352870744,16.8118870186195,17.0558986906796,17.1059733952829,17.1093840225339,17.1650425876316,17.1778507845531,17.0111239957928,16.9895657388763,16.5564223388315,17.1075639597834,16.9490583752582,16.951748895612,17.3877631415579,17.2898317772164,17.3457117688536,17.3029858343295,17.1381490721583,17.2563399190759,17.2752051048317,16.8593721393576,17.144324471273,16.7989382974968,16.6798502678773,16.7850458462874,16.7651856271756
Q8SXE8,autosomes,15.6842881938747,15.5393699816375,15.8348940675029,15.6385042505343,14.8788296560183,15.139849405606,15.6991520854479,15.547595392824,15.1975716880819,15.5372734556867,15.3099165568118,15.7908627806536,15.9810603078224,15.9394540337827,15.8737822264926,15.5350063101785,15.2930097155011,15.7113915826901,15.9127462759673,16.1689388757803,15.891455647138,15.9185799590417,16.1624404301926,15.500517536972,15.2845454597311,15.4031956808398,15.6506894838528,15.3574114848715,15.2478523903659,15.5608181479908,15.7577196622277,15.8530189606754,15.9074751422314,15.9322840374672,15.947671860854,16.3230664843121
Q8SXF9,autosomes,16.3401766120607,16.5276620642651,16.6593533295337,17.1836773303895,16.8687874751467,17.2619086796475,16.6838300326706,17.2390645993054,16.9428055505827,17.1477792473276,16.8229604529012,16.6534557969694,16.518792008128,16.2664485752191,17.0264283008686,17.2243176747957,17.2616392429123,17.1566989087156,16.9937299074356,17.1269157535644,17.1561503180576,17.0793291754227,16.9746389685137,17.5589584885596,17.0934136146464,17.3884797965188,17.2618810921126,17.37408783757,17.4084623306242,17.3120421803604,17.1911939716257,17.3314984562337,16.6519921368042,16.9046039146312,16.8494878275421,16.9036843060613
Q8SXQ5,autosomes,15.469590774729,15.732059112678,15.9105311615468,15.9603976333209,16.1296100497347,16.0610139234954,16.0835442007477,15.808509819584,16.0684495254476,15.9987829962712,16.0838816323763,16.0352664288784,16.3228829564271,16.4023651485342,16.3007289338841,15.9654586157508,16.1905198258446,16.3842064406874,15.6532530650674,17.2393099225287,16.342737045659,16.1199848971091,16.75826559892,16.5843673109865,16.1850784197398,16.1765505056443,16.4391385435715,15.7241739761511,16.0445578792057,16.2277290303038,15.989537147204,15.9959891755871,16.8502062891732,16.5510618535827,16.7419965545278,16.7590630548354
Q8SXX1,autosomes,17.0229638061995,16.4326213463372,17.10577971859,17.1420204370309,17.1202245933663,17.152533533547,17.2664116454346,17.1724137068733,17.5269516984709,17.3463648122122,17.3275536363528,17.2368953031718,16.8246894569862,16.9135748473526,16.7473885198524,17.1298717142784,17.0215903440293,17.0293189906511,17.0587368871887,15.5978167198403,17.0111071317255,16.8411438822524,16.6963077570127,16.7257523050463,16.8283934519472,16.7321298033828,16.6259964496477,17.0864982021132,17.2226200605634,16.9907859276915,17.4966983734617,17.4238890276722,16.9809741607523,16.9257989891277,17.0717134365243,17.0919537179488
Q8SXY3,autosomes,16.7658595422183,16.5178193139917,16.4231626183367,16.1537207654363,16.0162662164734,16.0768386843983,16.3961832976689,15.9979594910837,16.089425879607,16.2862867458823,16.1298188009335,16.5180830511318,16.4245536304098,16.5460440560215,16.1480129130945,16.1172940224214,16.1243816991288,16.1939217697342,16.2372511854668,16.1347058888337,16.3235201824225,16.3024517301573,16.1529393498035,16.0429304757609,16.0080917085195,16.0217201883609,16.4015677654646,16.1101065561378,16.07735070483,16.3152909754799,16.3054448436141,16.3262850152307,16.364119937951,16.377978367941,16.5721143010881,16.4481980847225
Q8SY88,autosomes,16.5104261956574,16.9677170197822,16.6630843114487,16.1040035360021,16.8630198303264,16.8477900930734,16.1691172309882,16.6425378081706,16.498568393323,16.017714239749,16.7258486927228,15.6241230470617,16.1537902116252,16.0985584135647,16.619505751971,16.6410405107989,16.4501257340658,16.3852565511847,16.488037501301,16.1779348354245,16.2260681305712,16.0550562612767,16.37790227376,15.9512877467923,16.7753948530825,16.7437911085185,16.6335874971695,16.5210915881404,16.6424355114435,15.9991813482256,16.3042414871055,16.0860235308918,16.1860729109829,15.7276431953971,16.0990424431313,15.5715199235042
Q8SY96,autosomes,17.1533023500062,17.5055496649488,17.2321478310114,17.2074867030518,17.522102790711,17.3997881053441,16.8771440654964,17.1212475042,17.1928633443928,17.2713369435533,16.9518102444528,16.5539256195762,17.0041562265246,16.828679518446,17.1085402590816,17.3632452709683,17.2564753906115,17.2382787096116,17.1853797887977,17.2112503508502,17.199663678628,17.131657041525,17.1576715073363,17.2397009351473,17.4635675154883,17.5481212329343,17.3708997213879,17.2339341965305,17.5464999513564,17.4922973541096,17.0342828808773,17.0512992029011,17.0329568616565,16.6098187887928,16.9435559956261,16.8406959694637
Q8SYD9,autosomes,18.7219676758191,18.445939859771,18.8378943571694,18.7137240742708,18.6386404538921,18.4927284732987,19.0982414298219,18.6628912843344,19.0141108544145,18.892365905332,18.6727977596193,18.8821224099845,18.9614204094582,19.0689727471859,18.6775456046017,19.0265125157817,18.9494502001249,18.7733249599492,18.7436931616719,18.9009926585388,18.9998278438096,18.8406829740974,18.9638459689591,18.5840456069065,18.8554043189768,18.8759459261222,18.6784684857613,19.0971014963587,18.8695381442155,18.7835062322525,19.284332769485,19.1152754691654,19.0289341854152,18.9133939289377,19.2836816718766,19.0932228177496
Q8SYJ2,autosomes,18.555314555923,18.9493235154128,18.9195464078169,18.8409267641834,19.3003129002492,19.0302730332979,18.8775671877707,19.0364671110142,19.1055121376485,19.0724994014834,19.0434228975985,18.6845190379332,18.8826824871884,18.9511864941284,18.8788712477994,18.6875546516148,19.0040760769814,18.985597061636,18.9332747592347,19.4024901176694,18.9929373414001,18.7612475898964,19.226105252389,18.9596023820915,19.0619620009229,19.0262269056103,18.9627501677277,19.0584563713268,18.8984782595718,18.9726929563544,19.1151046898994,19.0528396214822,19.2631408943075,18.8425923289399,19.1083121472596,19.1223583723443
Q8SYN6,autosomes,19.0613849338044,19.587962914243,19.6427235258009,19.0476027851306,19.1903193845613,19.4092749563958,18.5949776332326,19.3330399742008,19.1932452295878,19.1824512893649,19.2815394126864,18.7042969670887,18.768723369157,19.0612145965373,18.9582693382137,19.3312926590463,19.1647133044729,19.1493526720865,18.8101260414872,18.8108480894598,19.0610555163802,19.1981450023104,19.0346504096122,19.5310163402247,18.9701102651616,19.3253508855308,19.8624772178153,19.1867830022229,19.4951206444698,19.1942249759171,19.0628311123171,18.9609817860777,19.2823480291532,18.5708404759425,18.7901898108697,18.8050580764934
Q8SYQ8,autosomes,14.0340944910505,14.5285252455363,14.4103268656688,14.1700970533243,14.1195368186965,14.4469882836477,14.2601360342122,14.3608158908492,14.2185393470568,14.1240840551254,14.3193254375788,13.9249978474105,14.1571219864745,14.4856744997629,14.1696517106948,14.5557982187389,14.254131529886,14.4363895019631,14.1968536543205,14.4581042990243,14.1109095995074,13.6266764103058,13.8884516359977,13.8364586419756,13.9055877897562,14.1874694264355,14.2505118824325,14.2102384089099,13.9282315904757,13.9908534231152,14.2320292963084,13.856464428158,13.6128562924794,13.7312345703634,14.1189102433998,14.2704364382285
Q8SYT6,autosomes,13.6134365429059,14.3267688141208,14.6093793634333,14.279300177843,13.6090112513447,14.5787022099098,15.6990201862749,14.8422372994252,14.7633505164639,15.3069530268535,14.3610795826804,15.6746403472837,15.3087861302477,14.9819137584547,13.7905117639247,15.2106582104098,15.2087029304645,14.4706945757249,14.6395165928854,14.0751754789233,14.8291276291144,15.5204023500555,14.3884759909656,14.8169615117293,14.7763345730795,15.0104236795982,14.6045420970423,14.3752083467538,13.71003182034,13.8151948850389,15.5435712398905,14.6732572866538,15.419835920977,16.0111034879339,15.7469561905556,16.054237604585
Q8SZK9,autosomes,16.5471808131721,16.8931204813082,16.613249124271,16.6415684954996,16.8456842434511,16.6854139753632,16.4483585948936,16.8240088227865,16.9791829158409,16.7263660043786,16.6240394099456,16.3220415665976,16.1390060908944,16.0717669283487,16.8804184606243,16.3592686939779,16.6279032452066,16.7841180551708,16.6753673142639,15.9710563095422,16.730388739956,16.5005208258683,16.4123388338999,16.3981157859296,16.7470102465816,16.7014618878708,16.5106656377067,16.9207182284612,16.8790201942056,16.3893642893758,16.658650417966,16.704299784958,16.082759314531,15.8488084129331,16.088250779672,15.8470586134778
Q8SZM2,autosomes,16.4777414544256,16.3197909506064,16.6832289427969,16.3359251701675,16.4538523156653,16.1492815629937,16.1476814165489,16.1981346905824,16.3461187393736,16.3309826184258,16.6011976254662,15.5146544562611,15.874215852862,15.7740296673027,15.7790280146886,16.3244624629834,15.9211203205083,15.842068483845,15.9860525977152,15.7268003820842,16.1695166165595,15.9883681226784,16.2636843259298,15.6854035097631,16.2096776204011,15.9241793730706,15.9486009336807,16.5145397596749,16.123629691286,15.9592722770122,16.3381999514082,15.9865097839424,15.9326708245592,15.940858764438,15.8994339952122,15.8471264170388
Q8SZU6,autosomes,17.2512540752429,17.2886680540867,17.0551037326777,17.1049144375055,17.3921925873941,17.0721156648232,16.6917747726463,17.1761697401664,17.1261529772841,17.0078188871929,17.2954185347801,16.7667110321323,15.950805480362,16.0910477731992,17.5826261740639,17.1423745774184,17.0193223024019,16.923510497197,17.1077616598484,15.9531008672513,17.0482824784152,17.2040579311414,17.0630588739033,16.8443801758776,16.9685753036054,16.9367769315914,16.978821807945,17.2959806635729,17.1331161189667,17.1441847308776,17.0036202336817,17.0002242930775,16.4177202722894,15.760704644484,16.2505807183642,16.0954761286281
Q8T0M6,autosomes,16.2350561139838,16.5994059657348,16.7810822661534,16.4864570701818,16.4413034868,16.5889953253986,16.3236346698322,16.6998124133989,16.4827527178105,16.6425191923966,16.8453676827163,16.1791485748483,16.6305745251835,16.5917720034502,16.6536067226511,17.1620627975631,16.8747401565562,16.7733050563914,16.8103350593818,16.4035707112899,16.6390746785199,16.6703575180878,16.5400998698103,16.9114163411684,17.0099113696331,17.1556105256763,17.0320507027271,16.8821888605641,17.2063221411945,16.977288718069,16.7361890562298,16.6357365689641,16.3123381983807,16.4968253604161,16.5699291150223,16.5364382141455
Q8T0Q4,autosomes,17.4894960411294,17.5530661710092,17.3754912383687,17.1420738651545,17.4107700950791,17.5890915547203,16.9797499031166,17.370875692255,17.3888469239795,17.1041067077587,17.3845557211625,16.9930677263192,17.1294383096316,16.9532057511574,17.1048929981196,17.2041697400642,17.0679042503041,17.127025978985,17.262961491503,16.6585723226656,17.1108469064565,17.1663380223424,16.9785711612302,17.3112333742813,17.3315807752994,17.4048341351305,17.4378720661315,17.1460892582783,17.3615548111056,17.3580120187776,17.0029740225385,16.9704870775061,16.8790971927218,16.8903654301262,16.8653218462968,16.8320119298959
Q8T390,autosomes,20.0668106414043,19.5784133444098,19.9617047667335,20.0881132608868,20.2315364094061,20.1183851596083,20.0997007105219,20.1850472529872,20.2001592810266,20.0127188676315,20.2283439365235,19.9740082915264,20.293908557202,20.1594288305495,20.2888184932344,19.9521662518569,20.083890075943,20.1405730811183,19.7051223412574,20.5955796389846,20.143943342047,20.061660094789,20.2807168013501,19.7963160016219,19.5181018054293,19.5346574054352,20.1226696039304,19.5952933647172,19.5537704933384,19.8537674573186,19.9488203895823,20.058087335692,20.584868733893,20.1641344307175,20.5647038939112,20.5682413392504
Q8T3K9,autosomes,15.2846942514828,15.2954265509216,15.580530541068,15.6914481880791,15.2576824514887,15.1078443085862,15.6613031124874,15.4119506953992,15.5975897925411,15.4233646115653,15.1544267320164,15.5090274212036,15.2864525736611,15.4410035704085,15.154278273243,15.083036723798,15.0140715004574,15.3867572284611,15.3907349525189,15.609424667726,15.3414448999911,15.4680145615685,15.4632534636556,14.7994282606147,14.6691895352057,14.9728755037829,14.8431602109393,15.3298376496181,15.1060579978919,15.4435073898446,15.0550628949044,15.1870750323794,15.7973952244644,15.7218971450495,15.8576078362565,15.9355714090958
Q8T3L2,autosomes,18.4765293983452,18.0323934083296,18.3107702983856,18.3920802497911,18.2729954413404,18.1885772366109,18.4805713811945,18.7023198330067,18.9258573159518,18.6954687902751,18.509023761265,18.4301432505158,18.5828534889779,18.5688979772872,18.6738054782665,18.4865418490072,18.5450709558377,18.5688073007832,18.6197648094426,18.4903792579348,18.6286515868423,18.6188690855196,18.4972880624226,18.3523549684288,18.2954364782583,18.2936063124056,18.340464053971,18.2637252060477,18.5105256775399,18.1549592042431,18.8205678062937,18.5657645753046,18.7462887972096,18.6537949246866,18.9086242479412,18.8179774952101
Q8T3P0,autosomes,21.0971718325674,20.0324126451272,20.5909338748332,20.9644502389155,20.1631970419195,19.94755305926,21.2175246070131,20.5818812142604,20.5989937611119,20.5924363004485,20.1345801477715,21.3618242513478,20.5924467581186,20.8103292831772,19.9105942413319,20.386897171388,20.1681254926781,20.1390676708136,20.0237488339941,20.8302681957736,20.5011493272158,20.7674533341186,20.5302877092604,19.9011697973832,19.9842894067726,20.0006008975401,19.8747272752361,20.1062316563884,19.9540760143123,20.0420997034666,20.4708066496166,20.4353934611024,20.9907931195983,21.3584373085163,20.9292647178571,20.8695586300135
Q8T3U2,autosomes,17.5399964266915,17.7790168730171,17.789797943176,17.6425376193774,17.6604804125822,17.6450705704086,17.8904803046475,18.005745373221,17.907927882318,17.9980724115773,18.0213364797382,17.6993934879314,17.7652633071172,17.7383736434115,17.910599277919,17.9963995650892,17.9722441993452,17.8738810960749,18.0806677003581,17.2797053722199,17.795516503681,17.7416023049505,17.8146502674972,17.7507671122524,18.118975136465,18.0121429831969,17.760962601298,17.9482107318904,18.0612147779994,17.8778199165251,18.1109326801015,18.0175457522061,17.8414066123192,17.6310144015362,17.8776593495673,17.7864126545226
Q8T8R1,autosomes,15.373869006401,14.6862952227134,14.5619883934783,14.34093750233,14.3973365472987,14.6706356635024,14.2394301664833,14.312026571567,14.6474402572307,14.1389805504935,14.6263161418114,14.2360467706121,13.8025231214275,13.8643347049904,14.1287534025119,13.9192745798065,13.6607195535709,13.9810422836088,13.8418123999913,14.9463790009115,13.9661301248749,14.0809068760442,14.0634365913331,13.4064803374547,13.9824508914074,13.2911561974601,14.0932886772514,13.6299206680891,13.9562811469027,13.8188282488005,14.0775980356421,13.6063184097014,14.4988218185903,14.7409552803568,14.2893787124694,14.0382607278184
Q8T8V5,autosomes,20.1407231246405,20.8096043171867,20.3682981175358,19.9781900017569,20.2631775816204,20.5004547901385,19.9626203213428,20.2648482379309,20.3130785295404,20.1901711172008,20.348931859896,19.7686475436524,20.0904796027276,20.0855757417207,20.3411595803279,20.3136161502772,20.0574540457617,19.9089344072893,20.481113599979,17.4916164758052,20.2650945961607,20.1448509907559,19.8500652576956,20.443189384928,20.5838473066769,20.5115742299057,20.5088676992441,20.415151936454,20.6014215642575,20.3923817411766,20.0719505333883,19.8806653380238,19.7557996474734,19.4436550331637,19.5732084821203,19.4912113557242
Q8T9B2,autosomes,14.1913874067688,14.6498322982044,14.454984944499,14.3245783636313,14.5151373122523,14.4892319330689,14.2327630662926,14.6410470565733,14.6015911697415,14.6795523887033,14.6236400657213,14.1776436744053,14.1749929085068,14.2141437107622,14.453303700362,14.4387677797273,14.3719195943657,14.4764405066555,14.6102810768343,14.2524216429171,14.5302737576091,14.5504235686753,14.4484053572073,14.7935761455318,14.4398632328764,14.7481770078311,14.4078706322204,14.5610791979556,14.7250655394605,14.802800992672,14.4154738073806,14.4639176462419,14.1861562596631,14.2734342748246,14.5166403470885,14.494563527406
Q8T9D5,autosomes,19.8045570910923,19.6131950559626,19.2654695558851,19.1490549888217,18.2721269068291,18.1863938604849,19.6421116305029,18.9615922720365,18.9998976889646,18.7320662741973,18.2727000654871,19.9034391421171,18.6716928525501,18.9250174465683,18.1193327590459,18.3368440468752,18.3870930350174,18.2589863483128,18.3738193262556,18.5098940280762,18.8065883815839,19.1722448670159,18.4937581526298,18.147036337118,18.228420571558,18.1378072015662,18.0672382149563,18.5224257472904,18.124516231889,18.2091825642998,18.6655805418291,18.6926481311335,18.8266706487589,19.2641124275549,18.7983066452561,18.6596593082152
Q94514,autosomes,21.4665488915098,21.7993730121948,21.7469020613853,21.7029109960962,21.8761340572223,21.8129113729606,21.501927437164,21.7864540936574,21.8013565445934,21.7290001188135,21.8084165971203,21.3277461268291,22.0167976917112,21.8411914343219,22.1878126144728,22.2578492112372,22.1611602966846,22.1210578965096,21.9714560490655,22.0672284930947,21.9906989223452,22.0681647462883,21.9284473189387,22.2477873771631,22.0963377721492,22.1305983626394,22.429942755886,21.9908994651526,22.1864561865552,22.4599210524436,21.9222744451739,21.9149287150088,21.7621870583215,21.4368891736139,21.7806584236954,21.7937841479372
Q94516,autosomes,19.3291162831584,19.6647141161681,19.9119887768378,19.8973889159172,19.9503347769599,19.6484702670566,20.0099116178852,19.8575214460729,19.7688514608283,19.9110740725971,19.7993391620414,20.6006021465614,19.5595896943163,19.7648527791017,19.1738202798966,19.3029714942044,19.3016727835742,19.3944187822455,19.568109936379,19.4814889541502,19.6166457158809,19.5182510416761,19.4592315440838,19.4254196816433,19.3556107059164,19.123745740276,19.3425486948847,19.2950383874613,19.2317829979722,19.1475349356509,19.613072250601,19.5938272629855,19.8846830951431,20.360348068377,20.0400641481791,19.9002399099768
Q94518,autosomes,18.6421977806994,18.9892060822711,18.7546994407389,18.5877344413111,18.6180651286456,19.1710490009097,18.5243075644973,19.0018911315978,18.9140826740165,18.8979077710756,19.0294187925701,18.4417998220606,18.672666873812,18.7342302327903,18.7664908470617,18.9374727039153,18.7608757270339,18.5248735433235,18.8623574613659,17.4435627667619,18.6282885300853,18.5681237983797,18.4030364870301,18.9519520229111,19.0132319014927,19.091581559637,18.9026791516906,18.8875100828701,18.931446732174,18.7621067108316,19.4586648403106,19.1157159183298,18.1958472483844,18.0544773550024,18.1549731431034,18.2480739438088
Q94521,autosomes,16.8676073900793,16.71664160575,16.7239602204103,16.8430955517496,16.1552285887219,16.3317472387897,16.703747688494,16.6315868008308,16.9070576336062,16.8804781886369,16.4501644660594,16.5920587027148,16.5235321321176,16.7077158743281,16.1726208770448,16.4529368040137,16.7217366324232,16.6886505556291,16.6557711952431,16.8061762849329,16.9521687968015,16.8130032919303,16.8976565453369,16.5286351199591,16.5581074350791,16.4312562376011,16.1922840498982,16.5866472990478,16.4810306117191,16.3944016585119,16.92901114542,16.7244506762776,16.7418169603558,16.5699802009759,16.9536406426035,16.8457503532823
Q94522,autosomes,20.3235265812686,20.2107817716579,19.8535515698602,19.670327151658,19.2974418696956,19.099774516955,19.712669491933,19.4451116108508,19.5012440514329,19.6011466665744,19.3827931574165,19.6832119146446,19.8685421655904,19.937217257596,19.1112972151412,19.3416628657206,19.3312266312313,19.3253116914542,19.3105883818712,20.6948576565681,19.5073706704012,19.5506675880082,20.0944243098009,19.1547401785975,19.1258337601935,19.0608388046656,19.2807182064696,19.3783006396432,19.1457442133986,19.2855699404545,19.4459233847501,19.382012027967,19.9055956042615,19.9811232656044,19.8730234014817,19.9277911694915
Q94523,autosomes,18.6844927101265,18.0822453533694,18.3981446481378,18.5617891792176,18.294674926753,17.9844409685584,18.6515648359181,18.3973261851005,18.2304753956626,18.336835806421,18.1971418132431,18.5721006099994,18.1314517146298,18.0933983503802,17.764361928863,17.9905827351991,17.9578476437396,17.9854130261009,17.7892808156646,18.2940937253122,18.0417538630001,18.1136447154868,18.0876841467581,17.6135709489841,17.7460651310973,17.72358045657,17.6645560576599,18.0431391747089,17.923258408907,17.8447646983251,18.1207438456465,18.039033488771,18.4371680805738,18.3772047227626,18.3020784033074,18.2379422641958
Q94901,autosomes,16.4121349268528,15.8036073984665,16.0633821734437,16.3526679969873,15.9278973209108,15.8617798385167,16.4369154964336,16.1943366993799,16.3363796191691,16.0906370952264,16.0053929369963,16.1297563230118,16.1973710120103,16.1653890160168,15.812374864259,15.9336150120258,16.0804801240591,16.1220621875537,15.7289117388253,16.7538011911485,15.7989651075545,16.1364083258794,16.2559533098422,15.6078387853582,15.7736433347148,15.7896378517419,15.9242749426769,15.7651124914118,15.9309001766315,15.9834359702519,16.1941387217896,16.0213086975792,16.472330948733,16.4841316451973,16.5965033290528,16.6728538088258
Q94920,autosomes,22.8607652509533,23.1424611143457,23.2079102074703,23.4084323878166,23.8633190608927,23.7898559730564,23.0872601421164,23.5346733458195,23.4708211808549,23.3469874140478,23.7873697442313,22.8891933459705,23.3862169171595,23.1650716337451,23.7982642477185,23.8524448246336,23.7994602172506,23.649780646182,23.6343312027958,24.0021208850288,23.5296925813065,23.4529871184371,23.8207630877443,24.0727617863591,24.0337043840389,24.005447462004,23.9496359602133,23.6009596049989,23.8244488119061,23.8810794444381,23.5195956195216,23.4554709826738,23.4015251759861,23.1651377490727,23.3359996466006,23.3543328230222
Q95083,autosomes,16.2763519084526,16.0930153423179,16.559898991725,16.3834790611098,16.6485945637461,16.9436195838602,16.7346019568581,16.7315904964114,17.0490149323362,16.9492249907351,16.957736279989,16.7837428729242,17.5609623787387,17.5730281133978,17.0903980172809,16.9440321505946,17.2085698485655,17.1302291540032,16.6463366712113,17.7711118135731,17.4214654336274,17.638197756159,17.4145919011512,17.1710371876186,16.8971990880545,16.7614987865457,17.0675727915724,16.6157136567232,16.5263107657891,16.7212014044286,17.2592127053926,17.180847239891,17.8674183804514,17.7429812298712,18.0191376893871,17.768772361916
Q95NU8,autosomes,15.0266909423355,15.1587533012115,15.2141456125529,15.0833360813773,15.3414680265103,14.9757001021397,14.6996021691549,14.993027963706,15.2806501161803,15.3496813059299,15.5415773213538,14.9831392461661,14.8171946095418,14.7347436083922,15.2201848213514,15.6032797599374,15.1899341352842,15.083820947722,15.2559740020471,14.8401790418063,14.9759609102352,15.0371817114154,15.0867587143465,15.1868000007308,15.5169523693104,15.2610369523622,15.2976775133408,15.3769477479058,15.5573552522079,15.4644761813872,15.4100105828938,15.370715977038,15.0199101524369,14.4155415100457,14.8158567558038,14.6826293133681
Q95RA9,autosomes,16.2476602199538,16.0264606869226,16.4791279790905,16.3274334656241,15.8896552772821,16.0971518960713,16.1023508417928,15.81943595659,16.1464241798042,16.0274437232843,15.9734170999008,16.5170247654318,15.95751333438,15.8699363541442,15.5772898803854,15.9327881048068,15.9019347463354,15.5978382477605,16.305211698428,14.717845761911,16.0225923389896,15.9531866214724,15.618817098234,15.4679080349796,16.2796110114337,16.0861341295606,16.0696720017062,16.1296370462035,16.2925863918802,15.6473344808387,16.0867026436295,16.2038325555955,15.8651720722208,16.322893523802,15.885177103772,15.5176090866206
Q95RB2,autosomes,17.5839077495615,18.3394697950411,17.7307858988364,17.8922469134587,17.1173564601443,17.4339063027908,17.3125127664826,18.186688628313,17.1430025031848,17.2525830633144,17.2240887135858,17.2074541707952,17.4996259305739,17.4447255455834,18.1292638848209,16.4491177708727,17.4015828809638,17.9479356247537,17.5356707564179,17.8652197362973,17.0153569894668,18.0641967999326,18.2336622400578,17.1254371676476,17.4794099819145,17.6361876920028,18.0820432308944,17.2237104911807,18.1527059043036,16.9640244875395,17.0816280588966,17.2522359927689,17.3192774951274,18.2219215195943,17.5241600977594,17.7159069508855
Q95RR6,autosomes,19.4067672526183,19.3970539726793,19.2934208397001,19.2214822858683,19.4762718441828,19.3750815575607,19.1440482880271,19.2286715303722,19.2954374252576,19.2427337273869,19.4846069110577,18.9675707511842,19.1610923841838,19.0762989096046,19.3430942598719,19.2647382626031,19.2222374977298,19.32243584856,19.0994923842917,18.7069856413119,19.1919925389308,19.0502601653115,19.217095723718,19.1606108756468,19.1003742064851,18.8802271421763,19.4575877795615,19.0867554424966,19.1711148288316,19.2950378008441,19.1406577853539,19.2357080745887,19.181085263784,18.765473777872,19.0427214490062,19.1486657750699
Q95RY2,autosomes,17.113498570292,17.028957934998,16.842031343647,16.7938351218495,16.657106178037,16.6051697167736,16.919023236069,16.7038326904234,17.024820005934,16.7533383086964,16.8826842864123,16.5752343244366,17.2955379076519,17.0539893985095,17.158661630319,16.9236296187668,17.0423772736463,16.9221223364955,16.8423801422194,16.9256425789233,17.0325387630744,16.8805378934364,17.0662768545124,17.0032207016691,16.8191363496343,16.6520710679117,17.0857857346815,16.94792635657,16.956674248124,17.0660980778129,16.6791802539747,16.7812919415838,17.1198801547431,16.9194895868905,17.0435837967614,17.0696623016733
Q95S24,autosomes,15.4486684824603,15.909178395167,15.7222473909978,15.7961667191224,15.8387235874738,16.0396652040475,15.8792398854832,16.1455523243388,16.2264753222496,16.031004053875,16.4507436466303,15.7471361162264,14.9887260555829,15.602720383407,16.2732144225339,16.4105784453241,16.5036347558345,16.1703480572834,16.0580079555648,13.7907212726745,16.0648169524742,15.9903962418004,15.6072214913002,16.23333898174,16.1406719494178,16.1136568763692,16.0845812826407,16.0871795883295,16.174952425416,16.2531069480347,16.4758796670222,16.460078594487,15.2786422252324,14.9844396622162,15.4302922096887,15.2348772771789
Q95S79,autosomes,15.8907580797397,16.4306928913594,16.0948273155357,16.2323075476554,15.623821866824,16.3814257396287,16.4621549800079,16.5526676481785,16.3063464274179,16.5731527986842,16.3176562416591,16.2770335036572,16.0642346652067,16.0996676760955,16.3443263609044,16.7744661342474,16.4817547233119,16.5171485437839,16.3358104185301,15.1881830618737,16.1947841001454,16.2545053223855,15.8308204909676,16.0942306532882,16.2096731188416,16.4821902953181,15.8740578087227,16.6269816422035,16.3103811750539,16.2709096075283,16.8492453305495,16.7086678805251,15.6654098212811,15.8430634500342,15.8043060933756,16.0490741896549
Q95SC0,autosomes,16.0346386565233,16.0856275771357,15.9425772521012,15.8666365393354,15.9257956971587,16.3056019030574,15.4303527406829,15.9548149989867,15.6168985781651,15.4748921242564,15.6649496105069,15.1463024063542,15.3142795348915,14.9918974539557,15.4611347157263,15.2926748219272,15.2271295267567,15.3140180041429,15.4946970079345,13.1955715817194,14.9520839144409,15.5537333515918,14.4499407122994,14.9832160353225,15.8597111351195,15.9313208303674,15.6918851064533,15.8090014511215,15.6369428810272,15.3968120880479,15.3388950765259,15.0490226457983,15.0759006958415,14.4855156761862,14.8131094295942,14.6803619330626
Q95SI7,autosomes,15.4797516911347,15.2128982367453,15.3067026097592,15.409283341013,15.0751042129694,15.1716259909191,15.3480116103581,15.46901870731,15.5505747263014,15.4986173963425,15.4892483433037,15.1102035995735,15.2801631057977,15.6574974773964,14.9384740375739,15.3298776457193,15.3254414030967,15.3274633509379,15.2547087504335,15.9889778893242,15.5270738612572,15.3141570724539,15.5106289494877,15.1545180275556,14.7919360190571,14.9674994319167,15.0926625308776,15.3682249266732,15.5183231129571,15.3180485838399,15.7468999761751,15.5666826878741,15.6502554219519,15.6971662260516,15.5526089217852,15.8978239840289
Q95TL8,chrX,17.7482220055372,17.3850686645945,17.5592901590363,17.4106004373298,17.4745079384338,17.6343333628346,17.5094605971812,17.5385242378695,17.6039403567708,17.4592246618117,17.6087195352103,17.4544347049205,17.8913762796387,17.5926968997884,17.7587795286936,17.586291404672,17.6691785955371,17.7034999377046,17.6000773959341,17.5892338217552,17.8138551380652,17.6158188655983,17.7021762779121,17.4770094079172,17.5285668031507,17.3986915162242,17.6938720141461,17.4315588699079,17.5575979753203,17.5911400014206,17.5904644466489,17.5023780945146,17.8519393799903,17.4394112693677,17.7535906608898,17.8061327745926
Q95U46,autosomes,17.374984468092,17.6280584304074,17.60917075835,17.6411808053625,17.2041873589537,16.9785853354301,17.4762858315461,17.3785743594538,17.435325476298,17.6158678862383,17.1479459653668,17.520472798676,17.308105013717,17.6686758658197,16.7385893794552,17.0338398426332,17.0832697128468,16.8818681849442,16.9276573416564,16.9075303968394,17.1159180498193,17.2348516695749,17.1190245656173,16.7275555828024,16.9478514843118,16.8215277044864,16.7184591800863,17.5242937915875,17.1451126320338,17.158170914628,17.5869878459146,17.1649165409045,17.3693784382203,17.5043611387705,17.3682107504689,17.4285907576402
Q960M4,autosomes,19.5815812139942,20.1526783198182,19.9404261171543,20.2406204681133,20.1761369111771,20.0474561287699,19.6607741902937,19.8777723549122,19.8734912197673,19.8268461681024,20.0093285613505,19.5791300196751,19.9700651554216,20.0306296053157,19.990080009283,19.5901656203941,20.0740782336078,19.9986401423552,19.8246759772128,20.7390385845778,19.95882233171,20.0188783023847,20.3987097848112,19.8455490603562,20.0179232812958,20.0814703829429,20.1553329128468,19.8664516335501,19.8997308675239,19.9709833516168,20.1193153952636,19.9647487295086,20.086513800462,19.7433945184783,20.0260165966289,20.0279886671905
Q960T2,autosomes,17.1645211212192,17.5441982169447,17.0173793730211,17.0939215536459,17.230771494604,17.2916408417675,16.9816570094615,17.089760220094,17.1510875122279,17.1995041346255,17.2670068324646,16.7318217787973,17.0200385741338,17.0991823054019,17.1594290637699,17.3127495314037,17.0953818668976,16.7652652916169,17.0833600307938,15.2258242967569,16.8895746801883,16.9954250346811,16.3547311124339,16.8358586200948,17.1331664378656,16.9766170012499,17.1236363608202,16.9715959951212,17.1315935177062,16.9236168289082,16.7338414137239,16.7287884690518,16.7000205686487,16.2435311957169,16.6240615593995,16.5111011307879
Q9GPQ0,autosomes,17.4738482684142,17.6474184667029,16.9874533058761,17.2797221043898,16.6228530529866,16.9729453051133,16.8657776215479,17.3134607000666,17.192193499428,17.3112454737829,16.9530158560688,16.8244519741778,16.891450000771,16.6913852128007,16.7005724190464,16.7876295732154,17.3722520065331,17.4414552261676,16.8285149364101,17.872583682975,17.3788911308549,17.3290424831647,17.335230405099,16.9608165433231,16.5381146367486,16.8677265394564,16.3721019513372,16.8298231380411,16.5580652362704,16.6436203326725,16.74315818329,17.088076571911,16.7813276306192,16.7775145246785,16.6991559096877,17.1524029548855
Q9GQN0,chrX,15.2267333405569,15.1949289872018,15.1639121079996,14.6412415545894,14.7087970398971,15.0615420657748,15.4416019885875,15.2883052325868,15.4761147683405,18.0507853590413,15.5027338575563,15.0044076724703,15.2144456992023,15.3680707402128,15.5958144345496,15.879011323835,15.9503131629632,15.2042786877066,15.5097019755351,13.5731955105329,15.3442004958869,15.1566926461243,15.502492883425,15.0247083412723,15.821434341302,15.8285556162848,15.2418424548303,15.7685741567815,15.5348054617803,15.7026073839019,16.3463898095525,15.8566931753674,14.9243169234335,14.7265739599666,15.1758990855203,15.1910973534857
Q9GU68,autosomes,18.3765021241523,17.5794240627422,17.5803192421778,17.5680279719006,17.138045343348,17.0513908744608,17.7238621804863,17.38405587238,17.4191607506122,17.4302659892891,17.1771619105205,17.7550402275055,18.1361048914264,18.0580635450558,17.5750026000205,17.4455997875481,17.3321613290447,17.4136142113172,17.3959568924562,18.2595787546214,17.692023547164,17.8751150672275,17.9330083160549,17.438204879412,17.0431259524868,17.0423071909124,17.5537129830712,17.3140414853494,17.3403921611761,17.2856569014485,17.3134315635744,17.4357212250173,18.122997774311,18.0690099327203,18.1100036984109,18.2646692047224
Q9I7D3,autosomes,17.2215609014724,17.2793586447062,17.6194479560513,17.1202374338282,17.5640172701895,17.7176456637612,17.4490142368824,17.5702034317175,18.3019142450201,17.550287385524,17.6562215537175,17.2265723654127,17.5811989155946,17.4764751528869,17.7280393247184,17.5474363738484,17.8289558106211,17.8381958122917,17.640694314171,15.1269160744556,17.5073007852284,17.4035299303283,17.163577722411,16.9125094852423,17.4169328728983,17.2791740414136,17.5014827279245,17.7811054106987,17.6958225617238,17.6102412668373,18.1119224922839,17.7117063833521,17.2216237432976,16.9615502253493,17.3367904326696,17.2741458722559
Q9I7K0,autosomes,16.390141609163,16.70944226485,16.7155461178382,16.4958347299632,16.5200638546992,16.8255764154451,16.3322394150123,16.5249363630203,16.5514556231006,16.5480537915362,16.7177540811289,16.4649171130086,16.1946525953235,16.6041187714952,16.0863023569381,16.5336810166397,16.3036077455962,16.9286307819994,16.4055040253685,16.2548775268336,16.1721864759844,16.247543326575,16.4670679631118,16.2725147270452,16.4146695641682,16.4535286115411,16.5125257477567,16.3768249429753,16.4167951652715,16.5011491787045,16.5271027572725,16.528214998036,16.0350584985126,16.2653325455261,16.4168819836764,16.3517021444049
Q9NH72,autosomes,17.1591594528998,17.1324626445372,17.0171549092513,17.0812859026093,17.3062594674649,17.2234293426829,17.2126076308415,17.1878251814909,17.2599690783965,17.3172215002525,17.3029607992389,16.7995101058102,17.1408824419379,17.0145451318973,17.3048786311722,17.4482737371328,17.3723128143978,17.3122676724322,17.2751091359389,15.9479418953638,17.2884928878691,17.1383039153352,17.0656613756434,16.8011574417553,16.7735999623188,16.9520654986079,17.1239308817212,17.5705055779008,17.35765851137,17.3733538395475,17.281507399802,17.2595969341394,17.1897462502275,16.7317854083156,17.131362918541,17.1654099247277
Q9NJH0,autosomes,18.7736392227961,18.3083444599806,18.7439539340567,18.7725107508092,18.5096199122599,18.3971317344213,18.9595169833447,18.6050088053445,18.5830887291395,18.6298256492573,18.4845378654468,19.1954101743835,18.5220094660743,18.6895838125446,17.8233316544989,18.0076713505384,17.8788457150647,18.0252725094875,18.1441916191759,17.750939368291,18.3673441530268,18.4037383474477,18.0064496293992,18.0049911825833,17.8560083537417,17.8872485691506,17.8775390344978,18.0164412330281,17.931459275996,17.9484301905462,18.2702787785987,18.4362808459669,18.4851722843145,19.0761375804093,18.8574691778869,18.6450514760617
Q9NK57,autosomes,14.6579330436003,15.1745513642817,15.2587928823731,15.2959298759965,15.0598149694739,15.3217194211276,15.8600841523019,15.5490588976928,15.6715994904355,15.6188551185835,15.5542360242849,15.486600656585,15.5032133813704,15.6730135517948,15.3115153740117,15.1773690841518,15.2766190822019,15.0668613694745,15.3147404398123,14.8976630543828,15.2739903560311,15.4929580773219,15.261765971648,15.4139714759339,15.1246628227584,15.2918418464455,15.0661513062996,15.4446737118031,15.3639686295371,15.3269314903317,15.8067572742124,15.6836433619853,15.490133881212,15.6169441339699,15.6571273723095,15.5144474602192
Q9TWZ1,autosomes,21.3373817546416,21.9083723934569,21.4187209184581,21.2824087104332,21.5624433059431,21.728120876326,21.2911291046671,21.499961929607,21.4781126832545,21.4637849607476,21.7406347276548,21.1145004092185,21.5421715067247,21.5009372920328,21.7041117645263,21.4917515111594,21.6311423878781,21.5606536286396,21.6426335776151,19.7072314992576,21.4993961366311,21.41168991695,21.2629221757965,21.572809339022,21.5154426290807,21.560737481033,21.6393442818338,21.5465944980517,21.5310426681066,21.6964469989926,21.1900538800826,21.3695603830022,21.0646279590423,20.9257126117835,21.0871688595148,21.1740898620466
Q9U1K3,autosomes,16.5293158467463,16.4578436063695,16.6790467656045,16.7339504108677,16.8959628807814,16.9547636383192,16.6692116424403,17.1564094670095,17.0518271042764,17.4380558622456,16.8472902284872,16.7661117938977,17.3470368570339,17.6729080084326,17.6759208929208,17.354137325177,17.3889651266426,18.101231310517,17.4010455403493,17.9809673632993,17.4581497965516,18.178688672772,17.8210280477398,17.6643357637814,17.3077843136067,17.7501752597668,17.3111851429793,17.3402943965385,17.4110117522025,17.2706121432634,17.5998733071551,17.5854995436167,17.6648747318773,17.3492591517278,17.5120137408073,17.6698365820864
Q9U3W5,autosomes,13.5750841923328,13.7917688973596,13.8760579378741,14.0049980566963,13.086493892764,13.0057512003897,13.285986586095,13.2328872370247,14.0133064099013,13.4307153671451,13.5575700984649,13.4087703137085,13.823879359564,13.9465683638223,12.9158385406608,13.4747077457926,12.8125195294256,13.482024933831,13.5862611118157,13.8715510602833,13.5340953042056,13.4665453733112,13.0265143338076,12.7979089299675,13.2602692010882,12.8537731591966,13.0923002448608,13.2152620835742,13.4462546705285,13.095891627027,13.3856612610441,13.1226813074115,13.7033705600101,14.092717862294,13.6950786649403,13.5802823947737
Q9U3Z7,autosomes,14.0663022098084,13.6339122253788,14.1800566978453,13.7339019808128,14.0888496532215,14.0900581805443,14.2388746902098,13.738207311417,14.2238257021797,13.996907204926,13.7989301725012,14.0048665331799,14.7779024224743,15.5347022720022,14.921342938844,14.6988043945222,15.2530699609209,14.7214522912771,15.2822225158949,15.5892502213857,15.3031369104971,15.2578732991989,15.4415172345381,15.0443707408201,14.9710829779473,15.1540860201586,15.1715311531153,14.9873233521396,14.4806899470494,14.6873674058472,15.8612055544236,15.3605133820229,14.9234745631372,14.7729636293543,15.30370379756,14.2849795905127
Q9U4G1,autosomes,17.2992085372813,17.17050888029,17.4407994552249,17.20824725866,17.4883894451914,17.1806080071711,17.2737372784328,17.0963851709045,17.4253512973433,17.4189624564562,17.3943944538154,17.4730077288032,16.4942092198992,16.9514893423556,16.6569401997509,16.7788129627718,16.5531487875529,16.7621819798988,17.1746587325166,14.90379842504,16.7612007490875,17.0021668970392,16.318690645794,16.1569800234418,17.0894296396123,17.0056513276501,16.9059174215523,16.9223574887778,17.3036034202691,16.8962221476252,17.3123777070954,16.8014328302678,16.7429056169246,16.8336677171457,16.8820139559826,16.6776794820448
Q9U5W8,autosomes,14.4881517851524,13.7200296422359,13.659010639185,15.0008871879197,14.5853377730575,14.1870490770275,14.4251332154748,14.6793734366743,15.0718377858907,14.7288131138781,14.3087902539747,13.8230665325711,14.0793102933184,14.4762570208994,13.717149416226,15.4088157766428,15.218018547674,14.5693907801103,15.4659228735382,12.6878070744282,15.1142473511689,15.1023840784895,14.5788219961683,15.0620305914746,15.654227063257,15.5546986063202,14.8692380463522,15.8560446155926,15.6587621133858,15.5590629412609,15.3200130910117,15.2476458480799,13.71778892017,13.891293033665,14.1796058821339,14.5918088988366
Q9U616,autosomes,16.3161039064825,16.0333033138923,16.6146462754141,16.1466263340799,16.3216013508041,16.0016851506008,16.238550281523,16.4172014691349,16.6034682612292,16.7087508871827,16.4539669902119,16.1373093261731,16.3838822786016,16.6994710599461,16.4280471223592,16.5326017390301,16.279821784734,16.2300735247804,15.939041216263,15.8595688052683,15.8531939904752,15.812343624978,15.9261569706856,15.9158549327418,15.9981923865892,15.8365512041366,15.8393688795299,16.1634803376844,16.0148264836807,15.8693740203882,16.0807897653663,16.2729794697419,16.0626598988704,15.7926364464054,16.20963221717,15.9026968869522
Q9U6R9,autosomes,17.5590224851975,17.5519897437857,18.03665153157,17.7547621007009,17.7998168322993,17.5700475174645,18.0950281559408,18.0408869303743,18.3538713890087,18.3325897892712,18.0882288004756,17.9868494483327,17.9078824003766,18.035457478076,18.1108766491959,18.4451725748702,18.5264645302448,18.2090279668129,18.3489631629665,17.0360824879505,18.4013365322921,18.2201435311416,17.977428604959,17.9941973590192,18.3958827923167,18.2923129392686,17.9466298504938,18.5241309736764,18.3398753459455,18.057219652259,18.906461161545,18.7222433556635,18.039415924726,17.8140323123892,18.0230512188678,17.9456116109541
Q9U7E6,autosomes,4.22480474212415,4.22480474212415,4.22480474212415,4.22480474212415,4.22480474212415,16.0036102852954,15.7709821996276,16.0148627049125,15.9995590974328,15.9819325895826,16.0521373309769,15.9416451021849,15.9346479459037,15.9917128117427,4.22480474212415,4.22480474212415,4.22480474212415,4.22480474212415,16.0019234102855,12.4218805299455,15.7136227465027,15.8228660217013,15.3676155683667,4.22480474212415,4.22480474212415,4.22480474212415,15.9184530045695,15.9701282039302,15.971584661028,15.8410093934073,4.22480474212415,4.22480474212415,4.22480474212415,4.22480474212415,4.22480474212415,4.22480474212415
Q9U915,autosomes,18.6699615535566,18.5140362912054,18.5163569201976,18.4136150973772,18.4187351998987,18.5254511305239,18.4490095331726,18.451945377111,18.5067863171371,18.6266757024372,18.5299314728881,18.3318112722634,18.5476023616619,18.4380821623844,18.5726314792984,18.5052819561011,18.597262636397,18.7326053781468,18.397702295257,18.9926204151476,18.3927722600668,18.5735147104598,18.6539320933836,18.4279130891486,18.4451615205052,18.4162415411085,18.3810719906724,18.4272427010041,18.4783386588359,18.4843193389214,18.6854251084357,18.5263661860195,18.4312398367165,18.2595765665192,18.583211166247,18.4617543777819
Q9U916,autosomes,20.6224755841875,20.6479247366358,20.368161554438,20.3270926698229,20.8787564781109,20.7825661732128,20.0708081464621,20.4938455277501,20.3816028019404,20.2387649963774,20.6480191045956,20.0050777302836,20.4364689566134,20.1453400414954,20.5010062878159,20.2917130769684,20.1897799055752,20.1694389712749,20.36435436886,18.5520527062201,19.9220100622621,20.089320072868,19.4398780762482,19.5167498854197,20.4112253311093,20.1940874985631,20.4104342929413,20.1145577708664,20.4748216205065,20.3861573721741,19.8969967501454,19.768230504772,19.9015330195824,19.5964365975551,19.7890823909492,19.8700888552085
Q9V393,autosomes,14.4547738496237,14.0538173332978,14.4387967188024,14.5273106524259,14.2182913213946,14.7235478236629,15.0622477644718,14.8417892119719,14.9456871265678,14.482828431734,15.0033812091017,14.8666608090926,14.9713035969574,15.1519070752897,15.2802399633989,14.4459703186867,14.9678535799654,15.064879885287,14.8371827765237,13.3668340815587,14.9863831135693,14.8610527888654,14.7779658175976,15.1220013615141,14.9020259483391,15.0051117912426,14.8625191644853,14.9724682495095,15.0352584183239,15.0146700455159,15.1236355189024,15.0669409976567,15.108539702745,15.1886060221099,15.2308667922397,15.0790662760193
Q9V396,autosomes,16.8804893332157,17.0242620406317,17.0196520502063,17.1963414157766,16.7638562351621,16.6655955412023,17.1718115523551,17.289139462981,17.4294855884531,17.4689360348385,17.049942822039,16.7652375602586,17.0081515018247,17.1601611022335,17.0692924660105,17.2619504185969,17.4743522773371,17.2357064945848,17.3516452862371,16.8265336440715,17.3223469305919,17.2108223416673,17.0638724309034,16.9672840590475,17.1226809526487,17.217794715403,16.8358370543468,17.4433111073405,17.4528691316896,17.1821747341827,17.6733414049949,17.5977084731364,16.9963313640889,16.6711201181947,16.8878904058536,17.1603198606809
Q9V3E7,autosomes,18.0855413745002,18.4518961900602,18.6004566556697,18.4217185527725,18.4247276674244,18.4311399861656,18.5743634660009,18.5534736391271,18.6349069733389,19.3646186761653,18.948810627983,18.6628591043413,18.506798180665,18.6908574567171,18.8119630491024,18.6308884427361,18.8321966885728,18.8100717819425,18.8549473047559,19.5578476312231,18.5750369569576,18.5763271083603,19.0709371850069,18.9200744247487,18.8730151972318,18.9951771624159,18.7782952511959,18.5382729690473,18.5874084316895,18.8512023190931,18.9415076088113,18.9465340339991,18.9009033448832,18.9806059610498,19.1705694625145,18.8709870650157
Q9V3G1,autosomes,13.7090572755229,14.2134798463973,14.8809849754297,14.7884324776822,14.1625670450454,4.22480474212415,4.22480474212415,4.22480474212415,4.22480474212415,4.22480474212415,4.22480474212415,4.22480474212415,4.22480474212415,4.22480474212415,14.2826716641734,13.3518640968811,14.150849919271,14.4213213525273,4.22480474212415,4.22480474212415,4.22480474212415,4.22480474212415,4.22480474212415,14.3033537374634,14.065522335884,14.1797455795452,4.22480474212415,4.22480474212415,4.22480474212415,4.22480474212415,14.1287845157494,14.7492339258942,14.6491507730171,15.6870904886533,14.6152458675471,14.4545291823238
Q9V3H2,autosomes,16.3259133772451,16.5238198897231,16.5023624996484,16.5694116648533,15.9966026157541,15.7536279083101,16.6287706400567,16.2604715452382,16.4064714618259,16.288135775527,15.9701723267026,16.5893263666547,16.2424513829703,16.4957253181958,16.1231125779015,15.7117900379828,15.4530992142984,15.7323112210239,15.8039284432272,16.0615531078421,16.2079271737541,16.2585945250947,16.0158895332126,15.4164907553778,15.6071608718546,15.6352311818298,15.7667238681369,15.5667942470194,15.6159985771555,15.7766133820125,15.8819227227043,15.9946339627665,16.3570456634263,16.2388889577115,16.6581148142019,16.5327002034214
Q9V3I2,autosomes,4.22480474212415,4.22480474212415,4.22480474212415,4.22480474212415,4.22480474212415,15.5110022302774,16.8505078403284,15.8350962297342,16.1002364942831,16.3985783846179,16.0113180039366,17.4885653466357,16.0659362767742,16.1967789787529,4.22480474212415,4.22480474212415,4.22480474212415,4.22480474212415,16.3719282445366,15.1284787399779,16.3940695282586,16.0143806121198,15.8478804962347,4.22480474212415,4.22480474212415,4.22480474212415,15.7128097127764,16.250773920932,16.2674587722706,16.0860591933135,4.22480474212415,4.22480474212415,4.22480474212415,4.22480474212415,4.22480474212415,4.22480474212415
Q9V3J1,autosomes,15.5601564180358,15.6373254086708,16.2127074585194,16.1185522619056,14.9946502695615,15.3999646652783,16.6444577630514,15.5179422526419,15.8696368577704,15.9744554986406,15.6928235318365,17.1225909360653,15.4733632868922,16.1214414904514,15.0799446587451,15.5182808973723,15.3552005476564,15.3487738609944,15.74124153748,13.8102207916372,16.0730527168855,15.8639396054686,15.3275458959169,15.2643631783902,15.0618738611309,15.1468147967775,15.231250311804,15.9912306941888,15.6119090072161,15.3616365531722,16.2403562117901,15.9566049924899,15.8748808125789,17.0607414523964,16.4702924212009,15.8426041644215
Q9V3L7,autosomes,15.0996538210203,15.0094168329745,15.2757769255575,15.6287219091984,15.3927580190834,15.457490356323,15.4097333855168,15.7475734327628,15.7738197983264,15.727789133958,15.6136377673565,15.2805615467655,15.1826804738856,15.3627418768466,15.3831567170899,15.9783084749876,15.4277814893169,15.4393440888683,15.5993261695416,14.294670603861,15.3908542346087,15.2167703655065,15.1216008183994,14.8938536115846,15.5236856105589,15.232181463125,15.1897122551862,15.5545965106566,15.5721695685704,15.2134553344704,16.0474641372529,15.6366342684143,14.9345244011574,14.8449136215051,15.0989047983862,15.0303596558588
Q9V3P3,chrX,14.7390490398406,14.9939335424221,15.0467098383976,14.9103766606899,15.3613241750867,15.6205112110822,14.842114163233,15.2240899078125,15.1141750768004,15.1459224420678,15.4386691884465,15.0693606704111,14.8549438478986,14.8942995449336,15.0919603515017,15.1410451147823,14.9498264387726,14.9372843831191,14.6488536071588,14.2570161605406,14.4960093335657,14.5727002147693,14.4970611141096,14.2393510400792,15.0379526342787,14.7789449631217,14.5553951528776,14.534708549185,14.5159983290952,14.6476907513268,15.2185632350243,15.2255310678388,14.8118805781663,14.3360472525187,14.046193819287,14.4002441618384
Q9V3U6,autosomes,19.1268008974026,19.9525906130283,19.54068962076,19.1624460285871,19.2300739222772,19.5697708169205,19.1394770095396,19.3807396675939,19.5310065373239,19.409729286318,19.471992046821,18.9349234066372,19.2459039531396,19.6987249752311,19.4936933964255,19.3254048274726,19.3258128138183,19.2643327378714,19.4291246680663,18.9804932154005,19.2657085242109,19.1170803672558,19.1677430527848,19.3156612560639,19.1970214313806,19.434260771264,19.3868269888258,19.296808475333,19.2239802886941,19.3202144945151,19.334076561203,19.2762562270528,19.2575861349436,18.9997527929314,19.1225881859722,19.3152312394332
Q9V3V0,autosomes,17.6901650363971,17.5267669806072,17.7098700524114,17.280596150217,17.4779103819079,17.8397907506482,17.139451665971,17.420009458466,17.2791932136231,16.9626948049281,17.1233027068355,16.6384178004111,16.8708278194892,16.5478792322169,17.1665841240469,17.0224102740063,16.7559450017331,16.7762975034058,16.9113742538843,14.082318407162,16.8583566229226,17.1329397759792,16.322618328558,16.37330247948,17.5280772958741,17.0830364737694,17.2697778570723,17.2792501260937,17.3711828707063,17.1746737469274,17.4482866518583,16.9421883016509,16.3696594658778,15.7999266428729,16.0284315808134,15.9482090272373
Q9V3V6,autosomes,18.7893751524133,18.1453367636616,18.3522269240653,18.5090591824231,18.1439595895219,18.2406820147469,18.7098463834597,18.5028731713428,18.6103736067253,18.5844727477542,18.4725649728536,18.5052915559756,19.1220787753518,19.1833546060547,18.6814837286378,18.6927734203812,18.8254073498125,18.8048577829921,18.6276844122593,19.1287219092924,18.8597132852903,18.8085214405273,18.8585156600006,18.5778561165558,18.4314857367644,18.5166548461728,18.6182522131439,18.6282430502323,18.5914826397269,18.6968728719631,18.9540117862256,18.9441382401644,19.0336679355047,18.8969901955912,19.136724872816,19.2101376411138
Q9V3V9,autosomes,14.3629583613133,14.1120699637256,14.5122672824402,14.4841359568061,14.4489780411323,14.1823358271558,14.5389748178829,14.232571046893,14.5059162875281,14.2090673688797,14.4443342776223,14.1066364738621,14.4944021018368,14.8345998940513,14.869749279275,13.8195002709552,14.8646334193265,14.8993930785484,14.9318165399959,15.3709301152971,14.6424187869777,14.6566210552205,15.1387393473875,14.0960875786651,14.6291609838932,14.6584885366041,14.450157192198,15.14713704493,14.4420122763858,14.2663645456053,15.3336283344018,14.8761532523873,14.6842952305433,14.7108181081595,14.6167892681906,14.1747250076732
Q9V3W2,autosomes,16.0169196374696,16.0319974204358,15.9846418640233,16.1113536043354,15.7132951295744,15.6999889912915,16.067689015383,15.8465418688226,15.7093335274868,15.8295022373965,15.606132141802,16.5234100071537,15.5772241658927,15.8884500268252,15.4449127564749,15.607315940757,15.2106331175331,15.738070819347,15.8205075429846,15.3958003233131,15.6129068449037,15.8728333732104,15.5330798682848,15.5817144534358,15.646834031601,15.3342991076289,15.5457532482765,15.9009593286217,15.6747918155232,15.6986773466429,15.5309668919411,15.8674437525058,15.9687364482401,16.2096171580552,15.7424906544204,15.7747948190874
Q9V3W7,autosomes,18.6881856146987,18.8941663671425,18.6741348230675,18.6984389254966,19.1809081798738,18.8579411784707,18.3784330158824,18.6387802964209,18.5577742309134,18.5094034341916,18.8042768335337,18.2110557511628,18.2624713617409,18.0733288139636,18.5914749203462,18.1393308707087,18.2576413111955,18.262067548067,18.3357159358843,16.3994874087726,18.3417435244731,18.2553222398214,17.9459200301907,17.7150420571072,18.1150017705339,17.8269418971974,18.5469662993951,18.4780901333229,18.3741069497288,18.5036508885311,17.6471012556316,17.7623934871154,18.493293262892,18.0063558519571,18.3057232225551,18.146120615936
Q9V3W9,autosomes,17.1377032661481,16.9802434282366,17.5023486075603,17.0803766112468,17.1973334607852,17.0712696629199,17.5899598974253,17.4843796680096,17.8299492389551,17.6890890700254,17.6910314698256,17.0650245957849,17.4149511007867,17.3558444830099,16.9246032920751,17.3285643219901,17.1609827992964,16.7269885681379,17.1381597039634,15.0773382962344,17.0346629803269,16.9175542137814,16.7008674228889,16.6095721299185,16.8528888403976,16.5338982798219,16.8054149294079,17.3116842587624,17.1503692210877,17.1038682972714,17.6382086937641,17.6699908984006,17.1283448199093,16.6987137102121,17.2965271091505,17.2331453111819
Q9V426,autosomes,19.1387051615245,19.8983362646943,19.4373813921852,19.0605336868261,19.6219542122025,19.5039746480049,18.9416130763733,19.3199278221011,19.220466787305,19.0277810276784,19.517962247734,18.6828040257289,19.1088044820405,19.040601594685,19.2795665883435,19.2031775971547,18.9213575913635,18.8516532034598,19.2472847224106,16.4946582064221,18.9528105491528,18.9519599375864,18.5586565417808,19.0531937118956,19.0974995364728,19.0005206222688,19.2684142437103,19.1490110021898,19.3541733109907,19.2130835645076,18.6715783489585,18.526807049404,18.6323660411071,18.3382397385473,18.6701115176507,18.4571882354478
Q9V429,autosomes,15.5782113242252,15.6665987792085,16.0025653478104,15.7527186537343,16.4300542029585,16.5447327553788,16.1117942570496,16.3263432855887,16.466300073997,16.4967324583145,16.4526314778939,15.9110546264065,17.319461473557,17.8859461430662,17.2311846333426,16.7791687678377,16.8932863372917,17.3035910546508,17.0408392397515,17.5175339257767,17.1187167100694,17.3287770954415,17.5721524500971,17.0351115943138,16.6050375842566,16.7556553456646,17.1369180357263,17.0244890678233,16.5506181355792,16.4460933994348,17.2266415070236,17.2823016528763,17.527086670556,17.4193140316445,17.7930076680753,17.6149836299146
Q9V438,autosomes,17.6302473364493,17.8417116574488,17.6357627117731,17.5401352579881,17.4086379920802,17.7550628065273,17.5672899236274,17.5383265835544,17.5999218009779,17.6333198740388,17.7213497772701,17.3167599025474,17.7103990512869,17.8357475813193,17.7104375940836,17.6920291296992,17.6278752290714,17.6105522744344,17.7440843543418,17.459426197504,17.5755129009981,17.4937107822349,17.568370399788,17.5711431286266,17.6226821674294,17.6333168479633,17.6214505063858,17.7631832514083,17.5507527825864,17.7595976977507,17.675471021554,17.7352473805424,17.493651443766,17.2943388230385,17.4647635655542,17.5724353718398
Q9V496,autosomes,19.0379375024759,18.7229599176923,19.1239161601567,18.3832106537734,18.7202811245978,19.058337884248,18.5395947840594,18.731940800963,18.6819864221766,19.1553791085066,18.8445747865304,18.572237906158,18.5654238044648,18.2944906511076,18.9750783221514,18.9808698856642,19.0346693160502,19.2193510493974,19.0764669815996,17.995320761405,18.8192007003717,19.2262996486836,18.7390979322443,18.4439415238605,19.1626679577036,18.6209725164096,19.0397536740014,19.1525708211102,18.8506624717354,18.4743124116931,19.1230488802053,19.0541235487005,18.4802969837976,18.0387759063715,18.4117726941443,18.2475237896816
Q9V4E0,autosomes,17.7794927725582,17.5632257434766,17.514938061944,17.3999850605841,17.0534622035962,16.9617427187229,17.5027130964675,17.2408101520531,17.2997488562125,17.2911326189652,17.1567842621827,17.503064667971,16.984740580514,17.0411470322046,16.5500021947758,16.7614098560546,16.81536016504,16.8562348672439,17.014425652183,16.0330802073488,17.0503268761609,16.90197821177,16.6238802615956,16.4355544308234,16.6865913410888,16.7227083082276,16.604969047267,17.0919183852372,17.0594746336478,16.9423361113357,17.2178129825213,17.0800699412662,16.995808931591,17.2069179240873,17.2194231412933,17.0877630148314
Q9V4N3,autosomes,15.5839351040099,15.8707949575666,15.7673994691685,15.8730853933503,15.9541959823209,16.0488612396404,15.7674046716134,15.7486956130092,15.7556839225612,16.1614940114955,15.9845183684578,15.748043362131,14.7746556080025,15.2810298529993,15.0096995942842,15.6336520223474,14.9751122660085,15.1115108228586,15.2747824105149,14.8827565172381,15.0728012803737,15.3716147960526,15.0475221179948,15.2353265151489,15.8068666555762,15.5501182769214,14.9878865959156,15.035438334536,15.4712289981945,15.2198341945414,15.6167529526775,15.5488561041389,15.0854063119932,15.294055260809,15.1066696982911,14.9616521423514
Q9V4Q8,autosomes,14.5358403199058,13.3752344067129,13.8096148528833,13.9140601314202,13.8123634034503,13.8920185197989,14.1819222986525,13.9849459678557,14.699640823915,14.2350285230496,14.1608434531771,14.2087643589574,13.8451266875308,13.732559412952,14.2152176900987,14.1768175722747,13.8437372970329,14.1066253040553,13.6791586552055,13.8154171599868,14.0794339437258,14.3167846181215,14.0381764764531,14.018213212188,13.4396182125294,13.4904459989454,13.9905257000533,13.8812852068867,13.7083670246479,14.1857952384786,14.2316435635931,14.1672600198891,14.3732226963485,14.0660206401915,14.3370734596665,14.2816831994296
Q9V535,autosomes,14.2111376237907,14.3022407551917,14.5718497025841,13.704216814632,14.3249646444703,14.5737452715183,14.3028472290457,14.0460225500499,14.1236537723522,14.0344598512147,14.6274596415432,13.7287048241644,13.8917093454481,14.0216207047396,13.2101662416022,11.0441711466276,13.428460691244,13.6491534371865,13.6940833048711,10.2687314676994,13.2836587865678,12.9504301004429,12.8936777130887,13.1834433107897,13.1393117210423,10.1678007592721,13.3519461924611,13.963237827703,13.5509704643828,13.6601718469729,13.5356713072061,13.9499597031551,13.6697398361569,14.5274843088712,13.9641168536621,13.8007991221533
Q9V597,autosomes,16.632882721525,16.8793604117085,16.9186061701035,16.5659306373603,16.5242999332363,16.6999088418374,16.6340386025533,16.7478392943654,17.0327615773125,16.8221200662134,17.0380783954889,16.6819873784016,17.2224899076839,17.2406208422051,17.2692848970938,17.2956560096783,17.1808756481522,17.1839021766663,17.3327356652546,16.7716022279588,17.1033016317043,17.0511931803828,17.0083109683409,17.1675207363218,17.2592436877812,17.0900144997296,17.0911537441898,17.120512197028,17.2359996679342,17.0897711550617,17.1223058284302,17.181011339795,16.9507425409588,17.0087964958463,16.9676814546103,17.1418865912015
Q9V5C6,autosomes,17.7156420850594,17.4581388251812,17.4835723288371,17.6679632448632,17.6334330256559,17.4309105304155,17.8289210137556,17.4967019336078,17.6989868610156,17.6963034547341,17.6678442076718,17.4827233538177,18.1260202136383,18.03606412367,17.8473690165732,17.8182397708696,17.8155505829919,17.8862472957868,17.772497796898,17.9381530693328,17.8843667304592,17.7098570164843,17.9711169049884,18.0318028565521,17.6410524189612,17.7587663895299,17.8390120685601,17.6682009526334,17.718417929421,17.7838038629199,17.5459481515976,17.687098213059,18.0688788676119,17.9186794099534,18.1100463949528,18.1163309178799
Q9V5P6,autosomes,14.7219362361398,15.7016485577958,15.2597386785568,15.6558290424101,15.7282424036766,15.8502360190001,15.2053373986263,15.2876500534666,15.2473437347419,15.3483512054212,15.6178003288502,15.2942508527824,15.4473063689983,15.4078524403698,16.0649705546264,15.6239632384228,15.8034487027997,15.6865796413824,16.1313327773293,16.2804842679143,15.6794214078024,15.5724687545396,16.1607219359836,16.2893373215478,16.1363511294502,16.2492256892405,15.9103248869957,15.771596202742,15.9818499258639,15.9206074489222,15.8092644161899,15.589059706737,15.3581146147132,15.1735005810578,15.2516415933606,15.3513519400839
Q9V6U9,autosomes,17.7899456862242,17.9109632357431,17.6417924341848,17.4293129487977,16.9097330651491,16.82458254354,17.5808449752136,17.2959439062289,17.3407462537849,17.3453829595436,17.1214756828696,17.3602078402677,17.7046469408315,17.7078684205798,16.9447120203439,17.310434341431,17.2018751751171,17.2716846601722,17.2106781414785,17.7226296933618,17.4893286250793,17.381061732721,17.4460141187781,17.0371861424979,17.2325339451603,17.0805480188218,16.974680665805,17.5658577014268,17.3420046477266,17.2638601007372,17.6215496865072,17.4635902405638,17.6439023551488,17.4646768600566,17.5921085508797,17.383126787473
Q9V7D2,autosomes,18.3951066242889,18.6326824258353,18.7924791954599,18.7786182955254,19.3359948886132,18.9581462268157,18.4908011462172,18.9914656081599,19.0613828499741,19.1964185864634,19.1836681754448,18.5591261484064,18.8690100821649,18.9054236979598,19.3439192090307,19.3457565504402,19.2460123677242,19.300728126677,19.5878517184107,19.3201734646739,19.1501831508501,19.0377791223462,19.4579695808297,19.5899985549272,19.5578804450488,19.1517581625533,19.1306125684533,19.0795567339954,19.2062351987758,19.292592610402,19.3703575390845,19.3381696096956,18.9638150733245,18.6757624548156,18.8387995490765,18.8064238836252
Q9V7N5,autosomes,17.4034397789227,16.9900497084835,17.4017293035053,17.4498546117539,16.6323705163316,16.4604349132073,17.7489196169931,16.9405541258294,16.8416594938596,17.0888858715455,16.5845933946269,18.4386107558491,16.7914268749509,17.2853233399678,16.2564130790537,16.6665844991621,16.4413876970035,16.4302347236255,16.842261763863,16.573001831409,17.0399824400651,16.8710750158831,16.6865030966773,16.4087823514755,16.3142679697589,16.4506179079316,16.4947775008512,16.6636022916842,16.6922722722159,16.5425063940373,16.7015968987121,16.890203819895,17.1024805083507,18.4359928207378,17.4568046521329,17.2898498744785
Q9V8M5,autosomes,4.22480474212415,4.22480474212415,4.22480474212415,4.22480474212415,4.22480474212415,13.9464894148171,14.0176660008733,14.1191488818651,14.4234351413809,14.4341123115288,14.131458978829,13.7753884800948,13.6886934253087,13.6953717865876,4.22480474212415,4.22480474212415,4.22480474212415,4.22480474212415,13.7031806004593,12.9361465222249,13.7565330672713,13.8068276616788,13.7898690705825,4.22480474212415,4.22480474212415,4.22480474212415,13.5824428463755,14.2772659920721,13.4622390566117,13.7696118265155,4.22480474212415,4.22480474212415,4.22480474212415,4.22480474212415,4.22480474212415,4.22480474212415
Q9V9M7,autosomes,17.2768875042315,17.3135674534787,17.4222262323405,17.0926213849792,17.0075064644237,17.1862074016641,17.3989231482871,17.4162304422279,17.5899443200605,17.9283931025085,17.6555652024021,17.9022059780823,17.4902223328296,17.6858032854487,17.643363284053,18.0225243643661,17.7246493354047,17.6942250577555,18.0334675223385,16.7948221437816,17.6968721371802,17.5733932123846,17.5489917750276,17.8076746514646,17.780812652055,17.7399794950204,17.7024138576887,17.7347071578041,17.749143020321,17.7713592868291,17.8804102384408,17.881094597178,17.5938666561961,17.7524347197136,17.6163996022711,17.4766229239065
Q9V9S8,autosomes,16.1159468279755,15.6535059355767,15.9935308885825,15.767607287862,15.5100326694562,15.4754311320343,15.8703788813884,15.9200794701231,15.7277197270275,15.6309854367145,15.5622993882111,15.6474662090674,15.2716475748421,14.9971070935458,15.3369427918211,15.437744198353,15.5549663428107,15.3360905484679,15.6160577737002,15.7272871328804,15.7705257748084,15.6674396822301,15.7012565026293,15.1518860803549,15.4266896989553,15.3407775411454,15.1627522745756,15.6457536399699,15.4235234826209,15.2628998673933,15.5411320324395,15.605879325875,15.6773749803611,15.6792841663292,15.604224658621,15.352992569526
Q9V9T9,autosomes,13.6184572233829,13.4905473558772,13.3858608781268,13.0819759730704,13.1288211351998,12.8650063499625,13.1560041094317,12.4457958104552,12.9597709599793,13.7288974458494,13.607377043056,12.6410464004104,9.86399100325286,13.3079346979922,12.9913298536384,12.5301403636702,12.7765405398874,13.6671849704435,13.2559208535454,12.6067017735205,13.1270237991149,13.4283144209238,13.3156050856845,12.971317090621,13.2247243984577,12.9736524015751,13.5624363127629,13.5533567262833,13.4640440164177,13.2797335735252,12.1289045730319,13.2194906227061,13.4266579101799,13.0776036797796,12.3222974981952,12.8038003876711
Q9V9U7,autosomes,15.8644408106402,15.9256706150181,16.0679084917486,15.8492900573403,15.9169586516358,16.1007798787509,16.2535176555023,15.9495726243519,16.068214440768,16.0177004560017,16.1355337723142,15.6271295127066,16.3682826773098,16.5119555255122,16.2226657232048,16.0946203090317,16.306809428664,16.2331214146134,16.0588915829388,16.5390633622676,16.3137583388029,16.2849694401093,16.2184792421499,16.2205275025578,16.0203428876165,15.9373072637893,16.2151168653918,16.3476572845598,16.1387246187521,16.2992944501057,16.2679823797988,16.1790953405218,16.3768480828817,16.2247289347343,16.457361141229,16.6143503916878
Q9V9Z1,autosomes,15.7009664397158,15.5890883363859,15.8093585154836,15.5049875822952,15.9754733563651,15.6989801069723,15.4865683265858,15.5670097981424,15.2167941625842,15.8462341756947,15.3286754269369,15.3704054029091,16.148343830359,15.4845068338059,15.639058192096,15.5991316956477,15.440683685511,15.3356009025699,15.052859792396,15.2373187303383,14.9287135361037,15.2041734499116,15.0482693408487,15.1831456493489,15.3698122922812,15.0844602532897,15.4284546238815,15.1031323105864,15.0332982198648,15.2748544697407,15.1831629286954,15.0581499812958,15.2063670647678,14.8642108893605,14.8012385717108,15.1348765027545
Q9VA18,autosomes,17.7152771230976,17.9381485941529,17.8493699572505,17.7106025013141,18.1526683482976,18.1713260916298,17.8441732677178,18.1060270519299,18.190256981956,18.1657108991606,18.2521143903985,17.6136646873735,18.1905309645996,18.00552178749,18.0887389523869,18.0941184473113,18.2640276280576,17.9371170274513,17.8040833587681,18.2010975571325,17.7759538402666,17.7299727925506,17.8013899148828,18.3037103324458,18.0632598258503,18.2299588114683,18.0043296458256,17.9621197948191,17.9158680330665,17.9765496553716,17.8817018805713,17.9966324730762,18.1824324152646,17.6977936919725,17.8957162392655,17.8429262796649
Q9VA37,autosomes,14.7048268482179,15.0493930338777,15.176303375162,15.1975849488383,14.6192335385934,15.3147971370924,15.2614016005017,15.1875876513467,15.2569441936076,15.4917015317219,15.3343124802268,14.780567257412,15.3162538763044,15.8974998213337,15.455603418082,15.3033284251208,15.3719114193051,15.6090045592311,15.2722985303002,15.8052190956079,15.4000012963824,15.6581803279621,15.3771352998029,15.637755992063,15.1410164380336,15.4892188785794,15.2895648765906,15.5371547450572,15.4303208462618,15.4578196729845,15.5494146130084,15.5291046461279,15.602123057159,15.6527866094063,15.3741962024884,15.607377095179
Q9VA56,autosomes,18.5218929583351,18.1505221481959,18.4452356159912,18.5901490230012,18.4358414138983,18.3223859384923,18.876577164802,18.4032750743838,18.6023427065653,18.6040663690618,18.6618654121422,18.492581574546,18.8367250083838,18.8723228302743,18.6245988833974,18.5716640331036,18.6801548460851,18.6943859699369,18.6577064071054,18.787636679528,18.8237697488333,18.810679803268,18.7459250607609,18.5134198050609,18.4365530642686,18.5175965977188,18.6929167774287,18.5909592175336,18.5935681362909,18.7952999340662,18.9085219571799,18.7172156244701,19.0545941313878,18.9014544174221,19.150049735112,19.0859301317845
Q9VA81,autosomes,14.1095442324629,14.0537973480285,13.9907384380801,14.0832689052484,14.0498980028374,13.9719384118667,13.5718577603397,13.8433593405015,14.3074911621573,13.5468832146721,13.8821597757813,13.7859340954884,13.46182412781,13.5493573720542,13.7618935202099,13.5670328179533,13.6653419798392,13.6860925293075,12.9250234066823,14.1032617163918,13.8099060020126,13.721149997346,13.7263980476501,13.6548706544284,13.6765131240666,13.5213005599631,13.4647609984451,13.3271837744655,13.5614909226092,13.8192653102304,12.7920099401236,12.4720584669091,13.9294404293778,13.7974603275724,13.8185726960384,13.7659672144721
Q9VA91,autosomes,19.9075994390357,20.1963391169943,19.9283070143783,19.7229678149965,20.12309669649,20.0254156947046,19.4461879141852,19.7994257780326,20.042691800303,20.3076614815282,20.2001276093666,20.0606144513125,19.8589115174838,20.4654360085045,20.5456743737953,20.0245972235021,20.026651225304,20.1199899849587,20.0794388411516,20.0539317316636,19.7184546338045,19.6363559360662,19.9825701767284,20.1313525555268,20.0275341552988,19.8091131679999,19.7640202090985,19.7064820166016,19.5960860319218,19.758521243351,19.9061884940196,19.9046496401009,19.6333926710085,19.4306018532499,19.5301675235366,19.3981293529862
Q9VA97,autosomes,4.22480474212415,4.22480474212415,4.22480474212415,4.22480474212415,4.22480474212415,14.0727984728806,13.9734969985043,14.2989496370205,14.5395681413919,14.5230077653339,14.0198131089316,13.9645549271558,14.7527938455176,14.2077817572313,4.22480474212415,4.22480474212415,4.22480474212415,4.22480474212415,13.6659338029202,14.8053574666465,13.9469774553446,14.3085015670008,14.1204625160922,4.22480474212415,4.22480474212415,4.22480474212415,13.7937396841197,14.3862495913705,14.1433962568483,13.7483618713237,4.22480474212415,4.22480474212415,4.22480474212415,4.22480474212415,4.22480474212415,4.22480474212415
Q9VAA9,autosomes,14.3661922072372,14.49777506192,14.8615928745822,14.2170950266975,14.7367141596011,14.0993109002866,14.6328561350718,14.4295194082635,14.7917975225376,14.3239448251016,14.3297566086876,14.2372055668359,14.4559819087088,14.4612986648294,14.2766236980702,14.1175027765627,14.4038054136056,13.8917534551484,14.6214128797228,14.1406282486595,14.7026961995068,14.8568649579581,14.56143778203,14.0608155753168,14.6053864918057,14.431434748186,14.21447978079,14.6731780413588,14.5696604384495,14.383819432867,14.1526395793916,14.3599121222281,14.4878554573945,14.5034358769981,14.8029961588334,14.1824954062826
Q9VAC1,autosomes,20.5445751047595,20.3024516129043,20.2941396257044,20.4141498344308,20.2185440790118,19.8728937315017,20.2821635083419,20.3108915190832,20.1356954600789,20.1367073951276,20.0342723214317,20.1666708237991,20.0767480250861,20.0824170465751,19.7135783565897,19.7671199902429,19.8299531865984,19.9228267073797,19.773608387171,20.9167320555525,20.0391410510687,20.1644175681674,20.3858175213506,19.702708107339,19.6682184185249,19.7001323837871,19.8030018424419,19.7509063790145,19.7139435412227,19.8062114365219,20.0032946109213,19.9843109954923,20.4044474432694,20.2377370506699,20.3910908622822,20.3360243679903
Q9VAC4,autosomes,18.3533746175538,18.6554890784969,18.3321394342146,18.4164063298758,18.2875703177318,18.4437414927668,17.9697692268375,18.1995838325801,18.1395840767754,18.2047080850959,18.2940623583161,17.9585385472859,18.1097768559783,18.0837878289543,18.0983900977943,17.9204733758079,17.9879716456136,18.0369611313105,18.0945665802232,17.0627875099284,18.0113087029745,17.991741046497,17.7962405334382,17.8237558640218,18.0288971973193,17.8974773185433,18.3257186980684,18.1631510780055,18.1699257044149,18.2085151528477,18.1666001188442,18.2037887517795,17.8850512074264,17.552808689457,17.8301237208642,17.9244194221836
Q9VAD0,autosomes,15.5312252331886,15.2756501192698,15.209557910579,15.2229287803878,15.5243692236349,15.567671161867,15.2333733852328,15.5530934092624,15.3495751349814,15.4778086606355,15.4158445749169,15.0245106397647,15.3067272590444,15.329814393531,15.6698069824437,15.0703349447275,15.2252291473163,15.057110903279,15.5309040168299,13.7822039736675,15.0152985274551,15.2846543321196,14.5895239166657,14.9326580651074,15.5881384247843,15.6359090852017,15.2632031957082,15.5478631898518,15.4860882935453,15.1113057619649,15.6380196419331,15.1739364782446,14.806523173897,14.3983741380516,15.0627981233424,14.8866612448532
Q9VAM6,autosomes,18.7209172468958,18.7362360617439,18.7070694058441,18.7254312217939,18.7124964231167,18.4869008177317,18.6486140226826,18.6331184829484,18.6585035439816,18.7026689649694,18.598892332403,18.6266898775729,18.1746806050782,18.1196632937498,18.3641089742782,18.6045356078884,18.1212470149429,18.4055996845668,18.4319901346456,18.4189109808118,18.4485437236176,18.588204348661,18.5309573689052,18.2657029107989,18.2964164432843,18.3572393377722,18.4447151229157,18.4199443393012,18.4537350978034,18.3632629308085,18.3500188881113,18.2941597550089,18.4136504559108,18.4015801959478,18.465918290083,18.6322641743832
Q9VAY2,autosomes,18.6266853367497,18.5152114314598,18.8086852852978,18.3870811591544,18.8657440714463,18.8238867257231,18.7764724218524,18.7758062387334,18.8720728502578,18.8262285456265,18.8399003185555,18.5392589156543,18.8011869160777,18.7008119628283,18.7690744432416,18.4911170234314,18.7431640265205,18.7380817200231,18.7605593864924,16.1154724265725,18.7522861341082,18.5370868304182,18.2846752108294,18.0339444609969,18.6383036578464,18.3831762362567,18.5376195453854,19.0749003439884,18.8527780324037,18.8313577980864,18.9150797208062,18.7120528860254,18.4047071391505,18.0562599005985,18.6877996603518,18.6361024496647
Q9VAY9,autosomes,13.8551832426913,12.7307416165353,13.164296651283,10.2317063865778,12.9006492314007,11.8934230249257,12.2887220346709,12.7476244985547,12.3133814262784,12.5393825239968,12.1031730677483,12.7790143452851,11.0004155278376,11.4968707090007,13.536031161744,13.7412457192842,13.5589466959531,10.1968955091341,12.9416900179899,10.1684330402352,12.500665615842,11.6532758932065,11.7253988492219,10.1425170912568,9.98240392041724,12.6621174627094,12.0929411768776,12.4188929306473,12.7469631982329,12.2195427192817,12.967792820801,12.7816546338634,12.8330881136085,10.0590655600981,10.1050450251351,10.1547016740143
Q9VB10,autosomes,15.838993251437,15.8145376784192,15.9593125114213,16.1084548093617,16.0011440369698,15.4594660344636,16.2375429257476,16.0189587796755,16.223026741914,16.0807614343759,15.6824262055714,15.9690669116053,15.8414937556262,15.7313911043897,15.4249363151459,15.9068405112916,15.3357492961129,15.4192214326776,15.5601139279773,15.6241446906857,15.7993844534283,16.0023498132467,15.3876428350418,15.2478586496577,15.20879209614,15.1339753919974,15.2556429778098,15.5790605260619,15.4466467133098,15.4181936264908,15.2911401308468,15.3881978460368,15.7945890317524,16.158291602695,16.083631749541,16.0177979608679
Q9VB69,autosomes,18.3653718807826,17.6452327125502,17.465489992177,17.6006149264843,16.412457035712,16.4541714638961,17.9725471219178,17.3197293326385,17.0955446776747,17.0436269282279,16.5135897729081,18.2307400969012,16.8223627676929,17.129613458068,15.6500059242387,16.649912345702,16.2045921973799,16.2974498526999,16.2778629847768,16.1409640454075,16.8821050630974,17.3572579120369,16.3199678275409,15.9720598665508,16.0030564310701,16.1330295810325,15.9643192402225,16.3913662973962,16.4708056198865,16.2084950815218,16.6462065192323,16.6014397719476,16.9548367643391,17.8179191666678,17.085272780734,16.9292802005862
Q9VBC7,autosomes,17.7512392885254,18.0029460927353,17.8873575962484,18.0073090330973,17.8775534126477,17.9590168154447,17.708225944459,18.0316363052964,17.918626243764,17.909173660491,17.8385956976249,17.5824988898021,17.9563584275437,17.8955475118407,17.7675302127541,17.8321844381313,17.8068198127993,17.8437582471138,17.887104485138,17.0901215061501,17.8060454091925,17.7518353306128,17.6321832208873,17.535261374394,17.9940008654502,18.0260714229752,17.9368572611777,18.0864288760613,17.996051853844,17.923632098346,18.0774819278799,17.9374441034943,17.7684968948146,17.3898489925376,17.6972224372409,17.8271291864185
Q9VBP6,autosomes,19.2578181853011,18.7242717438545,18.751157110367,19.0360653569056,18.2835563275045,18.4541429987808,19.0931000865627,18.7870276349358,18.6449889953241,18.7339492218893,18.380279221533,19.2479504634178,18.9185452297555,18.9964197028557,18.3115018361825,18.4411007928472,18.5587919242618,18.4818117231081,18.3509808285302,19.440960007663,18.6236285719281,18.9428159202981,18.7965122913043,18.3051693279852,18.3090678427257,18.4060531004739,18.2580670644279,18.58303348303,18.3546930630142,18.4377204908029,18.7476256467182,18.8098039524956,19.0417296190506,19.3527066732141,19.1166974740799,19.2000678618631
Q9VBU9,autosomes,4.22480474212415,4.22480474212415,4.22480474212415,4.22480474212415,4.22480474212415,17.286292232859,17.4068214146397,17.4778902995467,17.8181887255166,17.7732408858506,17.6505700677321,17.1550919942838,17.2098778790022,17.267842993808,4.22480474212415,4.22480474212415,4.22480474212415,4.22480474212415,17.7104919908595,15.6394046997251,17.6958689586933,17.2959383389476,17.1639546505296,4.22480474212415,4.22480474212415,4.22480474212415,17.3405021038395,18.0374332814557,17.7215393023149,17.7458116306195,4.22480474212415,4.22480474212415,4.22480474212415,4.22480474212415,4.22480474212415,4.22480474212415
Q9VBV3,autosomes,16.8977908129301,15.7729300516424,16.8154299423488,15.5647174688703,16.2672858474874,16.3420738792835,16.0344133981665,15.8973660212386,16.2437035998886,16.626994003331,16.1224929169471,15.7059379949975,16.5526681279541,15.7187838585544,16.520111696816,16.0336519803016,16.5944377413513,16.3592390381702,16.6365056468156,15.2295488750058,16.7078811702398,16.5614355305554,16.2735451003429,16.0356363607007,16.7452984731936,16.0519278919202,16.659542375108,16.3215920388192,16.3039762272593,16.1125965146317,16.5336829720173,16.4830444264572,16.1764135071016,15.7158747942166,16.0087287721982,15.6409058895931
Q9VBY7,autosomes,19.0802564440283,19.3948303315272,19.1641597129172,19.1067035070228,19.42290203708,19.2033453362311,18.8451068776125,19.0244707118958,19.0563626398067,18.8839975363986,19.2741918836665,18.5450206048463,18.8240322076363,18.7413510678621,18.9381376142304,19.1401281050002,18.9706659623459,18.9353724193506,19.0299385304392,19.2437827325993,18.9575375087889,18.7511191724973,19.0049648776026,19.2408812534611,19.1846095267968,19.1509660541305,19.2603601206111,19.1378199825889,19.1629424710647,19.0878494929673,18.7774745703039,18.8627943003486,18.7710084747091,18.6942411835928,18.6502057696341,18.6547043763075
Q9VCA9,autosomes,16.517402579591,16.4858895609611,16.4846609552008,16.2963682798154,16.3076200800027,16.3934593065776,16.2970211093651,16.2545985860119,16.2905780029978,16.3326545879586,16.3326177892041,16.4569531533671,16.1088867348993,16.1162998977844,16.1038237755489,16.3044759095089,16.0263341806745,16.2589870769968,16.5420825368573,15.9244820184802,16.3071392382728,16.1355206445408,16.11384816928,16.1065227133343,16.1602910741081,16.185405245345,16.1572547223698,16.2367983412247,16.2442859858166,16.1736398839263,16.2808042821032,16.2296204587873,16.0630655649465,16.1344918055087,16.3032958353103,16.0124819049412
Q9VCD9,autosomes,15.3061251041108,15.726575688979,15.8619477053136,15.4461792454435,16.4648232574633,16.3421048713469,15.7485115891217,16.0626846929212,16.1828451841059,15.9944259870585,16.1744837267086,15.3662016328842,15.6445305424531,16.2085656540127,16.470932784501,16.1181832534005,16.261962060143,16.5455867753337,16.0609283341116,16.2563922404075,16.2390148115711,16.484968629774,16.2701510732845,16.1330537506552,16.1428743531455,16.6373300059326,16.6066932856537,16.1194878014848,16.3812685790047,15.8247664385157,16.2729383538165,15.9671233480942,16.4228005389618,16.1272279860175,16.4574310882476,15.7598694392781
Q9VCK2,autosomes,14.6787015685615,14.6429090743031,14.7116273025514,14.0765279229782,14.4153479746995,14.5760487044735,14.1491772927374,14.4834333661385,14.998563823045,14.8086531983108,14.8266235653436,14.3804308348637,13.2764241022018,13.5265006468078,15.157762262887,14.3308828978711,14.5454660845984,14.4184758286021,15.2636628222979,12.7308094314635,14.7307166408018,14.0836176416709,14.3294094472703,14.1701886631819,14.4920052626515,14.5850121107103,14.5503378226295,14.659335849382,14.6947085073941,14.0644143735296,15.0694064648384,14.7799620890236,13.7704761552757,13.6239664850764,13.9767385310034,13.2744659917309
Q9VCR3,autosomes,14.385819274696,14.0749830991516,14.6051970910149,13.9412805410002,14.1748827132629,14.4180071292261,13.9751432601868,13.8801207147867,13.8020734349809,14.4918648563899,14.3104884104657,13.3965156760903,14.1993764942966,14.2886395383761,14.0572785025434,14.6397380049877,14.0736660213346,14.216511868572,14.4901474390786,12.0032556440284,14.0447378865388,13.9842578433532,13.5609301319231,13.9525984009772,14.2913204740617,14.4979540191914,14.1108528706509,14.756847432175,14.6384185029697,14.4670604428052,14.7452694182232,14.062807656362,13.8184657464588,13.4250030657816,13.7344882629743,12.9697456004725
Q9VCU6,autosomes,14.5661039534333,14.1355683301044,14.6236087631237,14.2733707091606,14.7232377745348,14.4821005572822,14.2821487498736,14.4114860735031,14.6034642001665,14.7030137455393,14.8669475736246,14.3630947057646,13.8737837858607,14.1021341471511,14.5100618645648,14.5889711922061,14.450090040855,14.4255710888857,14.7259472096123,14.2518311697005,14.5490030276332,14.1947734589715,14.2890914930618,14.4435606428977,14.5878401187675,14.1145506792452,14.5088847099478,14.7949520366938,14.6120881114835,14.4348650563801,14.3672876367222,14.8222101177802,14.4606064918058,13.8879672045354,14.4184081413979,14.3745564805744
Q9VCZ8,autosomes,14.0388176643509,13.7211178486733,14.016326894384,14.2447312036195,14.3383008537807,14.1249594968659,14.297579120888,14.2455787187591,14.5525199642551,14.3562758372067,14.5282333694293,13.9648351644473,14.0269203570958,13.7926095866385,14.3453914491676,14.3877587366646,14.4992867737784,14.1070205219292,14.3981004579445,14.0020481803025,14.191124468502,14.2872136627795,14.4721934675303,14.4272596232323,14.1614970391538,14.4133684074436,14.5265679111271,14.3862226304663,14.484745909843,14.3457089169007,14.4022501085601,14.4931447427968,14.6000108660041,13.9023734963263,14.5576831666702,14.0821889036781
Q9VD29,autosomes,14.8205357754654,14.3040731013713,14.7261871413933,15.1326872561664,15.7408929604481,15.5553983478977,15.5358001609857,15.3805573096024,15.6610281757023,15.7719873885227,15.717566419055,15.7323695905973,15.8012180451162,16.0163365437948,15.3830338011073,16.358793406091,15.3107146523511,15.7548179018697,16.1250800649685,14.021209024813,15.7668948272058,15.8170339184075,15.3341137893946,15.6469790215665,15.9227359984729,15.2626785376308,15.5291696690214,15.4142280574144,15.474515255398,15.2086152981876,15.6011991706724,15.5480685160708,15.7770113623506,16.1937620684518,16.0021198659308,15.9626024877654
Q9VD55,autosomes,18.0823381726383,18.2326582263314,18.1976897819974,18.0240389624009,18.0764147887181,18.064648029839,17.7762409559965,17.906529636859,18.1286266203317,17.9534104855005,18.3637340412359,17.6561021776884,17.5160977020334,17.3683503724526,17.7289690572702,17.8026534035689,17.9000926905136,17.6742341833244,17.9184490935718,17.6915383628715,17.9313801791174,17.631312514054,17.8745036329778,17.71433186814,17.8445864537093,17.8127046115929,17.8522255899465,17.8850998955514,17.8810965079417,17.7854743321955,18.0976399135874,17.7596187609164,17.7054236838735,17.32182948335,17.6574238690867,17.6879865079882
Q9VD58,autosomes,19.3222339307552,19.308548436162,19.4449317058674,19.4180292725684,18.7384956054749,18.2620718387315,19.3155349935776,18.9303940335716,19.1269597452363,18.9397545904802,18.5967536432632,19.4823487251261,18.7948981122458,18.9180910488289,18.3018519665222,18.4469947013964,18.5899973661291,18.4373255676687,18.6295991647704,18.8005066824576,18.9206700282972,19.1185471431082,18.720240428779,18.2638743674357,18.4638328409208,18.532677025651,18.2159455696153,18.8327933676155,18.6930995704075,18.6705989890685,18.9466272302373,18.7725970686534,18.9799924584914,19.062808196605,19.018005619625,18.9138057753201
Q9VDH3,autosomes,18.2498990029511,18.0439100013822,18.1353641080548,18.0676022802402,17.9820206836503,17.7033395353366,18.0914852558077,18.0006364165725,18.0933557002127,18.2284815216833,18.0760999210479,18.0242415133537,17.8558843712123,18.1082886943465,18.3104736018325,17.8786648228216,17.8431262037277,18.0959619644853,17.9409758720216,17.8569076347596,17.9360342086528,17.971763455091,18.0079032218354,17.6541537091159,17.6374737015302,17.5931235273841,17.9545959847135,17.8857512435885,17.6806268474727,17.8808309902073,17.9277166724792,18.0655753227374,18.1576799502848,17.6188165305009,17.8730808316003,17.9006036894982
Q9VDI1,autosomes,15.0476763368511,14.41381940864,15.1758237354165,14.7709690696616,15.0003925096717,14.8618895188796,15.027644766369,14.7394309133869,15.0625379680942,15.1281324533996,14.7840102582797,14.8714225469486,15.0580608991717,14.9022515289437,14.394114460721,14.9618589430002,14.4453004619488,14.5737644671307,14.6732194804018,11.9236429438605,14.7625906083721,14.7200193058524,14.3562440249141,13.9562547725066,14.9276101812745,14.1206473877423,14.403990729653,15.1696335074507,15.2145675951645,15.1432610742726,15.7455704122265,15.2926750278161,14.7629266271776,14.510832116176,14.8493317742094,14.6179681982199
Q9VDI5,autosomes,15.7980817780591,16.1921083396493,16.2432385727934,15.9612266562005,16.2623365135793,16.2223402690464,15.8519594830696,16.1712883129726,15.9922265092748,16.8261744417195,16.3063030895692,15.7033768372036,15.6923285458084,15.7177927115636,16.3064412858443,16.0194446371638,16.3426999412367,16.0608037873785,16.1321548298302,15.4015291509366,16.0363332962234,15.9499141769182,15.8230770629871,16.1994052301442,16.0238704023824,16.236335756201,16.2505699838941,16.3215760050936,16.2333271049593,16.4103490935243,16.44003411733,16.2569395498564,15.8627242259546,15.4774936636279,15.9518996999866,15.6427590517325
Q9VDT5,autosomes,17.3452431996748,17.7094379163848,17.483028106911,17.5447180618203,17.4167196414513,17.4616252631806,17.1079001459119,17.412498724466,17.2754128203738,17.041651327476,17.5403189494424,16.775158364302,16.7691548657674,16.9125913735228,17.3287471075708,17.2466019692898,17.1225937889606,17.1138119456156,17.2237658473585,16.6643097603641,17.086400936541,17.0804770687014,17.1082972013202,17.2622946804763,17.1781471531817,17.3115120076803,17.2058528045754,17.1782033732023,17.2779767850636,17.049816197222,16.9165051925424,16.8644350865647,16.804853761961,16.8028995116256,16.7895103562926,16.6556763882946
Q9VEA1,autosomes,17.2526008679956,17.5513068245542,17.3455316712202,17.40530111135,17.3594825842738,17.5856806662305,17.1399589990611,17.4178927248052,17.3805558451224,17.2799534460663,17.4611606298057,17.0897105306302,17.48020320055,17.3247608096682,17.0838029821591,17.1197572140042,17.0723828072418,17.1940496997042,17.1812233623461,14.6693763846212,17.0929338289091,17.0793566098225,16.640162755407,17.1062179663428,17.1905732674188,16.7633971336438,17.4296902005275,17.2988913085272,17.2141383222621,17.4269396957252,17.0545571610279,17.2089518707927,16.949309315025,16.9721418578566,16.9404966794321,17.0155634267589
Q9VEB1,autosomes,20.5717032169317,20.8926219982682,21.0094789939725,21.2215822412268,21.2011444067705,20.8025893764962,21.1141646828711,20.9966175087069,20.833139828455,20.8097769736682,20.6577442594875,21.373051474474,20.7128570809311,20.7747538729639,20.0485431103915,20.660847471693,20.1081618118894,20.3147129758178,20.1693646485362,21.5991344301412,20.4858061310027,20.9750992037805,20.9257246279667,20.1358208177931,20.0711680439157,20.0075988482639,20.0700622388044,19.9344079042496,19.839221071071,19.9823058487347,20.2741222970004,20.3720721648028,21.1721281036892,21.3801672491911,21.2392952671929,21.2330287792871
Q9VEJ0,autosomes,19.3707143519124,19.1147012329367,18.9883849380958,19.029493447766,18.7775378827877,18.7801258358726,19.1402590253048,18.8429095536409,19.0023936377684,19.0573451595359,18.9252046861575,19.0480236501945,18.9303663168625,18.9806421090838,18.7984356308754,18.7318068135013,18.6993033905545,18.7990254582088,18.9720412496748,18.8300534283009,18.8683692262715,18.9929220039026,18.8750000188445,18.689569759619,18.6912133967602,18.6048517514249,18.7182576123942,18.8573894727178,18.6554143389623,18.7058470917875,18.9011396514725,18.8229954774041,18.9942211082374,18.9664832751972,19.0061045486371,18.9605013203014
Q9VEP9,autosomes,16.8367840834878,16.9794040455705,17.0762042675657,16.8710950623164,17.0038271049655,17.145488689196,16.8559424141958,16.9039907847258,16.9193724163218,17.0243654695366,16.9275520229569,16.560234147746,16.8383541393694,16.9170884148615,16.8543332376899,17.1437421734945,17.0984746798921,16.9189360346459,16.9354738294504,15.8714538810511,16.8856038252724,16.6852139168785,16.4622739723191,16.7777274753485,17.0169786700401,16.9981266097116,16.962382871461,17.0988224391021,17.1290057972461,17.1339953634547,17.3456672929029,17.0609336727061,16.5298213963302,16.1970518082683,16.6801771179662,16.4786204293659
Q9VEY5,autosomes,17.8944151940173,18.1325773053727,18.1386612730938,18.0509621654783,17.9213124351104,17.7885120899574,17.9314329533325,17.9672414151772,17.9262290465077,17.9599122886753,17.8714321222536,17.9703461508747,18.1519015439028,18.1962942723497,17.8745922817305,17.8911373757951,17.9905670048646,18.0240136047543,17.873911705891,18.1163789409938,17.9236745881216,17.9168798196131,18.1332252717366,17.8343109348127,17.8266061328422,17.6536634928627,17.9658411782208,17.9095957173989,17.7791791195857,17.9403627807814,18.0220541512618,18.0261321830843,17.975121846394,17.8284509312719,18.0646745959367,18.01701735896
Q9VF08,autosomes,15.6059066754488,15.5417474563269,15.8764599793117,15.0824601009607,15.6960170973469,15.6483705714887,15.1498244584358,15.5744524517132,15.5645829953926,15.8757339288827,15.6042427910013,15.1164597508243,15.4135627528943,15.3781059195994,15.44722191318,15.6727524906681,15.5112662148306,15.3327769219456,15.3868172358396,15.6021581333752,15.1895215373745,15.1760622785347,15.3976251900933,15.2447502095939,15.4232426303157,15.1711601204281,15.1022620123611,15.4970248486085,15.3143557333682,15.5443688417462,15.4055001129394,15.5702956287967,15.2579211049565,15.0498035426965,15.2189703710143,15.1983203584474
Q9VF27,autosomes,18.6704105954544,18.3254967373566,18.2797136066005,18.225709295269,18.1368058606736,17.8382881189338,18.2875492471347,18.0529378966799,18.1891907835871,18.1885414085848,18.0324518427308,17.9879491793629,18.2160014247628,18.0409849436072,18.5289064466302,18.3153838437568,18.2549086243392,18.5710545919068,18.1477665343508,18.8541920984035,18.4072387638822,18.370099315692,18.6889844589195,17.9444175002957,17.8740963448963,17.8617411382447,18.294351016038,18.0991905786429,18.1331211939414,18.2939427108896,18.1079468428982,18.0737664378371,18.4750597614202,17.9422914022946,18.1861526364324,18.1445330649337
Q9VF89,autosomes,13.4591686120413,13.5628649161563,13.3188287070952,13.8863267576292,13.7091183290339,13.5367094974388,13.8748421321635,13.4368953776987,14.0746793632469,13.8090148742359,13.5235489805865,14.0279020159704,13.3948499154612,13.703006954613,13.9393562760904,14.1528184953718,13.6920198828999,13.992410071808,13.8234362240785,13.4231781236529,14.1457227928517,13.6909440040839,13.5940086475884,13.6130078784414,13.7586412148373,13.3511225531351,13.7956131314532,13.805873196145,13.7101730496255,13.749784603109,13.2998813857972,13.5252003375064,13.7024875561712,13.6920822291695,13.832216745295,13.6942375771173
Q9VFC7,autosomes,15.4523873919222,15.4749990113867,15.6750803359026,15.4582781384153,15.5117677525881,15.9816016754661,15.6751682713079,15.6666472317557,15.6015004330385,15.7263506688828,15.6048243122518,15.4015243385165,15.5787693314209,15.4789006141847,15.5471175785909,15.8089570942924,15.8587673932481,16.0312016473777,15.5623050193776,15.171715894849,15.7864037861963,15.9745372661041,15.5700431798269,15.6153982652969,15.8269411895295,15.5981661165689,15.5769946008754,15.9556906278006,15.8670851596412,15.4908351874503,16.2571019919547,16.1494632222097,15.3801330110408,15.3217757500576,15.5229393123042,15.5760955768718
Q9VFF0,autosomes,19.6101259636426,19.3591301401535,19.2212585642094,19.3721772278485,18.3013292313138,17.9908943883876,19.4692956442052,18.8270578786349,18.8767401386153,18.698825280057,18.3773039010466,19.6292627005312,18.8195451903336,18.9699527531675,17.8780945494728,18.3902832633775,18.0999116709293,18.0742502089686,18.2475303323361,18.5175506490619,18.5965690660011,19.108788670837,18.5569898065754,17.825266502754,17.9880938629061,18.1302527852533,17.9292785718077,18.4536359492355,18.2896571853431,18.1216101087937,18.5338912162372,18.4177384707215,18.8193266240162,19.4122607809706,19.0681751178667,18.9617652101556
Q9VFN9,autosomes,15.3362157065668,15.3020565693864,15.0796609249034,15.0887480686515,15.2520055393195,15.3552791640923,15.3067767575719,15.3324106752567,15.2905992674099,15.5091596973812,15.5160472047203,15.203217713428,14.9268414907483,15.1444922622533,15.552517704581,15.4923515732312,15.2737006429338,15.3115671797162,15.5159058087843,14.046468787859,15.4552871361815,15.0543170157412,15.0844078737722,15.6808516477373,15.6169199585708,15.5855641520882,15.4065522709936,15.7376805925597,15.599551933482,15.5043487953006,15.6901150962201,15.5466189397782,14.7302960332258,14.8887157552393,14.980588258473,15.0576589312501
Q9VFQ9,autosomes,15.2756167533342,15.2148038379407,14.7865680627561,14.8234689730723,13.1505285697551,13.806916058234,15.1160151370664,14.8493624873738,14.8726428280331,14.9111956856421,14.4067504412438,15.4185856855714,14.1942505298158,14.7786356664916,14.005782616742,13.9782557226738,14.0186278597705,14.2625519421345,14.3412731128108,13.9002237555251,14.6300742064597,15.1717931176136,14.4568858510281,13.6954809688716,14.231990515708,14.3602425542649,14.0147727753049,14.4120921616189,14.422201366747,13.9535926660026,14.4735570329171,14.4419663003721,14.8888902912487,15.6007322332939,14.7260397239466,15.0796051270921
Q9VFS1,autosomes,13.6452909621144,13.667363978645,14.0268146489397,14.0518632375355,14.1609980671913,14.4239356381874,14.123937264608,14.2057625066308,14.2224284483141,14.5768743826344,14.5742037739371,14.2176301997041,14.6498770184983,14.5183051345258,14.303902005619,14.7354783092118,14.3489968733172,14.3685344030779,14.1407207522518,14.8577385323554,14.003609960466,14.1035012522424,14.213566043687,14.4478841690191,14.3284165816313,14.6132611081491,14.3757646771882,13.8011696362483,14.1699137803754,14.0532736424341,14.7841595846033,14.4627926977128,14.332643038507,13.6346849621774,14.6667644940831,14.3473900918836
Q9VFV9,autosomes,18.0043430175135,17.47145890357,17.8063227733049,17.9883744870118,17.7044406434885,17.7471059612147,18.3281943940564,17.8446110069934,18.009914803239,17.9998110888268,18.0569756176046,18.2528124715927,18.1801038513722,18.3127351373617,17.7551546275657,17.7882844804128,17.864572301441,18.0360024369667,17.8133260021797,17.3017695768187,17.9888270011559,18.0169713244839,17.7822283473667,17.689680524503,17.5856134852374,17.6036861714485,17.7893962881813,17.8050536255698,17.6386447911899,17.6630631704504,17.9067837051575,18.0005592854456,18.3473316640141,18.3547355447709,18.4029145975208,18.4170213618162
Q9VG23,autosomes,16.5214335452691,16.5417751520964,16.3186515319346,16.1304845884743,15.8927861929103,16.1335151157537,16.3202249388022,16.3246179299831,16.4009163556302,16.4253399450602,16.1876939657628,16.2264052125575,16.7554606351345,16.8938653335337,16.5673538984581,16.5528736859182,16.4126473672587,16.5887257400345,16.502314213412,16.7132892622673,16.6500834810175,16.6889226035179,16.575601222268,16.6871322259333,16.0283244946074,16.3403029915023,16.4373321938574,16.4380199286021,16.3546082954352,16.4798991627248,16.2801425328344,16.3967486934961,16.781480628922,16.633964913393,16.5729737319686,16.872247995945
Q9VG26,autosomes,18.3945498254349,18.5128792296571,18.3238171947069,18.4648995606742,18.5121755840473,18.1908275485556,18.1785300846068,18.434200231039,18.355467031327,18.3633570406995,18.4053815051495,18.2043243123187,18.3568232819243,18.2549320167971,18.2951933290858,18.4877428358735,18.4052899373842,18.4231084300426,18.1414804586299,18.7656894031267,18.2061680966877,18.290277262597,18.4694642378213,18.2963940137637,18.3787827097996,18.4099182124589,18.4336273391601,18.3278096492766,18.2169206584186,18.4556892972762,18.2425046601546,18.3734684266666,18.2957765122908,18.0163441274726,18.1719012486845,18.3479427291841
Q9VG33,autosomes,15.74259162771,15.9217362474859,16.1457085868387,15.8988417986641,16.1304152043365,16.3142049903904,16.3019530591075,16.144019755337,16.3831332601515,16.3946651288554,16.2816713546319,15.9477256567948,16.556475401779,17.0541974678622,16.9246210455,16.222658706904,17.1574243785803,17.0371656588704,16.9585636609558,17.8207366653146,17.1844185727291,16.8730046645263,17.4318273565078,17.3257060604983,16.71708418089,17.0295404117135,16.3579028384354,16.8393462286994,16.6346252571069,16.6229900476219,17.0106544766044,17.0959354351727,16.8765792126391,16.9014694379855,16.8885833355125,16.8654805948173
Q9VG51,autosomes,17.2212023327615,17.4349291115607,17.3030655111851,17.0345152351067,17.292913749064,17.1803114227582,16.9769921308745,17.1469280367669,17.1657667775161,17.1061679490135,17.2902738100925,16.7461241706109,16.9619187583171,17.0444803709043,16.9842166669649,16.5227313119889,17.0104807650919,16.896270698557,16.7711173496653,17.5769232442875,16.9323586846266,16.8012360303179,17.1737543023294,16.8465402777548,16.752553097293,16.8951932971781,16.9550389192559,16.8023972962553,16.9434324187488,16.6557258258341,16.9914134814598,16.8267303187567,17.0793154620997,16.773125503924,17.0442327599288,17.0077825977488
Q9VG55,autosomes,16.7362767600976,15.8742342433181,16.3301713589178,16.1870766984317,16.7614135859748,16.5292764254544,16.4022498060856,16.6034977379259,16.62267015938,16.5415249699188,16.5764267919645,16.288644158319,17.7796617701466,17.7311527605939,17.8742331567037,17.0949593653082,17.8310497281957,17.866732846346,17.955541358118,17.8315911449413,17.8213008964757,18.1055768937035,17.922734902789,18.2695662269067,18.0237237575146,18.493845978674,18.4227871828599,18.0835037710306,18.0987825542674,18.0910882382564,17.6842779566348,17.7283356598137,17.9293814995185,17.5511995278558,17.8058252471525,17.4832062546045
Q9VG69,autosomes,16.5206247407488,16.6548651952778,17.2993038113237,17.1522294580109,16.9661108746585,16.7302940424871,17.3489377803389,16.9150193104765,16.9114931044793,17.3770166951494,17.2375523590024,16.9633619615549,17.2641856740686,17.3600024398148,16.6218392629408,16.3496955212993,17.6068021751854,17.0334821922866,16.9390020140641,17.3419267497741,17.1017746377091,16.9257771853008,17.1563814669083,17.0693388219504,17.1228257237151,17.223666187998,16.7666753127696,17.3857331909976,17.0268146437593,17.3203627755562,17.6966068440019,17.4141896147366,17.0799887106802,17.0910371226308,17.3888623270159,17.3169862112949
Q9VG76,autosomes,4.22480474212415,4.22480474212415,4.22480474212415,4.22480474212415,4.22480474212415,14.7552193081999,14.9189350094688,14.8991829372076,15.0709424611196,15.0373366066796,15.1383111694735,14.9080928895124,15.1497397405232,15.2456725591388,4.22480474212415,4.22480474212415,4.22480474212415,4.22480474212415,14.8068979762123,14.9714310728543,15.1458199754321,14.5944464403676,14.7584834015569,4.22480474212415,4.22480474212415,4.22480474212415,14.9292700096056,15.2893189465451,15.2019443561957,15.4283124010855,4.22480474212415,4.22480474212415,4.22480474212415,4.22480474212415,4.22480474212415,4.22480474212415
Q9VGA3,autosomes,19.2875190422631,20.1196403183526,19.6168172865326,19.6458586783757,19.8914258715483,19.8232782877565,19.2818660856876,19.7401219995343,19.7041561584732,19.7283634923612,19.5461964783742,19.0741204151128,19.2160428960436,19.3347549241575,19.4149030559263,19.6000000386307,19.6456779804485,19.626365896369,19.7664932480262,19.2594980032306,19.6281816069078,19.626186949653,19.5738872929195,19.6385212314591,19.8219801426738,20.2735800342526,19.6076753485686,20.0955639732429,20.141666005718,19.5461889004864,19.4855662195587,19.597833155856,19.1083946470962,19.1522902355019,19.4553149897949,19.3447452233859
Q9VGF7,autosomes,4.22480474212415,4.22480474212415,4.22480474212415,4.22480474212415,4.22480474212415,16.1907728134898,16.2035738822625,16.166480889383,16.3463805040009,16.5213340694661,16.3667858703884,17.0273123222182,14.6539699679377,15.550332618242,4.22480474212415,4.22480474212415,4.22480474212415,4.22480474212415,15.385057364994,14.745823788158,15.6076001241265,15.447489675131,14.9177210053572,4.22480474212415,4.22480474212415,4.22480474212415,14.6457989437125,15.1507354010018,15.285375079951,14.9703966477753,4.22480474212415,4.22480474212415,4.22480474212415,4.22480474212415,4.22480474212415,4.22480474212415
Q9VGK3,autosomes,17.3058442136212,17.4941367361136,17.518304078881,17.3655362904806,17.5082262316433,17.3541334783121,17.4246448765923,17.6023662100909,17.5278536826942,17.4556816510863,17.467768899138,17.2685854856496,17.1646694822377,17.0572007256259,17.5675387202275,17.6531399003784,17.4790478348255,17.4621477524813,17.6080786051061,16.5667305303701,17.4286361962073,17.3671301053958,17.1071248810812,17.4502807739879,17.5772107231595,17.6120098335084,17.3822976319059,17.656308799605,17.7947867283374,17.3833665171345,17.7330827516361,17.7243865179112,16.9985322334225,16.6876394942623,17.1243234463794,16.8730362803043
Q9VGP6,autosomes,15.2266508472449,15.0998110106653,15.2704536451591,15.456281827834,15.0868096394158,15.3855476146044,15.4523225623003,15.2464583859133,15.2971150715168,15.3892632011902,15.272361435544,15.1796184201134,16.2181576927907,16.0407642554354,15.8512685097128,15.3279871679081,15.9306731738667,15.7958340417669,15.5771234557254,15.9538261550439,15.9028654925838,15.92088810406,15.7806641563914,16.0094590480695,15.3428193879529,15.3501730036116,16.073935814731,15.273997394261,15.6270925939182,15.939796489427,15.6030221695349,15.7846876521306,16.3690185074676,15.8815002236919,16.1223737831318,16.0970473846964
Q9VGP7,autosomes,15.282799182457,15.6347570256036,15.136126432137,15.5077907500193,15.1365748313973,15.7608932824217,15.5473266572293,15.6901746595659,15.5504526696875,15.7857067498342,15.8345654462354,14.8502891794742,15.4264295356252,15.6041643031191,15.6139746970012,15.4964866836043,15.5923630075785,15.2525804508676,15.5865173009068,15.2521687470017,15.5296747899072,15.3817562311299,15.2436175003051,15.6806537938158,15.6859635913875,15.6892713457406,15.5200738268987,15.5755910350077,15.6441379765089,15.7209093270038,15.8961153683217,15.4384037214417,15.35471780535,15.7210440975173,15.9372734260504,15.9386875744605
Q9VGQ1,autosomes,18.1180570070476,18.0067269826505,18.4189839076702,18.4479825312542,19.1130220427148,18.7441279458297,18.8497588134707,18.863945330895,18.8345381634424,18.7914120997841,18.8923845232171,18.6391252108048,18.6772153560252,18.7687468616893,18.6363767407632,19.0464274055177,18.7192550873367,18.8026824093458,18.4356060929652,19.0795182937522,18.6123694560507,18.5234540449955,18.8109129314436,18.4393372367803,18.4594413230697,18.3359424702902,18.2828832492773,18.5047935380688,18.506099408336,18.4856374652919,18.7626792754631,18.8986627044107,19.1092907599134,18.9510291774822,18.9730249282652,18.9550471539692
Q9VGS2,autosomes,18.6586919575956,18.437259804775,18.3468800815023,18.2924191869901,17.9986143490696,18.021482870716,18.5173415930899,18.3401865728072,18.4816075503773,18.4676501656754,18.3415813808565,18.2701344711368,18.5927917755784,18.5866676151373,18.1723088014314,18.2356407011765,18.2537409634884,18.1768487989522,18.2616838317036,18.0867757441399,18.2801387404822,18.3869323217428,18.274032089539,18.1453257621608,18.0776510285451,18.2035697268526,18.1226845711082,18.4636561539803,18.3349729471302,18.2912086461714,18.5409714718002,18.3960545011024,18.4915584160674,18.6147062977117,18.5683192157874,18.5545866778886
Q9VGU6,autosomes,18.1272208817472,18.3374976031322,18.0308231282489,17.7695276451874,18.0001569219835,18.0487998314726,17.8089974939903,17.9342257169699,17.9941042427719,18.1096665666093,17.9166371631381,17.7017762408626,17.5705802289552,17.812906264486,17.9685350465609,18.0198469210327,17.9569376990921,18.031169606964,18.0072312099054,17.9065825997162,18.0756853247428,17.9175695137007,17.9323508750655,18.0894056206831,17.9773786610479,18.041153269636,18.0499193903435,18.179051702684,18.0336427062136,18.0711685510242,18.0365358197499,18.0524871292326,17.8567430051542,17.5381346744644,17.7017166281067,17.6758606410756
Q9VH64,autosomes,16.2434589274643,16.794552147608,16.3018499348898,15.9559911779236,16.4780122888,16.5242144273306,15.7644933114242,16.1881005031225,16.0684189240518,16.245031349982,16.0944576394641,15.7565337784048,16.3001850844631,15.8276750567077,16.0558215647044,16.2831078863637,15.9998632964891,16.2410931756536,16.0749818160065,14.7422220520119,15.9935778976428,16.0812395353538,15.2836929187034,15.5785632094801,16.2374287956787,16.3670737920709,16.3745379276559,16.1053534501929,16.3781935149241,16.2219669487059,15.8343643684596,15.5281798779151,15.630145213794,15.2933573403244,15.5597424687641,15.4164390371795
Q9VH66,autosomes,14.92394941133,14.5358737002629,14.8736389740876,14.7212173916363,14.6449282250012,14.5436774304925,15.0934171528766,15.0023721193098,15.1766511239017,15.1503811801999,14.3962542250274,14.5779350179553,15.1937652907528,14.981122476445,14.593032953166,14.856803991992,15.2748394724175,14.9279612447763,15.0441381355005,14.1217972527772,14.9701043921091,14.985160852549,14.5789406772981,14.5040548709723,15.0153780943605,14.8536925687334,14.9217800048218,14.865726426785,15.0849742470922,15.1610224553956,15.6133034418929,15.315771851619,15.0396105203954,14.6052478252836,15.1578251605634,14.8366499904645
Q9VH95,autosomes,17.8679514434146,17.6105115012056,17.5871231564446,17.6705304788738,17.73813333395,17.7453303744447,17.4823739558754,17.7335952416086,17.710951291425,17.6311268528845,17.8036327488815,17.6053956223073,17.723568631407,17.6808629115284,17.4701121079447,17.2898330525933,17.192494284284,17.3418188260564,17.4298903400284,16.0152704213608,17.5216329678335,17.5593199569624,17.2273670541223,17.4190716595039,17.2834741545958,16.9749600516876,17.4179187316887,17.4072852863607,17.408483943083,17.2533015956574,17.2988639868587,17.2206470817643,17.4515397621859,17.4266717050347,17.4154079124093,17.6640197589252
Q9VHA8,autosomes,16.7610573749392,16.9613440385163,17.0296808835937,16.9519009872078,17.0657199873647,17.3117582405214,17.0481321285912,17.3034347190322,17.3153544785327,17.0967907144203,17.2624282660741,16.8628423026106,17.1049780860889,17.0646882190621,17.2531935351194,17.225094084448,17.3216211832582,17.1663115677955,17.1198757666315,16.3585636445108,16.8952053471378,16.7353505292657,16.8178413049305,16.7338565588123,17.0215099988386,17.1388857243562,17.0635975712579,17.0016985741391,17.3154193647178,16.8561165725204,17.5673808569043,17.3448706090994,16.7571524656801,16.4990378661014,16.7360624916649,16.8007586231278
Q9VHC7,autosomes,18.8192161549772,18.4601972047904,18.944586905655,18.9251091461521,19.2062767209017,19.1714605806809,19.0598537425018,19.1603370115993,19.1212335083448,19.1166316073876,19.2286779074162,18.8559574963034,18.898068390536,18.9620242542744,18.8065012551861,18.7169266917663,18.6691655288158,18.8453483778132,18.9034181550906,15.7086321077705,18.8770207431805,18.7787305308999,18.4683603003408,18.0574488751591,18.3056663878814,18.3696314284491,18.8033885572277,19.011857932585,18.9226155399622,18.9985764096058,18.9715362705687,18.9106349404992,19.2089981290329,18.8767932043645,19.2055907899557,19.0735392698773
Q9VHC8,autosomes,18.6447887729414,19.1801617328365,18.8029872017918,18.8052288157516,18.8435102816563,18.7555234363279,18.528066688825,18.6699096467634,18.6747838557797,18.5326744959811,18.7125070971708,18.6685762273748,18.6491227319268,18.5746061219821,18.5632997173004,18.6823586153856,18.3992723698388,18.4806940135362,18.6225231254968,17.2330673379539,18.5308416945138,18.4653347776805,18.2587883979642,18.8363173701635,18.693820819311,18.7946187079864,18.7595548674098,18.5901422259969,18.7763177349799,18.9237310738536,18.4104691042888,18.0954018678673,18.2158858425216,18.3619285907459,18.1680365653664,18.197510829388
Q9VHK6,autosomes,16.5722741802397,16.4200691289176,16.2790678909579,16.3114676971726,16.1035939454518,15.676651530084,16.4771134655141,16.2590871152678,16.308453900411,16.0376776120824,16.343606460343,15.9880884211068,16.4930102246512,16.4946405636546,16.048092449733,16.1956688046548,16.1982827723857,16.3808896480312,16.036951408882,16.5978830411239,15.9483904218416,16.0681777458755,16.2966423973152,15.9353867705202,15.9408077026414,15.8714262388019,16.141366557481,16.2927398005355,16.004119909665,16.1913417924126,16.0150806510193,15.7569158349938,16.3500605125117,16.4805938798897,16.4415121831269,16.4355580890493
Q9VHN6,autosomes,13.8657601091146,13.4440888004876,13.601498934939,13.7211689683483,13.2615885787267,13.1382370334799,13.0949810179209,12.8335273254968,13.3297805016912,13.0139422178576,13.3563693521482,12.847422834929,13.2010515865186,13.3653865005114,12.8525369445519,13.2794434554376,13.5090397749585,13.5103463179499,12.8784378543369,12.4018478760774,13.2740543813415,13.3947234843523,13.3628601719102,13.3681151170886,13.4478679288885,13.2007898605574,13.7887328426752,13.7850309206411,13.8131186791015,14.0562144026347,12.5607296799901,12.6073898835111,13.3200679122187,13.5783724637988,12.7290171342602,12.4233049895494
Q9VHS8,autosomes,4.22480474212415,4.22480474212415,4.22480474212415,4.22480474212415,4.22480474212415,14.4599355230869,14.8907503197914,14.7532852040392,14.5735260586508,14.7423665860094,14.3236722585364,14.808805669949,14.6694563912852,14.7992135574696,4.22480474212415,4.22480474212415,4.22480474212415,4.22480474212415,14.2353379164723,13.7394238154721,14.632925344136,14.4677942335184,14.4052098608218,4.22480474212415,4.22480474212415,4.22480474212415,14.0984123129721,14.2877639446311,13.9341663404146,13.9749297497342,4.22480474212415,4.22480474212415,4.22480474212415,4.22480474212415,4.22480474212415,4.22480474212415
Q9VHX4,autosomes,14.6377454401925,13.8645727022643,13.9993245788155,13.9429543023897,13.8313901010829,14.4557947084424,15.1029089505506,14.8484005838004,15.2827897207019,14.6132310488417,14.0326975863444,15.2243748332445,14.3001952106014,13.9067937125596,14.2802603900153,13.769186257075,14.8086007592842,14.8095255220861,14.1066703708376,14.0995640080228,14.3999979645906,14.6589205745041,14.275903998569,14.7683716318516,13.8787751024638,13.8787078947028,14.1293998264799,13.9534467517737,13.9692932543795,14.0649284160085,14.8522590378243,14.9211557060352,14.6437747628932,14.2327475789436,14.3239125990565,14.894301733511
Q9VI10,autosomes,17.7332003516318,17.8122624508882,17.742214877196,17.6953367944988,17.7310264904262,17.606954374432,17.4742892705955,17.4811570968071,17.4373956024567,17.4406423198484,17.667951137614,17.4521551422222,17.8504015408826,17.809654031249,17.3527954471345,16.8657565711075,17.1515868354265,17.3730439257717,17.1817033450096,17.4526973051879,17.5619344230965,17.396365786084,17.4469323328794,17.4334340309559,17.0461946068783,16.9644723443387,17.7945454242938,17.0298587080262,17.1669042314582,17.7699185970062,16.8829672303148,17.2692830453894,17.913204481288,17.8062068057841,18.0279410463768,18.0033307145633
Q9VI56,autosomes,17.2855760573533,17.3846445861004,17.349475772738,17.1696978475647,17.2071044073351,17.2975653852803,17.3139898850609,17.1389953112946,17.4129945542563,17.444884725006,17.3866599464706,16.6680538118466,17.1760004326959,17.2024594749297,17.3507606601562,17.307457684135,17.5121287666837,17.4664864986635,17.5325618607162,17.0465973111726,17.3413126961653,17.1789795441736,17.3580476088714,17.2041183139782,17.441417784798,17.3860604186366,17.1947865604785,17.7581915531241,17.5586158523774,17.4048957871216,17.7534800103223,17.6474779667331,17.1697003906863,16.5995873594741,17.2321198317202,17.0545447139244
Q9VI64,autosomes,15.397156736234,15.0767493179488,14.9447011233967,14.9333322679165,14.2574824439796,14.0217063854677,15.1125396846388,14.6100701700106,15.0808028812288,14.90025415889,14.273974647459,15.53287586101,14.5518204289297,14.6757410840839,14.0352820110508,14.6468866277549,14.2833305969079,14.0775728680303,14.4666603888927,14.5514847902358,14.5610616470086,15.0637371342816,14.7947803441824,13.7475750127716,14.1854956991692,13.8434259034758,14.0778283722326,14.1744116971674,14.1822660133481,14.533887045882,14.3136296890822,14.3250673942106,14.9056438183185,15.4921655400354,15.3491564658361,15.127621667515
Q9VI75,autosomes,13.4817568407706,12.8395508343534,13.4570708022745,13.4658067983059,12.9775981843136,12.4730732385126,14.6055755796262,13.5446992384453,13.0200784580186,13.4002812091591,12.8613036686066,14.8650590268838,12.1614542567109,11.9829603983804,12.2441019088051,8.94399512977471,12.7526528564244,11.614002492593,12.778370888002,11.2160346875531,12.802390001117,12.4084180135477,12.3438687004342,12.9355618091385,12.3334264782569,12.7667758277626,12.8933611783881,11.260238273533,12.7322226830732,12.4326690830678,13.1678716384941,13.0436771531774,12.8103081008326,14.1183058236384,13.4212409035429,13.4107911089876
Q9VIE8,autosomes,20.3499609672406,19.1349223245512,19.8627426283954,20.2855345484587,19.4492169269439,19.1487623396511,20.420215310122,19.8343843300592,19.7185084181202,19.730727232516,19.2068669756607,20.708857786006,19.5407353878878,19.7358172052978,18.7729345278898,19.351084039429,19.1111910753317,19.1400984447193,19.1225504182946,19.6289586752283,19.5322376718429,19.9059944503083,19.4561618077915,18.8787680329665,18.9623641337538,19.0500504792788,18.7419982404654,19.321404051897,19.0415577994692,19.1315923015153,19.4986983793217,19.4058134313751,19.957700828455,20.659139650202,20.0305607686596,19.9142556210345
Q9VIF2,autosomes,16.5229186165858,17.3614912938028,16.9738434775177,16.2486724148188,16.7502857650875,16.6386160821504,16.4515718059646,16.5914182560503,16.4692755141988,16.3723482060263,16.4521671359492,15.9379091593032,15.9240481155354,16.2796518587695,16.2714561338328,16.7747656899324,16.6174259208344,16.2341839227462,16.9137453362737,15.5825312074405,16.6977686646305,16.2108520128437,16.1965033329195,16.4748358906243,16.540051056977,16.7232013365809,16.6900891393629,17.2894726772619,16.9061278069702,16.7363477166788,16.024704187849,15.9382869263282,16.2861391195165,16.136067043694,16.0594807211718,15.972630574818
Q9VIJ3,autosomes,15.7283126775396,15.4415894200925,15.168342685186,15.5856981451564,15.1370376284593,15.3094963222946,15.4126108880173,15.2614155871901,15.6581707429725,15.5046400419583,15.5976859008556,15.1462632965695,15.1442197996027,14.7259308409976,15.8217718200874,15.4797776623064,15.5729636292553,15.5251766453158,15.6779440265286,15.2287297120192,15.6282307494175,15.2604329680116,15.6326382246142,15.4313821241114,15.5461763186787,15.4023502445953,15.2255139362561,15.7484279085406,15.2542062453024,15.554137853658,15.4710805829166,15.4678379462464,15.2891149660321,14.9645672067966,15.0257215062075,15.2344734287674
Q9VIQ0,autosomes,15.8026749833097,15.6362220914779,15.5522679594566,16.0534048188023,15.7949386297338,15.676172283462,15.4993942571759,15.5865248635532,15.8065954144615,15.4092971712732,15.6067751464725,15.4587661898159,14.8083792724037,14.8646586098353,16.355178690256,15.7585071724035,15.7198225753165,15.7949153877721,15.9346264500237,15.7032968761906,15.9402473723345,15.6105132790793,15.8178691190967,16.0586353506293,15.8643232838196,15.9720901005875,15.9845066676374,15.9617796852469,15.8216642663569,15.9140435902043,15.7056528903317,15.6612020177873,15.3410728514649,15.0034249875315,14.9574641132786,14.758263798666
Q9VIQ8,autosomes,17.8244366179805,17.8609897428833,18.2321625402327,18.3453178247453,17.9442348339372,17.6104330955061,18.4077684766836,17.89574257048,17.9387184233593,17.8445465827764,17.8191063909801,19.0365759352029,17.3232280815127,17.6170649946753,17.0775705409027,17.2272140100841,17.1047807277561,17.1213355474561,17.6862280498308,16.9346998557074,17.6301005530558,17.6257108179104,17.2003357182608,17.1157294391237,17.4541674848841,17.2969894215317,17.1548667855693,17.3682172128988,17.4752956322346,17.0372461562247,17.4461937379445,17.484647351514,17.3947491037785,18.9158983468705,17.9209680820895,17.3464490567054
Q9VJ12,autosomes,16.414313446043,16.2657697458923,16.314819758901,16.1935124234135,16.3242496295683,16.5433133491635,16.1345760133734,16.1533503779454,16.2931797872817,16.1701485887635,16.3172602649318,16.261201337211,15.6801908327412,16.2597952629965,15.36702496184,15.3902300262629,15.3424940144764,15.1534186248465,15.2798944636492,14.1206793673521,15.1540727351484,15.8211061268228,14.6399056435567,14.4754686929905,15.0491013382013,15.259964086435,15.5161482783516,15.040179630475,15.3856728884244,15.502876703941,15.0426330010116,14.7948380324897,16.0636697381962,16.5099482797216,16.0808087105287,16.2304232563271
Q9VJ26,autosomes,16.6191709776756,16.6859438677629,16.6569791090104,16.5477762699318,16.9004782319271,17.2162392108324,17.1964911666279,17.0769624099586,17.3454788578032,17.2226843115841,17.2328592371483,16.5787306035468,17.6069918484568,17.5865049681926,15.7755989778948,17.8563015553981,17.2935782906875,17.0625088428309,17.3138261902026,14.0943286915416,17.1754510176869,16.9967635689715,16.4956421820331,18.0005320286642,18.3112139320779,18.2336848801845,17.8945424115577,17.4284266467206,17.8922318362909,17.8187851925657,17.4994423068536,17.5026380524995,16.3546437129125,17.0453301975076,17.0344215784548,17.2433179866348
Q9VJ33,autosomes,16.4731753557658,16.8965246793833,16.635335448661,16.564092677459,16.5174290525996,17.151294852859,16.321344314708,16.6943251073339,16.6139057251962,16.8450179233521,16.7764045016911,16.0104638695373,16.630063480133,16.8199061332766,16.9884344804853,16.6587865863802,16.8815319180957,16.8531865312669,16.886640595384,16.8635406141544,16.7761737971866,16.6201157826566,16.6156391037051,17.2740123980368,17.1249636889881,17.177844795441,16.6425398928124,17.2429415379917,17.0194579548896,16.8432309787748,16.7657925716756,16.9693928429475,16.3665729047984,16.368945985577,16.2351136627248,16.5021746829926
Q9VJ38,autosomes,14.3887575322358,14.9216770396301,14.209580352047,14.4114942802453,14.2826232169783,4.22480474212415,4.22480474212415,4.22480474212415,4.22480474212415,4.22480474212415,4.22480474212415,4.22480474212415,4.22480474212415,4.22480474212415,14.2452085783856,14.4874431934392,14.0298370214624,14.2223398156582,4.22480474212415,4.22480474212415,4.22480474212415,4.22480474212415,4.22480474212415,14.3035437080973,14.4265566445943,14.2222025142565,4.22480474212415,4.22480474212415,4.22480474212415,4.22480474212415,14.7211272395879,14.4476998838953,14.145155911378,14.3457241803459,14.3302659752102,14.2940068781231
Q9VJD0,autosomes,14.7233960875382,14.8845370368303,14.9099325847952,14.5565343557049,14.7392285358541,14.131838398957,14.2838019402014,14.7529693194236,14.5547640286216,14.518150241101,14.7184679792713,14.1425481707843,14.5220209057311,13.7521613328751,14.6086358631631,14.3122815026137,14.6512755192867,14.545865839268,14.1258031195782,14.8000011916437,14.6316962500904,14.177770746074,15.0889750498506,14.334251133574,14.3894930930441,14.6023165571113,14.8114454810595,14.6393420850095,14.7464630786798,14.4490053613866,14.8794449297142,14.8762056331884,14.2350429659011,13.5350246481058,14.2528230807383,13.8286809578114
Q9VJD1,autosomes,17.0642852361046,17.8652258526147,17.0135988103015,16.8810824077381,17.3322307167927,17.2026760122787,16.1529406441036,16.9296044793951,16.78582215515,16.8174037560641,16.961397971965,16.151707729476,16.5061483214025,16.3521127578014,17.0405568498554,17.0175941158937,16.494226337641,16.6025751218825,17.2067090949461,13.6612039194726,16.668794576013,16.7894365469997,16.0364027226309,16.3192033290472,16.8094316684725,16.9601706794017,16.9770020548618,16.9618778470007,17.1440524658293,17.0656342873296,16.0928331201657,16.312503675789,15.9861730336767,15.5076363903006,15.7880211177668,16.0086723237482
Q9VJD4,autosomes,17.6004177336116,17.3101584575672,17.3106614332541,17.4581303243116,17.2516414388259,17.143202142345,17.4266638707707,17.2985362836615,17.4235894228474,17.3780268946141,17.3042573223464,17.2614959122918,17.5066352554805,17.5682467314368,17.2829432329712,17.2004436531439,17.2211097296725,17.2830158575919,17.1632516277414,17.8639733165626,17.3703481203685,17.2223391165113,17.6851148099629,17.1076575519948,17.0276206379988,16.976300685459,17.2168144919659,17.1035801590053,17.0679159066978,17.2768232452936,17.3807778484709,17.3974802276255,17.638586694326,17.5636105009076,17.5249318322216,17.6714900540576
Q9VJJ0,autosomes,17.1573774585819,17.0572075694006,17.2588389729215,17.2811936473019,17.9039852727405,18.2299392170797,17.4444081857919,17.8560295710193,18.0115727070226,17.9314682733817,18.1450331005429,17.2701887694709,17.975778752452,18.0691200450515,18.3443095977357,17.6823832495588,18.0756470316299,18.1583418200254,17.8762607744406,17.4970060751357,18.0347284884141,17.8100176039778,17.9396868020531,18.0195976948609,18.0007022932835,18.0299096565176,18.1170057896476,17.8486184096466,17.7043850575076,17.8306814366061,18.0771405744413,18.1473482065235,18.1560837021437,17.9401602659621,18.251403509201,18.1050656176001
Q9VJY6,autosomes,15.5870721433419,15.8438031669377,16.1355513081125,16.1797336353622,15.6779165962025,15.4916698818916,16.4656618972541,15.7864215116779,16.0261531942369,16.5239341614754,15.8140958315581,17.0035449792953,15.5424784588201,15.4503754332185,15.8870004093536,16.0508205767472,15.6671792532074,15.7407767839932,16.3311111196335,15.3000221304512,15.8949518319439,15.8750616063331,15.6230412271572,15.6902175565037,15.5780485772675,15.7981124679153,15.609258864688,15.8436108633969,15.7887558064247,15.6832860876974,16.4729145029146,16.3647745992122,15.3962167399891,16.6600767175778,15.7534154899415,15.4569324437032
Q9VJZ4,autosomes,17.8211294083474,17.8062731965466,17.8322828977013,17.7973585602105,17.6762311387816,17.5380997519465,17.8343105731531,17.7876107016397,17.8327969387038,17.9458987584424,17.528723140233,17.6087880712376,17.6667935201342,17.9244650476247,17.5435105380474,17.8668535417329,17.6589745477662,17.8717524411322,17.6652641902359,18.1315915629279,17.9406497047661,17.973883403261,17.9020772875065,17.5313157850504,17.6341861538523,17.5583166127462,17.7184165838233,17.8339837200828,17.599716536425,17.8926497115858,17.7349440798921,18.931968327622,17.7306890277121,17.6290692503331,17.6527359360473,17.6715633372094
Q9VJZ6,autosomes,17.3400403417719,17.2446526711679,17.5081767068208,17.5904742782949,17.4921217599701,17.8557607362286,17.7665582861599,17.6666667236428,17.9035720623337,17.9984757816984,17.8096723406514,17.4068590783639,18.5158373366857,18.6722174506105,18.0990750938952,17.9690725464887,18.3799199461464,18.2240457587769,18.0842739663084,18.2695692069481,18.2189348404526,18.1839348206195,18.1658995636036,18.3620436500406,18.0223635108736,18.2263649389792,18.086771437643,18.1799298081495,18.2639553781993,18.3215580229286,18.3528121710821,18.2728357042305,18.2964728866159,18.3822871863968,18.6618715532328,18.6467071475519
Q9VK11,autosomes,16.2181199195873,16.494743080712,16.2703263381193,16.4385260505525,16.5709270244811,16.5772337937429,16.2038390191532,16.5216499815862,16.4695240956299,16.3712737089013,16.0627380556333,16.179354612025,16.3762320122754,16.1094135596257,16.5262846190726,16.4916835061992,16.4811742561786,16.2399669166504,16.3010071727796,16.527386294276,16.3723740990369,16.2174392189453,16.3838682138225,16.6483544852079,16.73632253763,16.7303454977747,16.299497870519,16.8093806217943,16.4417458653494,16.5619835585669,16.5287429508053,16.6127381772258,16.0608292484572,16.0435555412141,16.0641095251958,16.0196981968634
Q9VK59,autosomes,13.4714181047077,13.7432330505169,14.2207090196236,13.7968752557352,13.6981451792649,13.4687146922878,14.2143215388202,14.1333442916918,14.3448829318805,13.9750355768377,13.9365074169134,14.8748887127754,13.5544124725031,13.9642673126856,13.5699410008541,13.9778265175687,13.6622974275257,13.7921898732984,13.1184979714852,12.6807201811933,13.8070230257804,13.4940831310985,13.3141347462526,13.3830105757506,13.7838130934184,13.8592286839698,13.4855678795407,13.9894649281042,13.846500635026,14.0213572647803,14.5097406779424,13.9275408376266,13.918806587311,14.442271324904,14.2018587832084,13.6940142834973
Q9VK60,autosomes,16.9460899014086,16.6277453714134,16.8637399715925,16.9675372088786,16.7107162625574,16.5057774053006,16.7810036079276,17.0102507235148,17.0369272616737,17.1312454154772,16.7173788277338,16.8710634596585,16.8508077626684,16.4230968420788,16.5756225099217,16.7737267674525,16.5930190196097,16.693499391572,16.4569433480689,17.2522703473562,16.5979114493339,17.057778846827,16.9462298504675,16.6206694611039,16.2388680587126,15.9195873590123,16.5372637188615,16.0729952193599,16.3103447600281,16.643679952993,16.7701723164767,16.7392635593997,16.9226715769725,16.7020340019445,17.1587467028261,17.2999630846733
Q9VKC7,autosomes,15.9462963067669,16.2708594408898,16.1020899661777,15.8654507263474,15.8853892903347,16.088359856499,15.5449625712277,16.2056013156758,15.9651090598464,15.9727875671618,16.3226620714221,15.6234616901094,15.6730538635148,15.5754275666949,16.0210165214006,16.439429334437,16.0507580044202,15.8682659091154,16.2884567855031,14.1313423741205,15.8543961427422,15.9883753445261,15.6165475695136,15.5476858760603,16.5883947822798,16.4008056085143,16.1804194547335,16.1465730519687,16.4709967428672,16.1504173219501,15.9073245281944,16.0075936307322,15.4064544461065,15.0256561219292,15.6544923727489,15.2201286769061
Q9VKD3,autosomes,4.22480474212415,4.22480474212415,4.22480474212415,4.22480474212415,4.22480474212415,15.6485780664779,16.3899915545567,15.821943289204,15.9687356663632,16.3556772429858,16.0514158604944,16.2346485140898,16.2941294376035,16.2432027675268,4.22480474212415,4.22480474212415,4.22480474212415,4.22480474212415,15.7796238134945,16.442871316912,16.1136474547498,15.8517474093362,16.0405652023239,4.22480474212415,4.22480474212415,4.22480474212415,16.0123454382609,16.0849308205412,15.8501210605268,15.9127904196308,4.22480474212415,4.22480474212415,4.22480474212415,4.22480474212415,4.22480474212415,4.22480474212415
Q9VKD9,autosomes,12.2555920099229,13.5730784167094,12.8029822372934,12.686102404318,12.4439567880136,13.1484136861361,13.1842939444265,13.1613090931438,13.3297875317096,13.3443197187451,13.4729765521693,13.4802012503577,12.2399566098828,12.5815816615554,13.0298445187875,13.3873391276063,12.4655272492503,12.5855812985965,13.1642064442252,9.34898568182544,12.9411388367323,13.0719378490136,11.9716183945975,13.1328948503558,12.072099808504,14.2094232424818,12.3857873811228,13.6469614908593,13.4938367688144,13.2286967944195,13.4034336381778,13.8809155411279,11.9285319444364,12.3144601273199,12.7840181460661,12.9196408742866
Q9VKI8,autosomes,14.7719757086048,14.8552700599371,15.2913785461704,15.1739000629229,15.1782828802903,15.7184944108827,14.5526231292,15.2344058011891,14.9415015172011,14.8188854340065,14.8685604268752,14.9309935656796,14.5608636742725,15.0805631852295,14.506094209469,15.0035336832459,14.1053094303256,14.4873431810652,14.5057638625842,15.3198035026858,14.6311980225671,14.973755611406,14.7264002133419,14.6611480350735,14.3594102491449,14.6817850859074,14.6167452847829,14.7047997638404,14.5684012288479,14.6353982940594,14.5514174581024,14.4749716107855,14.805021096551,15.4173244552639,15.0710436017675,15.1960698870472
Q9VKM8,autosomes,15.8316496576683,15.8515260673029,16.1386586479162,16.1738692936447,15.6590856597704,15.5611550747556,16.1981695883992,15.4743136144005,15.8949558462497,16.1454388662528,15.9490538887773,16.8089802636991,15.3106214544001,15.8399826655764,15.4081559752673,15.3179841039686,14.97162969,15.4174280947269,15.5132487118224,14.8162599585095,15.5994740262834,15.4688985949682,15.3868882032974,15.0664837248032,15.6166096817443,15.3924109229083,15.4254754813472,15.6435596294142,15.706474152541,15.5550911820025,15.5354762356949,15.830097218032,15.8754533437767,16.5356741571695,15.90644805543,15.5991036658215
Q9VKQ2,autosomes,15.4657230897779,14.6550198917376,15.4883902795473,15.1548480547443,15.258870038767,15.2870337515138,15.5052539533134,15.2185628582764,15.5813043522991,15.4389900001163,15.373169748945,15.3876309237947,15.4780092408254,15.5196557058894,16.3877015884343,15.5379915180052,16.576782784378,16.0908261403197,16.2289989715915,16.2065650337754,16.4201357688799,16.1112314006813,16.2404966510841,16.2984378745465,16.0054297142984,16.3041102637632,16.06021912224,16.9830533921056,16.4459422335244,16.0799982451821,16.6441080523653,16.6395664727666,15.8704281090048,15.5441337925352,15.9973092156481,15.338512847091
Q9VKV5,autosomes,15.5574876540822,15.8723414443672,15.5104024986251,15.3904670624068,15.692667780185,15.9260428647298,15.0731971167935,15.5858428016897,15.5913818192404,15.6514857962966,15.7990714563805,15.0085652576653,15.3115509421297,15.4095773580966,15.3417003549585,15.5157169329803,15.0061081657269,15.2383754089737,15.3070858355419,12.6795527011605,15.1854687746178,15.3005050904367,14.7644988698094,14.715303024825,15.4028832863635,15.2755173008488,15.647572166116,15.5233500402101,15.7788572289896,15.4903905857404,15.7770040398829,15.2675715449886,15.060849242176,14.7622886864247,15.1454972661277,14.8249654255616
Q9VKW1,autosomes,14.0861490177332,13.5602938047822,13.937137380189,14.078663959175,13.3192246506628,13.3968094599793,14.2532671095782,13.7398143647148,13.7666792864024,13.6362656090279,13.796774171313,14.7258432437918,14.0923841794708,14.2343263936931,13.6884445817986,14.0141458003742,14.1956416725301,13.5396835525892,13.6864054643051,14.0056456355524,14.3137921169935,14.4053943080126,13.7757185993789,13.7976394421959,13.5570623865831,13.4020538537095,13.631687145382,13.3828653492877,13.7166333685228,13.6712222331357,14.166730652351,13.9629046059991,13.9535246544624,14.7195203807925,14.3990189518084,14.3999555737362
Q9VKW5,autosomes,17.5385680008355,16.7622154083107,17.3694294375984,17.4216827276305,16.7682188039104,16.8470305963996,17.6987446322693,17.3251951056124,17.4855312557123,17.4950676985695,17.008771278019,17.7065021701033,17.2143080245337,17.52838316528,16.6840474714258,17.142745470136,16.919125478357,16.8650576184845,17.3226661774861,15.9834890697807,17.5285899804098,17.5811491995396,16.920625591989,16.6000762204371,16.5832693163545,16.5556909714797,16.708623754407,17.2242302358683,17.1186221904475,16.9136363624785,17.2986335169632,17.3607278966516,17.3784643057436,18.0385559260268,17.7510760303545,17.7489874139278
Q9VL18,autosomes,18.7415096178855,18.46225508153,18.7175489695544,18.5642088292715,18.7220658571443,19.0416504126529,18.8902013018076,18.9328930466515,19.0106590815285,18.9264492971607,19.1000426386714,18.7377378911683,19.2819571566673,19.0940627168811,19.3106670988628,19.0798752199751,19.2265490610198,19.1317657064546,19.0156356278332,17.4001573180575,19.006017216962,18.9416614264265,18.6854998537271,18.9961069612598,18.9283593583057,18.8517620430804,19.2491004646323,18.9865505661878,19.0512175081105,19.1644470976659,18.9142633638182,18.9257704160602,19.0458608951126,18.7531138112613,18.9732396725251,19.1666446618724
Q9VL68,autosomes,17.5664033953893,17.5095318511621,17.9502450365842,17.610403094156,18.2037730371642,18.349159059863,17.8835081236008,17.8967798138384,18.1100460932606,18.2205143810377,18.317310494466,17.7139344961606,18.222405213659,18.3471336772323,18.234484466419,18.1648215157179,18.2432124300135,18.2398380737934,18.1061666870815,18.3761741543666,18.029281517717,17.8872365969372,18.2453136485638,18.0703898050705,18.1271132373403,18.2402619311096,18.07169270502,18.0475560717681,17.9311479448553,17.9611716204537,18.3547277151109,18.2121422076904,18.225732434289,18.1651001791789,18.3346868919702,18.1522395264171
Q9VL70,autosomes,18.2793561477866,18.1480480940427,18.1811631465405,18.486762803185,18.4451339565127,18.5504999646855,18.5560895723633,18.4846737109856,18.4323093857529,18.5682441784838,18.2242133570663,18.7337143898279,18.2072424885437,18.4731518441519,17.9184315540776,18.341791926031,18.0145158484807,18.1849750940054,17.8864730823093,18.68906744026,18.3152711102334,18.7314454950309,18.3540079434719,17.959176991584,17.7947797185673,17.8023702186312,17.6533480756372,18.151609038278,18.0831956299365,17.9629518286023,18.2199560223692,18.443012915999,18.7747227272595,19.1623958899799,18.8042289954962,18.8524970828255
Q9VL78,autosomes,16.1595642564909,15.4337859179465,15.8264690297658,15.9520563656549,15.3890484284503,15.4681484944832,16.2102747702023,16.0365406566632,16.2649795615463,16.1485210875737,15.9533558394486,16.2157083685476,16.1685106248863,16.2721125537893,15.4229439543936,15.2638079617176,15.504218218736,15.9178339689598,15.5571283406603,14.4649734981755,15.8256042868794,16.109947342681,15.4813250584122,15.2530310937696,15.3992970119978,15.1679138858691,15.4496886640259,15.5877890802661,15.2712758171907,15.3480566439198,15.9304704887512,15.9802740180231,16.3011821993446,16.2182449928195,16.3908993475405,16.4105937382448
Q9VLB7,autosomes,20.4882834007659,19.9698251690696,19.9962634755561,20.0341058295847,19.5575140554386,19.4893196216815,20.1732633495184,19.8230258559423,19.9089994771748,19.8359218448886,19.5579165864523,20.1478368238758,20.0000608293502,20.0760064075816,19.4854273142896,19.4601088067511,19.4963307976899,19.5372966954815,19.4626180562007,20.0635642589403,19.7566791503391,19.7724406084642,19.8501939492382,19.2508058729798,19.1815208697416,19.0962825311289,19.3197209302056,19.3542434798518,19.1650280325381,19.290862764246,19.6835256988914,19.6467690274964,20.0982751287168,19.9877870229223,20.0685949067514,20.0340047843023
Q9VLL3,autosomes,16.3989013322105,16.3765338056577,15.8221464488786,15.8188047766477,15.2800248061387,16.5048588534523,15.6992792746748,15.305967356902,15.4660314834747,15.7985407550177,16.081721867958,15.4639397301492,16.1947569486661,15.973765577142,15.0615088230016,15.7117658431051,14.4615898609857,15.6243927615585,15.2174873508042,12.4424615052443,15.1478188969776,15.7568464772866,15.1424849752866,15.4188226836606,15.8758926878641,15.7694089645038,15.9120507499308,16.1135905300097,15.503257736029,16.1020532957384,15.172281000221,15.7068549744212,15.6794880662574,15.6946472680456,15.1689276807265,16.0056796757746
Q9VLM9,autosomes,12.7832318901412,12.6537838231805,12.4189768110416,13.5857202969589,12.293062319958,12.6645462832496,13.3277988831154,13.4727162656533,12.8177156133938,13.2828359796582,13.2116247825058,13.0047580968409,13.1540192610935,13.4891140878643,13.8008694781998,13.436315268583,13.3345468719282,13.4786685440532,13.1765569667048,14.3819379960301,13.1469083829768,13.2941480499341,13.5113420021299,13.6427381838479,12.5411252663029,12.5662948892337,12.9253847439256,13.5809514558899,12.9479284743492,12.6502241343275,13.0374473989545,13.0799155390945,13.3279270352544,13.5616576533205,13.6680366984351,14.079831427431
Q9VLP2,autosomes,19.7012829275436,19.8294495701819,19.8151558058772,19.6072962576996,19.8239413901337,19.6319082084565,19.3875216323058,19.4123680794176,19.6957706723679,19.5202647831924,19.6719763026185,19.5679032942818,18.8641465740502,18.7571132040372,19.3190041469954,19.4401723111477,19.0448911579005,19.068886196866,19.5814946772212,17.8905278722577,19.1537811719075,19.215144163528,18.7234654032811,18.5687657407587,19.8106555740435,19.6668478075549,19.5741359676355,19.4396526746167,19.7332897933175,19.2226236049005,19.258621409789,19.1149439707903,18.979462197648,18.8874478863795,18.6740549846118,18.6095421770882
Q9VLR5,autosomes,17.1744917637581,17.7208178278158,17.3089602360263,17.1252088528989,17.3491776776512,17.6594449575724,16.8347626032989,17.6084401200234,17.4050774014229,17.2439820390701,17.2702796456257,16.928108646134,17.1736259373357,17.1761796708135,17.3105411204458,17.3147516505744,17.2549635999151,16.994616552788,17.4607852248944,14.4749524478403,17.039814517664,17.0979578111676,16.3744396453189,17.4649493438963,17.6848507740841,17.6804867355962,17.7568686075012,17.2924008557351,17.7432268691408,17.5231022204243,16.9592430476775,16.9408614726209,16.6380790806735,16.5146363540906,16.6991901418128,16.6437504345994
Q9VLS4,autosomes,17.6077771952228,17.5341806934086,17.5896471812852,17.5599268006474,17.7703900026862,17.7548228651172,17.8551463209582,17.7572334965256,17.7968371181891,17.9758887813866,17.6972681258907,17.8267425291073,17.943240072301,18.0321341291212,18.2988035834756,17.9720448070344,18.1576962413239,18.3306997363648,18.1834746729634,18.620332032268,18.1318819936712,18.1554778412292,18.2418087950373,18.3161261121619,17.9588129049876,18.0023005951612,18.0046879405633,17.9800503789025,17.9114575198843,17.7496396389308,17.90911662722,18.087250308132,18.196841173592,17.9160914701743,18.0535747208048,18.1106545428388
Q9VLU0,autosomes,18.3350437909968,18.7253245125743,18.674415420341,18.6963226818977,18.9811141863859,18.719505649271,18.527815417193,18.8317823241259,18.6724409568933,18.7151805270718,18.8336065369016,18.433679616167,19.1257424859985,19.0045901834718,18.8086498079291,18.9373196345289,18.852186164052,18.739306474528,18.4796078562435,19.3050417531227,18.6411393569034,18.6989954607579,18.9524766449388,19.1317131807048,18.6619338805469,18.7850383482591,19.0396146783823,18.363092361845,18.7513037583573,19.0304256586727,18.5049741866555,18.4532833522023,18.9133496452469,18.709041339429,19.1734649668294,19.0543740222802
Q9VLV5,autosomes,15.7128501316268,15.7503953992189,16.2859164850653,15.8934624306753,15.7825218000794,15.9494672922391,16.2420374249054,16.1398591029541,16.4700870801446,16.4129559046618,16.2257617831325,15.4361503780112,16.3346577185518,16.6297528876952,16.5992464633293,16.0158407396623,16.8352674149588,16.3797982938324,16.7802149867536,15.6304550850735,16.6571360439998,16.2246238824795,16.3903450904131,16.4907383933549,16.4420433104263,16.6388187842519,16.545439449682,17.1228938141372,16.8481156657708,16.8947005442406,16.7279811222241,16.8315726863445,16.5736983694818,16.3194757556499,16.587697879285,16.4637939053086
Q9VLV9,autosomes,15.9294249193391,15.7215134524331,16.1240244359006,15.7876974442419,16.0019886844645,16.0168213939589,15.6626338731832,15.9150126549171,16.1285807530269,15.9977386811599,16.3837372800085,15.4530676249641,15.9032601959362,15.7986392451468,15.5512576240152,15.691023131374,15.9068895175544,15.646296108192,15.6963630549374,15.1274634255157,15.7681803477916,15.4618221542664,15.5459905333873,16.0605784885783,16.3028402732139,16.1310233380172,15.9915779745109,16.2814611136109,16.2079807333239,16.3599811173349,16.5047858434348,16.0470271665058,15.7201154417663,15.1728030019899,15.887838650374,15.7731199233783
Q9VM18,autosomes,14.5532791543047,14.1591896361115,14.8206650423687,14.3346153415615,14.2718459043138,14.6850173425777,14.4245124981788,14.40726305464,14.4275284268226,14.8470750442851,14.2839482984993,14.1020682271663,14.6730440638977,14.1471678028949,14.496775790507,14.4597351158018,14.6152239938579,14.8687015390954,14.4382297498393,14.7268997151454,14.2984421980012,15.0140073978414,14.4920769666943,14.2252428974996,14.2423086055944,14.3461735157374,14.3574610847647,14.8043870078693,14.3459502571213,13.9781689606137,14.6032406766201,14.7915885427285,14.3035289040202,14.0403398872031,14.8616424878648,14.288372739634
Q9VMH8,autosomes,14.9252735921548,14.8678822440883,14.6514761904338,14.7716712749026,14.8302986861324,14.7816763531425,14.8278087590383,14.4750440126055,14.5518463593467,14.9042323303085,14.527582508634,14.4854729365899,14.8259052834661,14.9708448893972,14.7890326176978,15.0999650595864,14.7317663784441,14.6262604384215,14.7090513198717,15.4752182623169,14.7129420848427,14.5298130840433,14.9820302358084,14.5963647856805,14.5818287593615,14.3136146406757,14.7879326115039,14.6183117877384,14.6266846239579,14.7861539572911,14.5443764962335,14.6486025937262,14.650923472845,14.5464924279453,14.725785659538,15.023521710126
Q9VMI3,autosomes,16.5356138168348,16.0821818053343,16.5903823678265,16.4954015909482,16.1344067391663,16.5677458373847,17.1682433779058,16.8192194388104,16.675532640617,16.6550622260428,16.4061861935549,17.2633426737753,15.949519101341,16.0566674622543,16.0462852364664,16.6684038551122,16.4340600272127,16.0290774634066,16.2251360473214,16.1204796105017,16.5242581302153,16.9076656653764,16.256725116437,16.2728310765419,16.5485484364734,16.531516924156,15.7003362014109,16.2264331055697,16.1183953231352,16.1036900869422,17.3354839143761,17.0628666606931,16.2873153532243,16.5642768583978,16.5601511249634,16.4764594879032
Q9VMQ9,autosomes,17.7498889112607,17.6324052916876,17.4438048709178,17.821606106872,17.6515586513804,17.6482487890149,17.1659483752058,17.4480489758156,17.2752981494887,17.499243065428,17.6447154807006,17.3288869464909,17.3886984140361,17.1008563644335,17.2910962125329,17.222997867392,17.2853368363065,17.1837882641697,17.0271538279525,17.6863232151827,17.0654336486183,16.920882064753,17.1616715327596,17.2196024883096,17.0758181538712,16.9729222015745,16.867697018862,16.8654951570035,17.0004762914428,16.4982793826241,16.8643615289444,16.9386332459664,16.9543367181319,16.9359953268754,17.0454213753381,16.9923094915484
Q9VMS1,autosomes,17.0676264995948,17.1353840207777,17.5395259551232,17.2396432879275,17.7257570324246,17.5882842693909,17.736211272468,17.5475508621562,17.8339559192931,18.3416889154036,17.9940940169072,17.5646074012339,17.6258983306304,18.0614787322157,17.7071861038274,17.9127320247541,18.058370520934,18.1009387814457,17.9414585959292,18.2257041127849,18.0161575912967,17.725317746816,17.98146295905,17.8387730024174,17.9476490372139,17.9725976761907,17.4821741157794,18.0425896043941,17.4396896470352,17.5322169881148,18.681853250001,18.2923298137752,17.8659969337868,17.8263629665438,17.9533788806633,17.5949278445953
Q9VMT2,autosomes,16.1926706185512,15.5192760652887,16.0421237889831,15.6670615342992,15.5380639709795,16.3332704906016,16.0185123438358,15.8176514140152,15.864080920594,16.1678970393275,15.7525406016055,15.8782780570422,16.2891298956695,15.9230295122906,15.634847618895,15.9282948041055,15.9520099166134,16.3170251446417,15.9618756404575,15.2023982778865,16.0155875045857,16.1844267099195,15.5155431825551,15.5621578750611,15.7607024867576,15.6052410064725,15.8185540409782,16.2959696729208,15.707144735891,15.7311217499359,16.4808086758526,16.1634270619701,15.5633603316028,16.2094491611243,15.8721441811047,15.5005331689836
Q9VMU0,autosomes,17.7433962053386,17.5157749356461,17.5218297052401,17.6262944294585,17.6970500991599,17.4542990622195,17.5733041391992,17.4341494568985,17.4237087129157,17.4585319008597,17.5008620431217,17.1446279567835,17.6221500215813,17.5232982846971,17.2998656651931,17.6999064268891,17.4212106595738,17.3771519515872,17.1008713125257,17.8393338257279,17.1226110227248,17.2462302244786,17.5965837277905,17.2118789882117,17.1330034925398,17.0135968599323,17.3496246515631,16.9966276755423,17.086976082887,17.0914179909873,17.2594441273324,17.0458998530221,17.5558594274259,17.2130492599754,17.443516682657,17.5679423538269
Q9VMV9,autosomes,17.7035877067968,17.8248416168606,18.4502945821832,18.4701834472245,18.1027682350592,18.4006432478521,18.3391079676516,17.9432462105678,17.4518867902366,18.3164407479887,17.4864237689008,18.7840231790288,17.1218413631425,17.7665964050098,17.1961994409405,17.4303894413935,17.2782074516636,17.2002928616241,17.8928800973659,16.9302766419709,17.772515917976,17.5678259968937,17.2655259899521,17.6375926264629,17.4281940536127,17.8608600653867,17.626895183109,17.6844230349231,17.7072011425685,17.723542649167,17.5028343492706,17.6890970690229,17.6652313897748,19.0255740270173,17.7639795537412,17.7123676196202
Q9VMW7,autosomes,17.2338696506609,17.7532069733256,17.5346900184876,17.4530804764739,17.109243716837,16.9955031014147,17.2447428452117,17.2911639772805,17.32044012635,17.3630778808098,17.2073066004155,17.0451991974587,17.5313869110628,17.3676097206672,17.4768400928554,17.2298769131585,17.4437237697741,17.2625995030256,17.1980133178249,18.00971037294,17.6100117493224,17.4290946900678,17.7758014036005,17.616176322982,17.0970543584025,16.962166479094,17.4013399352403,17.4151575142542,17.2657893874281,17.228342677745,17.4914055400885,17.5300932032307,17.5284790134197,17.1955076633514,17.5441612438989,17.4508242767119
Q9VMX0,autosomes,4.22480474212415,4.22480474212415,4.22480474212415,4.22480474212415,4.22480474212415,15.763155936622,15.5525626039773,15.7458952508653,15.8981911976419,15.7885096531238,15.9463941968004,15.1853772881462,15.8040572881335,15.7729713808964,4.22480474212415,4.22480474212415,4.22480474212415,4.22480474212415,15.7040514087083,15.918994190176,15.941032830318,15.7757585943589,15.8459291211068,4.22480474212415,4.22480474212415,4.22480474212415,15.730361665893,15.9233199257975,16.0997919692102,16.3535081175139,4.22480474212415,4.22480474212415,4.22480474212415,4.22480474212415,4.22480474212415,4.22480474212415
Q9VMY1,autosomes,17.2901335047288,17.7494291951991,17.4909530378201,17.4889951826106,17.5440558525811,17.5644566975968,17.1082661073503,17.5038846851828,17.4553664874507,17.5074692443162,17.5740019978728,17.0608613410099,17.1459180678869,17.2270859898429,17.3994510788938,17.5883665759987,17.369539724894,17.2975741793603,17.3927735512651,17.1719793134536,17.3784493021811,17.1936420378654,17.2523293892998,17.5200468638503,17.5366870403282,17.5965223289808,17.3566627309977,17.576851161292,17.6584305327752,17.6091098592253,17.3950362560444,17.3094617502468,17.0192743737249,16.9950531515881,17.156429162908,17.1722755170898
Q9VN02,autosomes,10.3982929880746,13.3743981852131,12.8744994507287,12.4807939856741,13.5195800132894,12.0781586543137,12.8113337742616,12.4985498093514,12.8500497919007,12.3088704191373,12.3133465932571,11.9309464928533,12.3132820215895,12.3726485667037,13.2683226562461,10.779784297918,10.3067070168761,10.2596448166685,12.439823068202,10.7692060032973,12.4440569750859,12.1953801232807,11.6553835802719,10.2058833173125,12.7641784193155,13.0267556319781,12.4440081797069,12.916370127095,12.4837477048881,12.0768715199997,13.3733061651537,13.3439923804482,10.1846760418909,12.9437290780052,12.9481978157211,12.8037491439343
Q9VN06,autosomes,12.8918823696354,12.8185303211152,13.8529623919252,13.59259802439,13.5238815153876,14.6242528243129,13.2083453487624,13.6296268341317,13.7063232581021,13.6660086139651,13.819298780868,12.6976384832886,14.3454734789344,12.9135917723742,12.9541489445367,13.5015237952046,14.1693349583726,14.0095338586675,13.9381314218525,12.6565680680082,14.0284343563874,13.9811665068354,13.3914404593505,14.0363853677004,13.8664015293086,14.4430338933976,13.8265882642344,14.0494503594191,13.5448489662662,13.5966544705003,13.854299337955,14.1179894478084,13.472476751796,12.2522702687965,13.2660034180829,13.3143005896843
Q9VNA3,autosomes,17.2009236225878,17.3975302500678,17.0805883357905,16.9795097930882,17.3261943801961,17.1778152988746,16.7062408290687,16.862708484373,16.838770857877,16.898092578237,17.0522280467192,16.3854941326821,16.6969451468841,16.3710643963789,17.3009094612914,17.0057843107398,16.8996815297391,16.7885620911981,17.1915647474852,16.2767761430057,17.0363168297833,16.9029452937248,16.9028661905206,16.9514675563776,16.9807775950922,16.9288101080216,16.9899356014431,17.3335479056054,17.0031141937836,17.0653931086171,16.7529960275772,16.7713600449239,16.5531510767467,16.2008408183542,16.5217440241207,16.4587952853251
Q9VNA5,autosomes,18.0414945731274,18.0891113163447,18.1271545884871,17.8674106683873,17.9994834060428,17.7389536975755,17.6680139982595,17.7190010726753,17.9572513446409,17.714735424304,17.9309415172841,17.4627358696954,17.7894566424376,17.7075151511423,17.9580788556478,17.6422309187883,17.7907157397597,17.8826449293196,17.7186864028485,18.1872127612131,17.7858639902058,17.7670431319483,18.115618825084,17.4396517774744,17.7187388849223,17.5141786999437,17.852808060681,17.7441210487912,17.604479131775,17.8730608348605,17.912581907319,17.8763208490918,17.7748360938475,17.421114550822,17.5894205367238,17.547502768385
Q9VP08,autosomes,14.0158010016271,13.3004199187442,13.4218497098839,14.0831754821114,13.6186840312093,13.3668597277017,13.5461568405351,12.9063647792026,14.1162191989339,13.1578760132766,13.5923985225364,13.3642300966778,13.6448115201145,13.7047325455016,13.6684972629259,13.8745738996255,13.5729896677177,13.1903800369833,13.8653617877706,13.1146413882753,13.0443870062257,13.3089703999303,13.1465950147059,13.025927919919,13.5298694376727,13.3439870832558,13.5368667046009,13.1157108859162,13.5464331373135,13.5562634743051,13.6573724479205,13.1242331555887,12.9501880941038,13.2896651336589,13.5676608561403,13.352736187891
Q9VP57,autosomes,16.152486988141,15.5768501180832,16.1624606700311,15.7266242719899,15.8122826496088,16.1256877615802,16.3871339613406,16.2102401329842,16.3179567872551,16.5236346038617,16.2115561065389,16.1620661721269,15.8042010744292,16.0933586883981,15.9390603083345,16.2244003397352,16.4007630693269,15.9116870303394,16.121551268987,14.5105849608891,16.0766412838264,16.1921365712628,15.8039537104497,15.897837872644,16.0795875978045,15.9756132281794,16.0276334496488,16.184306527553,15.9851552432379,16.2028468495004,16.8068122410592,16.4322954731224,15.9861437964824,15.8385279882119,16.2054057808934,16.1538407126313
Q9VPQ2,autosomes,15.5195984850343,16.0345346849964,15.5514907101816,15.3784333807103,15.8272393906674,16.0190841075167,15.5690577282848,15.6815482343576,15.5157799848943,15.6303048470151,15.7535112088457,15.5458620214689,15.5290253894777,15.4716892898451,15.7521844690535,15.5097172323196,15.3134359154031,15.6085704493285,15.7347794730908,14.4593179356134,15.5898473460399,15.6519676599357,15.2285808968498,15.6675881816028,15.8576848167661,15.6624350182615,15.476903668956,15.9006495744011,15.4818597271663,15.4448109207407,15.8885068826884,15.6779837281593,15.3369436764814,15.0403938765275,15.1131794233102,14.9788031035916
Q9VQ29,autosomes,19.4411973952234,19.6489935467808,19.6238525851909,19.468439263251,19.5470397891096,19.4626571244792,19.3387423088336,19.6055590951894,19.5422432150394,19.5252131466018,19.6543942251139,19.2034266790288,19.3337213540746,19.2622539267152,19.5121754544584,19.6211951101125,19.5423739659771,19.4723304502995,19.5169759418874,19.5969080381834,19.4823811446285,19.5102638095341,19.7008798842778,19.4719810684913,19.6009878422846,19.5803192344127,19.63252846721,19.5056094569977,19.7232782170879,19.6094019541792,19.7345410656695,19.5947436806985,19.3198975592563,18.9926112382273,19.4158565475606,19.4123115800837
Q9VQ62,autosomes,17.067502745738,17.4528231641268,17.1887910216463,17.1597512230249,17.3102734101088,17.6747021801813,17.3239690279403,17.3778413591592,17.4171573473133,17.2504080806307,17.543132368011,17.0179775559142,17.2967667372596,17.5276844792275,17.6269564692355,17.4525875765131,17.6343128390959,17.4810191974428,17.9179445235184,17.0943554248173,17.5705734302679,17.5648329873124,17.4065794822583,18.0876531250786,17.9283290575592,18.1452273874845,17.8801063554361,17.6952264646513,17.8938792398586,17.5075364423711,17.4991919339122,17.6210209170897,17.3775296729666,17.3661878007273,17.6182943735651,17.631248806248
Q9VQB4,autosomes,15.1688052061536,15.292502920901,15.4144832021494,15.0812569971197,14.8859141105583,15.0924708069599,15.4371359082719,15.0234972637655,15.7145316444682,15.7380322545014,15.5258545662021,15.0761357233909,15.5729651835158,15.6286888371895,15.5040310559188,15.8528039563012,15.6938425370602,15.6826161213938,15.4428354305624,14.8851149795039,15.5548254738658,15.2857186893819,15.2945222701462,15.5797235409289,15.3997425990249,15.3591633594005,15.4923746851082,15.6492172789477,15.2486374176667,15.452528813972,15.8874864868529,16.0151126129244,15.2443160956166,14.7950939416513,15.3976083756616,15.2833795637833
Q9VQD7,autosomes,18.0903672108589,17.9547011519587,17.6876024262181,17.5954649775349,17.9509482193316,17.492263962328,17.5485173639714,17.6180849125391,17.5595978542095,17.5687740107078,17.5369386462531,17.5111433014988,17.4698098167042,17.1328447342319,17.7079402088911,17.6398080610267,17.6801744138112,17.8414420323701,17.5210533610985,18.1720297082998,17.599164041428,17.6637376200486,17.9028804033134,17.4887894622236,17.4997567182686,17.4076827689713,17.7748438112892,17.6257841318123,17.4399904518665,17.5962278970788,17.4455244058704,17.3140075815386,17.7507591668044,17.2980542484074,17.5340227743916,17.5496320489896
Q9VQD8,autosomes,14.0130952359004,13.8208265655271,14.0310537130923,13.8262901685982,13.8413465607942,13.8278489506742,13.8406994416379,14.2967869263038,13.8927464346951,14.352683628982,13.3469215212656,14.255826270322,13.9782074943303,14.3842764398831,13.8395186347347,13.6576007413935,13.8767156634398,13.8927762633796,13.8819214564181,13.6179890423297,13.8630117164931,13.780966542131,13.5877636716513,13.8830594411862,13.7907693965209,14.1730151819557,13.774277432602,13.3860286718943,14.268270281849,13.5704900965515,14.0213404705378,14.3660633988465,13.6981440596014,13.860854095056,14.0429577477528,13.7980699512122
Q9VQF7,autosomes,17.7268770065739,17.5500738780708,17.4666713479093,17.0621467578214,17.4260011761924,17.7381570409136,17.0457575047677,17.0740360265164,17.0994845965018,16.926700694569,17.3830912684356,16.4644169815264,17.3400732413678,16.8574093880905,16.8545943531365,16.6526303331023,16.7383160909815,16.5482339592378,16.8412063721264,15.0906581837667,16.2698896480073,16.583320772594,15.9760639402611,16.2102857612415,17.3540274058384,17.2607401693316,17.316858480837,17.0150900696993,17.214309720631,16.9656153413051,16.6149980890497,16.4523960832653,16.8564483161714,16.2184100977952,16.3188710987513,16.1739849747531
Q9VQL1,autosomes,15.498835913902,14.098288017732,14.9846390134969,15.4741664112137,14.6038473909908,14.3788290176905,15.6101930206642,15.0305917282039,15.3231417018709,15.1918031457664,14.7575391969883,15.891113830101,14.9622910089444,15.4010669472921,14.6581778687518,14.6227114506995,14.5730132654643,14.7277678359141,14.8883916498612,14.9126339283497,15.017621698491,15.3757431280683,14.7449754857225,14.4022547197293,14.4286786850685,14.4325810265606,14.4011589482806,14.6071641224876,14.5024090225625,14.3589476778764,14.8069043457944,15.2628340288735,15.3689608403164,15.8654760936843,15.6560242471938,15.7245427536808
Q9VQM2,autosomes,15.0269790733358,15.0824707502854,15.3787704148152,15.4450330793722,16.1434390897653,16.1051334521106,15.5276386093726,15.6865640935282,15.6738090138839,16.0304605384196,15.9518391711491,15.4639509541125,15.3852461898981,15.6649256170011,16.2462119929928,15.5127413805336,16.3400965778766,16.1046543975973,16.1765018989738,17.0112978048831,16.3691346605545,15.9886057374359,16.9128572650392,16.327131841402,15.8104092049409,16.0960895728896,15.9917069482254,15.9127672909452,15.5357460787788,15.7879897224589,16.6007004004052,16.5253095953278,16.3720463946237,15.9167566313668,16.4190191733764,15.8273819049078
Q9VQR2,autosomes,19.3772935409638,19.5251103902857,19.390186108682,19.311673841865,19.5543656975254,19.403159999423,19.2132017900404,19.408707970689,19.5361619480095,19.4505245310132,19.5658790993146,18.7662375525274,19.128343280151,19.009224535578,19.4045343254066,19.5569261872276,19.433069171657,19.32886372088,19.5202957656106,19.1085489168993,19.3253891395688,19.2983888503058,19.317329592405,19.4358486175967,19.5750024269693,19.5117400775093,19.4234339599745,19.6666616841676,19.5188637427164,19.5133693374749,19.8099104032588,19.4467017983072,19.0677497198595,18.7015587747532,18.9433906455486,18.921529009108
Q9VR25,autosomes,15.3895435253319,15.0933021134005,14.8655170453919,14.8262020272509,14.9550441018601,14.8688505809121,14.6752296620667,14.9352409076323,14.5712025840295,14.4556309708133,14.71182391156,15.3446231704482,14.1224741315819,14.6661868964037,14.4418962122171,14.6356586190592,13.9721305480133,14.3007840242056,14.2430908859216,13.7775977626509,14.5979449213303,14.4909556813509,14.2763796136752,14.2722568445055,14.7843469438811,14.6061870481438,14.463908095134,14.6283005452193,14.7231396905563,14.2668262338995,13.9630039916233,14.1193209074051,14.1519059678609,14.858492163214,14.4466322171884,14.2309108001893
Q9VRJ4,autosomes,14.6541320748376,14.3037938938232,14.8716926547547,14.4999451383505,14.6104045453066,14.3261272803494,14.686281810582,14.562428372741,14.6798037204519,14.2703136630507,14.4520402530449,14.6136366761159,14.8000340102228,14.8004633392994,14.3479525935147,14.2830113886725,14.3282059270421,14.0325030874427,13.9405708746517,14.8788553522357,14.2596810773296,14.4406398165164,14.540730593047,14.1483800784763,14.2018701661568,14.0166281706897,14.0190236849904,13.9366022482828,13.8041090728446,14.0289878626041,14.9347470340944,14.6281508808435,14.2924382558062,14.5186363151447,14.6400664576897,14.7731367145661
Q9VRL0,autosomes,18.9395755827663,18.6873625176307,18.8233803258597,18.7022900662643,18.8594433886367,18.6900958974692,18.7724676625281,18.6819832216504,18.8022755868694,18.736226784245,18.8182890269805,18.9111879160086,18.1787933064288,18.2510540676732,18.6836880975739,18.8683083083325,18.4528538221428,18.5150895401556,18.8608153224712,18.102110637012,18.4857129430807,18.2722666467109,18.4211993135964,18.2514692937626,18.7151312921094,18.399754334992,18.3871223708948,18.3851015086064,18.561682734511,18.2194020956653,18.4849295974239,18.4323473949021,18.0640132924762,18.1551954371795,18.1121468286517,18.0566842826635
Q9VRV7,autosomes,13.7446488638891,13.899448556235,14.4015576351279,14.3059716714254,14.6097379647114,14.4253587909501,13.8739539689364,14.1227910162883,14.1802454595234,14.2737943214813,14.5632410977811,13.8966686136283,14.2404561067954,14.1753880599804,14.6507483929779,14.3807438558442,14.3152998458782,14.2178965946152,14.4294635340248,13.545345496882,14.37076868735,14.1954609473939,14.3623791264292,14.2147131852849,14.0331297629791,14.1276962870462,14.330232349901,14.2483844549143,14.0843619629433,14.28355838906,14.4941195553351,14.4721028739219,13.9516667615801,13.9771145283068,13.6930854633894,13.8751466654761
Q9VS34,autosomes,15.608733276709,15.607672422145,16.274637399558,16.2032097406553,15.4179184346677,15.508113820889,16.3777269228963,15.8013974539474,15.7066434394345,15.7595030068901,15.7805826411142,16.9883813894066,15.4473556126985,15.7586569704717,15.308429307994,15.679612779245,15.5736941654133,15.5441310050017,16.3134140227605,14.6076924197363,15.8566398714019,15.7306618480037,15.4502045333785,15.1367709901584,15.6837876482373,15.6775794346219,15.4610995524872,15.9156156625121,15.7210117190199,15.5460963274259,15.9149189761013,15.7470693116171,15.6612782597326,16.9707361940689,15.7733247456147,15.7013787720307
Q9VSA3,autosomes,18.6728403513999,18.6012867452266,18.1364345296324,18.1431768126629,17.2845398973168,17.0662291046748,17.9829132016806,17.5902712960515,17.7289275298297,17.7287093206539,17.1546230987799,18.3593962392844,17.8800752323017,18.117993132541,17.2323901891683,17.2523962370914,17.2203832469535,17.2899107602001,17.3297714368297,18.2866068509912,17.7105194542336,17.9623908978375,17.7740699651599,17.1894401249075,17.0136827289562,16.9971670730344,17.024550723515,17.6016238769044,17.2027775944428,17.355531277361,17.5441763086713,17.5111580257986,17.9244571686034,18.1960664170006,18.0162746430134,18.080640773706
Q9VSL2,autosomes,15.8763193176862,15.4948287127819,15.6268997576339,15.9077522315562,15.4240959945388,16.2558519114497,15.8899353486537,15.8418142925646,15.9679392144608,16.1081742507109,16.1586570198023,15.395207617764,15.8916160456483,16.1493596079513,16.1066107850423,15.8042379891927,16.1208622947598,16.3824504425184,16.3318800050351,15.4295618515323,16.1785693068866,16.0591985051945,16.1540217078011,16.0621686540256,16.0619423325458,16.2625412505299,15.8511169702078,16.4913690596833,16.2843481976661,16.411104418131,16.4735533356246,16.4038331636811,15.9359577902658,15.6371645766068,15.8399218013002,15.767092405629
Q9VSR5,autosomes,16.6687156628623,16.6166644049506,16.9182892319182,16.8013953118906,17.1009984755811,17.1748832658987,17.3666739887928,17.1388375649832,17.3159652376155,17.2785682397082,17.1382614327078,16.8836082373257,18.1273832987069,18.0742035515856,18.4784278322146,18.0108082605848,18.5016472005337,18.3388112289308,18.2761503507577,18.5491528117705,18.4336190718739,18.2257409547574,18.3623597788878,18.7364683709995,18.3620327822629,18.5958850787911,18.3838454176685,18.4679724535573,18.3993104301102,18.4034311669339,18.2573726078855,18.2849430963174,18.0290348194032,17.9147247226644,18.0246806447838,17.9927851478106
Q9VSU6,autosomes,17.0775361570884,16.4896745661007,16.9278502971985,16.715568423471,16.6253758259105,16.9568842441224,17.0028445148671,16.974058735221,17.1429544509573,17.1641386519739,17.0128447285341,16.6468209187621,17.1253618114044,17.3300759436045,17.4477152939395,16.9707304489172,17.472567327931,17.4721426773819,17.511670769319,18.0799578297835,17.6724832870449,17.6233041666925,17.837660865148,17.525454695011,17.4390283551958,17.3884339961284,17.2111451459623,17.5746946237358,17.2984287174485,17.264481760355,17.8861957263577,17.6910588455428,17.4830819316546,17.3576923742928,17.6897730608421,17.4481562087115
Q9VSY0,autosomes,14.7407930228038,15.528553019655,15.2619420628926,14.9369838964458,15.377157635666,15.5986962076706,15.3046315033316,15.4424843483691,15.3083516748488,15.4024202846913,15.2918482013495,15.3084175004601,14.6002211311926,14.9825559726117,14.5576245645721,14.6243971313008,14.8361540256222,15.424441694157,14.5471794803904,14.4686552333111,14.7897434171907,15.1534307653315,14.5425453266047,14.5626584773134,14.9533114851057,15.6489970786645,14.3793309518251,14.7352742341231,14.7544145979646,14.1741895495347,14.7146568404641,14.4389842870132,14.6516950941042,15.1958152286127,14.4896567787827,15.0901291862296
Q9VSY4,autosomes,17.4164721813107,17.0797682514598,17.2728106842399,17.3853827958039,17.2177980585784,17.2545237201165,17.7075905786687,17.3640308437977,17.4804998001288,17.4477780847044,17.3737864911176,17.3643630318051,17.3495797351127,17.5122785417435,17.0908190802016,17.3592453763032,17.1996209320225,17.2135249353085,16.9902161910758,17.1776242453366,17.3633068618042,17.3190672916961,17.3254910464567,16.9655484654203,16.9767863539771,16.9695311508774,17.1440505950546,17.0820096435191,16.8814090090316,17.2123053785829,17.4123561144341,17.3088458114984,17.711821187798,17.5912426351933,17.569736952243,17.6792899766956
Q9VT51,autosomes,14.3314755364456,13.7783149868171,14.4597957433807,14.4315551115816,14.7473670483722,15.3561632146774,14.5657724614493,14.4491034320206,14.939044987631,15.0892596806959,15.1825456954087,13.9214351184213,14.7292561106052,14.3865096658992,15.5809899631612,15.9093117293561,15.9471277204257,15.8190901537531,15.906826682931,14.5288115465825,15.8212655822685,15.9438823623851,15.4722707686833,15.6224679043675,15.783882492111,15.6420555878377,15.597622372541,16.2367588876062,15.9653434784294,15.9215206394039,16.6634377190148,16.3173300963654,14.9509168826493,14.2645543147402,14.5592592578018,14.8133040723025
Q9VTB3,autosomes,16.3846034183348,15.7326733864558,16.1568217246382,16.3283419985534,16.1334969223115,16.0300659350984,16.5614008021515,16.2418509258138,16.4099213846819,16.5039919850302,16.1209509651762,16.1509468564896,16.4816187479639,16.488486108779,16.4460684408253,16.6759158108668,16.5747762260485,16.3543156243168,16.3717656711372,16.5205551864362,16.5621833029064,16.2671535782951,16.5582946064036,16.3914731463367,16.4974645651851,16.7116013990364,16.2963537037108,16.6303371314666,16.7464141163021,16.5548336828955,17.26809877449,16.6467675160113,16.2806662831922,16.1230621277328,16.2818326201955,16.3138388502527
Q9VTB4,autosomes,14.6742230425357,14.5713948710531,14.8320426927327,14.7964034535058,15.1000745061302,14.7384817720479,15.0012971800042,15.12364733027,15.0796935604454,15.0197098409554,14.7767446530298,14.6275244952731,15.3750928398737,15.8864002247221,15.431448889613,15.0214928498706,15.8995352627416,15.4731708484402,15.4655550668429,15.8587153480689,15.8178641306264,15.5724705864105,15.6680723186968,15.2782616966227,15.3454451331038,15.4169801494996,15.7522327944252,15.6649194269209,15.7467674841611,15.4547532473006,15.8530170122401,15.7898186988605,15.8904016502573,15.7577496509496,15.5514632137683,15.3090804041532
Q9VTE5,autosomes,17.2090086130254,17.1684587709533,16.9421523555751,16.8795162320905,16.8402249525706,16.7071544313986,16.7120580152511,16.8289966380732,16.9265129944372,17.0654483926117,17.0144894664137,16.9320375334883,17.1682942625785,17.0444248510254,17.275143410759,17.061319912121,17.1037165918201,17.0845653780985,17.1072574265519,17.2063481597226,17.1153378882288,16.933882074116,17.1289429290476,17.2465458053867,17.0141013011058,16.9917539392696,16.9922431698201,17.1336371568043,17.2079636610772,17.0702324632896,16.8558306795023,17.0727692596068,16.8454812775685,16.5858123705519,16.7230990275363,16.839175703156
Q9VTJ4,autosomes,16.2487204805512,16.2176716855211,16.3550574948113,16.685228353708,16.3039153493759,16.6234586707572,16.2961590128015,16.7402505819916,16.567350794688,16.2832586942415,16.4809950047759,16.1508812759155,15.951930946748,16.0512397983725,16.5619221041279,17.4097797912574,16.5315688006328,16.224516805754,16.602233801985,16.5168993032603,16.3402268176174,15.8645014641484,16.6273280036356,16.6328750986326,16.4153550961084,16.3968956886383,16.6796675562535,16.7923704987993,16.4381792830708,16.2381588935292,16.2634570392945,16.7503682423575,16.3848740693712,15.965128641067,16.4660486902782,16.2970690476044
Q9VTP4,autosomes,16.7672050672931,16.8529895335749,16.8683732841378,16.4120120739411,16.665133724967,16.4113858200922,16.5207473216944,16.358172447171,16.533117386688,16.7105418073565,16.6819644694093,16.8623056255049,16.3336243748659,16.5177173192479,16.4608697871664,16.3503943412479,16.5190014168736,16.8950294306663,16.9532693296991,16.4920103237851,16.6386505249432,16.4640031583862,16.7371077692855,16.3199945664333,16.3729440049037,16.214718937689,16.2782433555658,16.5321270952374,16.4619460694915,16.3867925259342,16.6995731573938,16.7265948329366,16.4069438060794,16.7396941713663,16.4755671655087,16.3811314210177
Q9VTU2,autosomes,18.0755481772576,17.8876588030222,18.0573992834667,18.1047140828075,18.0178027562568,18.0516401632931,17.8122084531179,17.7367619479663,17.7741314778668,17.8829709277935,18.0068360044122,17.7117528295805,17.6682427091146,17.4476449985416,17.6868315982747,17.9720891281836,17.6920460015027,17.8063877940659,18.0234459486741,17.2582684371786,17.832849857975,17.6523519792892,17.5258893359693,17.7524413613308,17.92083036104,17.718468579275,17.7948159963408,17.9385439326051,17.9632548090325,18.0650446450423,17.9042262577815,17.8002976493487,17.3592885795996,17.953746489841,17.3616165585908,17.4537682118131
Q9VTW1,autosomes,15.014863113119,14.943205102102,15.020230707292,15.0769714972664,14.3212250299953,4.22480474212415,4.22480474212415,4.22480474212415,4.22480474212415,4.22480474212415,4.22480474212415,4.22480474212415,4.22480474212415,4.22480474212415,14.2644450022122,14.2260504440805,14.5987373985029,14.3389251097099,4.22480474212415,4.22480474212415,4.22480474212415,4.22480474212415,4.22480474212415,14.2883287620163,14.5067963079967,14.4567651033655,4.22480474212415,4.22480474212415,4.22480474212415,4.22480474212415,15.4414000248627,15.1859024101366,14.7768534364961,15.6049417506432,15.4746694723143,15.1099148305512
Q9VTZ6,autosomes,14.4818502578417,14.5034900529017,14.3285533236792,14.3957065152432,14.1979496599493,14.5926772502364,14.3672045615939,14.6052082133896,14.8559794679947,14.717155695653,14.5225309753972,14.479713949617,14.5321609379878,14.2895959771884,14.6558533279826,14.4544492426126,14.6040812456206,14.8360508493529,14.7499779086419,13.7368741133566,14.7706159823727,14.6053106452264,14.3341405931391,14.6508476177971,14.6742609574915,14.3925083700807,14.6968346396594,14.9294874613036,14.7095140012534,14.7098404719263,14.7817684688225,15.1622203397954,14.5360765142949,14.4207493300402,13.9895528400512,14.5882827839503
Q9VU15,autosomes,15.2072037777209,15.3970916238019,15.2036874245651,14.88921147573,15.2389578940694,15.1507296506894,14.8022372778038,15.0965584027286,15.0282819854259,15.1733835526765,15.062816211242,14.4275965508607,14.9423463638923,14.8828342460592,15.1981382493187,15.2576677674892,14.9715361035793,14.7667745004924,14.8355154224861,14.7703919846311,14.9427940285824,14.8475019379054,15.2315038932013,15.1588958353806,15.1494704670332,15.2147273227379,15.3774170524856,14.9171322158372,15.1743081209891,15.2320479056354,14.9760989112202,14.6424169090955,14.9023118250459,14.3365648078782,14.8450154973447,14.7514773437593
Q9VU35,autosomes,17.1005412165636,17.1196484895289,17.4598617595509,17.5510524671786,17.5891606193424,17.8927640160758,17.9200501034321,17.7444370513194,17.7291885436808,17.9308902684028,17.8598259040865,17.5978928310428,18.9408109733999,19.8734725290875,19.1123478099904,18.3285577313343,19.8361630297106,19.1079651773021,19.5737751458946,19.9777772134744,19.6081244269946,19.4573210864909,19.8909807316101,20.500383199571,19.0746585623935,19.969624478939,19.7696836393332,19.5496895264239,18.9464597818132,19.3571694944377,19.5984792728874,19.7021926477153,19.6247091845251,19.4217116706692,19.5237453072699,18.9409741677405
Q9VU68,autosomes,16.8880566752633,16.4149303504755,16.8969576251565,17.0003316120185,16.3145357708233,16.3583966223955,17.062343978043,16.5397548957917,16.6400739877059,16.7044881659479,16.1896241106083,16.8566919777925,16.527818227891,16.3867892815838,16.1322805863934,16.6572649590901,16.4994882874043,16.0672808304344,16.3209085492721,15.6443926504416,16.4531695496544,16.6189797217596,16.1227936471919,16.0323318208709,16.2111870178769,16.107621568669,16.0948694144398,16.3568860587099,16.4766257051084,16.3355744138203,16.6678067659858,16.4955998665843,16.4231520939668,16.5877484282328,16.5570982114196,16.4770613391131
Q9VU84,autosomes,15.5836833591057,15.4449254037825,15.7989835234099,15.8088762131074,15.6109170927633,15.8511251310382,15.9758090426893,15.9991237539874,15.8075939677673,16.010169830873,16.0345803060362,15.6419407802855,16.1175302475053,16.0400179688363,15.8390985566043,15.9961196930647,15.9335127012982,15.9043983435565,15.6448497319041,15.4553031697844,15.7869504043462,15.8055152245713,15.7735903362878,15.6341912732467,15.7704063867491,15.904521261449,15.9786043802741,15.8715871096786,15.7632405146775,15.6809079619288,16.4171581434107,16.0550536056339,15.9724460162683,15.7426339130751,16.0552655804067,15.9941383690324
Q9VUB8,autosomes,16.5594743460751,16.4986377493343,16.553848007583,16.4129861003602,16.5622497659071,16.568092920051,16.4443285004639,16.6494799787124,16.9084281588809,16.8136617816765,16.6366266051849,16.0362410392588,16.5268167740201,16.6914410305153,16.5397241233372,16.7935110054838,16.7271683119953,16.5750013585565,16.7525074374136,15.8503429136266,16.7236954601537,16.3386718494795,16.3827600372241,16.4825604166118,16.7118637219951,16.6261660590309,16.5796113619309,17.0026969412226,17.0350928286594,16.7653771584224,17.5464297541676,16.9241463760483,16.4410021918748,16.0307478208965,16.3907930079011,16.5064762512356
Q9VUC6,autosomes,16.4560896235223,16.2684453779486,16.9013353724202,16.3200561671892,16.3258431106972,16.6025185834872,16.8936733049416,16.9104399716441,17.1445084428939,17.1633847504769,16.6827493215382,16.1869501162278,16.7111554874035,16.9058622294749,16.8779764585278,17.3436567829418,17.2962802466904,16.8945603357968,17.2526498242887,14.0833786588521,16.8944687211869,16.8308538566385,16.4595613132497,16.8538920793208,17.3368145349667,17.2285360452101,16.7597583844844,17.4853219794429,17.2196329485635,17.0827774406957,18.0534897138899,17.6526822076493,16.3998417195211,15.825271080503,16.7002557354948,16.3930787773489
Q9VUH8,autosomes,14.3678231080708,13.6334595163902,14.2591079186708,13.6478881228075,14.2571182642777,14.3257095081941,14.035596937817,14.3357229197826,14.1853597364142,14.3826916117021,14.6212300035785,13.7972592389384,14.8706923427668,14.6989310052635,14.2686487278215,14.671739735796,14.5010977435898,14.2075555255701,14.5298746446159,13.6785477533321,14.5972303420328,14.5431897328171,14.2548482526946,14.3892149132191,14.610470645643,14.6834627915515,14.7461472104266,14.3446970715712,14.808824238275,14.640286906747,14.6636250073951,14.6684301165596,14.2316378616882,14.3947899898563,14.6527168817328,14.2459393883569
Q9VUZ0,autosomes,17.9899510516023,18.1269011243419,17.9111161397016,17.7149646958453,17.7383690725022,18.117533515458,17.4065920285113,17.7067359079485,17.7277492195905,17.6873541274451,17.7931397890506,17.2038514586192,17.4397445740708,17.514808882075,17.6815668077629,17.4979733634344,17.5419482048226,17.4851125386664,17.8080208147646,16.3138628805628,17.3254867144989,17.4230149599784,17.0564025674081,17.1100242503542,18.1233169848178,18.157669593558,17.6936216542316,18.0589307942447,17.7924145328581,17.8843847712948,17.4938805344493,17.1009499915879,17.2771317950728,17.1227760812299,17.0790291884026,17.1100776110502
Q9VV43,autosomes,19.2275344842114,19.3954551233236,19.1715893267404,19.1761628490495,19.4652449389341,19.126804675311,19.0518922897497,19.0696463688212,19.3143404989496,19.2351470869464,19.4367938669489,18.8076201381414,19.0560586534467,19.158927117517,19.2407795483766,19.1852562784782,19.2301362689728,19.2367118382916,19.1391035411939,19.3584018080727,19.1649935719498,19.0078861311918,19.2949037667835,19.1880417168315,19.0820516068009,19.0819171789386,19.2902456297566,19.1906632245424,19.1703401222426,19.1568126032279,19.2397793490747,19.2479970096663,19.1765682371058,18.795119360322,19.0605659459271,19.0999608638875
Q9VV72,autosomes,17.3359915960154,17.5476377312893,17.5706561325444,17.2818007232172,17.6417775591109,17.9010666120099,17.2462733905122,17.4746616423755,17.4311139572886,17.5315626076986,17.5012671176627,16.9126161235473,16.89981180287,16.7956944909673,17.5286451582354,17.5621307748207,17.4903948706718,17.2355596280316,17.7229349717401,15.8353655671846,17.3032193986504,17.3785626923119,16.783132556774,16.8593523271733,17.8314936467967,18.0097851488326,17.7694981919407,17.8833867068829,18.0073064994191,17.2527503877421,18.2692426384233,17.7744040826144,16.6387979956044,16.4951430176145,16.5820360659571,16.3794107122324
Q9VV75,autosomes,19.8285621104147,19.7695456881389,20.082066242203,20.3232851637982,20.655803984831,20.4826701688695,20.3066779183481,20.3226751204765,20.2717715531367,20.2563907796998,20.286312143154,20.1839002520697,20.3847225412076,20.3080935028849,20.3648246693424,20.3927554142492,20.331822311131,20.4752291783054,19.9891939116217,21.1490096940499,20.3712282065553,20.6002126064604,20.7313981731272,20.0411476328817,20.009014429921,19.9031086198268,20.1499572107645,19.9470345271546,19.8827990900726,20.3962147772306,20.3397977755337,20.275536374908,20.8263854446245,20.4351770900653,20.7768779395267,20.788063929203
Q9VVA7,autosomes,13.3233321928728,13.7468621401008,14.3886768098956,13.9739989082119,13.3454902266009,13.3314860740047,14.2500822583193,14.4432030300436,14.5084504675564,14.2185190532759,14.2125932101353,14.1881940238996,13.8376523210533,13.3254679613374,14.0272175251769,14.0973990903806,13.6414901284924,14.0016196135541,13.9795758726394,12.7114989454996,13.8541171505915,13.414546669301,13.4398553304205,13.2769329820816,13.6770527442347,13.4414468828567,13.5783299333618,14.0602545752392,13.9640682976281,14.0476465866128,14.7346277512266,14.0827245236322,13.7293945343526,13.7590588237679,13.8615154391565,14.1111989511541
Q9VVE5,autosomes,17.1756171138544,16.9158028732882,17.2610114201865,17.208588958878,16.9856559886773,16.925711314864,17.3465758081694,17.3020629620067,17.4745853319782,17.4902197767078,17.2347264280665,16.9784919285822,17.2785432857889,17.3324773869032,17.5299103234152,17.4692114675518,17.6059297197454,17.5506270942489,17.7252664102822,17.0599996436591,17.705002709727,17.5561174005582,17.5320659128946,17.4143638949906,17.3859371609791,17.1903088339767,17.5365114202211,17.9337491624769,17.7927820785124,17.7200497286522,18.1363167771918,17.7319265834123,17.5616086761477,17.4052089489188,17.5855259516052,17.4634315649099
Q9VVG5,autosomes,15.5011534210682,15.6900705308712,15.8174553333018,15.7003015692584,16.4461888333235,16.139377460322,15.9800393062277,15.9211512442076,16.1950787269903,16.239362417551,16.0690832674412,15.6500223681592,16.2940819765772,16.1985569882685,16.8256481004335,16.2642704383844,17.096109466442,16.8222668127455,16.7268769953253,17.086814346398,16.6487960996489,16.898613697115,17.1014841885517,17.1192394121233,17.0726535773709,17.1783728861883,16.8828605437907,16.6973524337326,16.8509372847543,16.7325061579309,16.9741807593815,16.7139439732871,16.1299359758756,16.1617298928028,16.3316355607817,15.9767739438862
Q9VVH3,autosomes,15.7657980830717,15.5935574290732,16.0193182934038,16.0875154089492,16.4509105643238,16.1884701014688,16.2772075388302,16.0838274447027,16.2403593692954,16.4192046017118,16.3634334248746,16.0572521120561,16.3729372269133,16.3142992163948,16.2035364161359,16.0251551743661,16.3762503299235,16.3351565030124,16.0079252482468,16.6541913352385,15.9670987969843,16.155322272835,16.1726924315708,16.2254028735599,16.1932844010518,16.2876724673417,16.1890633660544,16.0532184071743,15.8802109360214,16.1803872502191,16.055751037526,16.2346275014623,16.5552553976213,16.1494371832066,16.4077001851387,16.2908411227281
Q9VVH5,autosomes,17.282563440283,17.2780591747009,17.5827274867884,17.5237486452189,18.1570731661341,17.7616738833461,17.626596253031,17.7116658402833,17.6324668801399,17.831617737973,17.7792270181017,17.5240099744499,18.1358290830858,18.3083046811198,18.2215058562458,17.9149266685405,18.5518941108503,18.2239529290731,18.0740562288376,18.9445195581144,18.0012971821312,17.9545375420018,18.4930359416553,18.8218381659548,18.3330781573741,18.5652138527085,18.5953316648624,18.4154418646968,18.017830592246,18.2370104057453,18.2791715798856,18.2321655411259,18.3838661395788,18.1476232467305,18.2040750242674,18.0148318909191
Q9VVI1,autosomes,16.6768855489715,16.603922350859,16.5745325123831,16.6276368661377,16.3442209321373,16.5564470605278,16.5498784627547,16.3756585661519,16.5740081876725,16.5849072024918,16.4767471253536,16.1882722105001,16.6383373429879,16.4494275881068,16.4664747676399,16.968135309744,16.5002271201324,16.1907945508864,16.2783205991368,15.2332296316356,16.4485795299073,16.4923492575405,16.3704785569073,16.0650719282799,16.3713480090262,16.3005539689275,16.3616282376487,16.6836896818897,16.518352004894,16.5954577187336,16.6201833272506,16.6943640408123,16.0865517124462,15.9771374124674,16.2942075187096,16.3685880241988
Q9VVI9,autosomes,15.6789173627713,15.5028726089064,15.7582045725728,15.552374140313,15.869790177815,15.8318499639474,15.3538415041116,15.5878870226303,15.9434747740022,15.8470001413113,15.8688659900571,15.5794708321895,15.3494886586508,15.1905181713091,15.8276294653039,15.881010620911,15.7962002238539,15.7816361164121,15.8738214270973,14.44267470372,15.8198317276806,15.6562671100586,15.3949707941723,15.8347420083915,15.6923725649943,15.7256203570037,15.8503710122575,15.8150285647374,16.0301893467359,15.8208828286325,16.0045970780678,15.9201223526219,15.4792327618929,14.9644664091607,15.4222381770994,15.2082509618942
Q9VVL7,autosomes,20.0388896740888,20.1729248165446,19.927300857987,19.9145681031922,19.0479232101098,18.6369208954272,19.6214164073944,19.2514091603793,19.0845681009976,18.9736832032579,18.5788103373423,19.7430686852801,19.3402605997133,19.3403397508058,18.3499558973319,18.5494553413261,18.3700668491262,18.48864870564,18.3023729122,20.0356762008628,18.7685032762576,19.2437037239339,19.4170854686585,18.3923635527949,18.3360426035258,18.2279566161382,18.2900203796496,18.4308330429969,18.2375007081186,18.4765904994335,18.6063991931492,18.514729471903,19.1528489879104,19.3546813173592,19.2538597557755,19.2466080615556
Q9VVZ4,autosomes,4.22480474212415,4.22480474212415,4.22480474212415,4.22480474212415,4.22480474212415,12.614170279536,13.4710577671067,13.3948598426053,13.4050676848065,13.4202649187954,13.6702796957444,13.1745933299411,13.7890121685609,13.1559050793369,4.22480474212415,4.22480474212415,4.22480474212415,4.22480474212415,13.0461911336955,12.0204905829993,13.829454643469,13.0320539513536,13.2329070438902,4.22480474212415,4.22480474212415,4.22480474212415,13.0675592042511,13.831190236565,14.0277221446018,13.141253140057,4.22480474212415,4.22480474212415,4.22480474212415,4.22480474212415,4.22480474212415,4.22480474212415
Q9VW12,autosomes,12.5647649182079,12.6284242565353,7.51668262392251,11.7643078577009,11.3551819507208,12.4514417954906,11.757713265612,12.2415340345728,12.3928683643004,12.4222206854435,11.7435168422662,12.4494900532715,12.0187664092392,8.79815093847568,11.3219045748979,11.7951415310474,7.61721511349325,10.8691494979988,8.60672189936255,11.1231301603944,8.35616763843999,8.28495357001213,11.2844862724409,10.7798895242108,11.0286319861346,11.6058913762683,11.7235242812071,8.46087365680197,12.1599104238693,8.42824506279048,10.9350986975257,11.3861370132703,11.3562284691042,12.3263756221092,10.6140512367854,7.49552661916036
Q9VW17,autosomes,17.2850403705838,17.5736117067949,17.7999292005987,17.5005127596927,17.4394383401827,17.2464730805426,17.4327211727652,17.4681662647959,17.6431017979711,17.8070721674237,17.558296647098,17.3066873634626,17.5615911966162,17.6594322912421,16.9846602259341,17.608766698192,17.3804096079109,17.0643405709658,17.3191321764808,16.3075888357991,17.155820413301,17.1168154463092,16.9065717142532,16.9750787027228,17.4646862962522,17.3355788391035,17.3603190181749,17.3566799813329,17.4811771766886,17.2820478593454,17.74821268725,17.5932554948045,17.2221449673143,16.8557282670907,17.2894874495396,17.3278257520084
Q9VW56,autosomes,15.4858123263678,15.4742317059183,15.6115009130799,15.239993029495,15.5838929348889,15.5188847198886,15.6822390084366,15.6249447050065,15.9408996824455,15.8111572421114,15.6998337685738,15.9395023215147,16.0188474823502,16.203249308005,16.4253959676853,15.9353765175481,15.9403862096594,16.1394988712131,15.6232908876443,16.8243681794439,16.1275969994096,16.075611847831,16.2786298294963,15.9103791375294,15.6964777271866,15.7499608863509,15.7760299370154,15.6142695496314,15.3462592254962,15.6320668401189,16.2770887914388,15.9524753369889,16.1789101041576,16.0201977483469,16.3915332665705,16.2783385072537
Q9VW59,autosomes,17.9229188074784,18.0950654072783,17.937215772755,17.6300878765699,18.0498650022179,18.1571125910855,17.7515571000166,18.0847146436311,18.035408680297,18.0400846453123,18.1289250241701,17.6231553785177,18.0422207768758,18.1471307217916,18.1545787367026,17.9232152438602,18.2331729124525,17.918118282719,18.0247136999321,17.591929191105,17.8180269765753,17.8228786227452,17.7657116360884,18.1463113844451,17.9457842797665,17.9050101523551,17.9716865135741,18.0891707134989,18.1206505332204,17.8759815119004,17.9612523396474,17.9007876393978,18.0926384711803,17.811581623517,17.974137992732,17.8325274312386
Q9VW66,autosomes,16.2203175507607,15.7154777654057,15.9715852953133,15.767742641609,15.7951216447734,15.5116532878763,16.2601264531441,15.9439608353866,15.9884215809806,15.9989843128019,15.8974866075795,16.1982461118441,15.5041289739652,16.0123847796122,15.3589346239865,15.7869516411428,15.7833453596062,15.569281399039,15.8695894678011,14.4430104246223,16.0043860114802,16.2022861405042,15.2679336683174,15.1573351100084,15.5189925361897,15.6193545010935,15.5468466697579,15.9020680842321,15.8722308558651,15.7025129134338,16.562651060981,16.0934480282265,15.4436088152357,16.1731792760538,15.9763763363763,15.5083634732584
Q9VWA1,autosomes,19.4230062763233,19.8437703205606,19.6557712608353,19.5071965455995,19.9140411700322,19.8623004853882,19.5368123434461,19.7117267198944,19.7394778790972,19.6588720967336,19.944451262337,19.3425217501514,19.8559345868077,19.7504519116214,19.5631271212341,19.6496169166799,19.7732905981193,19.6020552848379,19.5098713249526,18.8194560612939,19.5902112510366,19.4242876853829,19.3969891603291,19.6590271147033,19.6260953370993,19.6629175096697,19.9836299789031,19.6108506539112,19.758009473375,19.8519714386404,19.5499554408948,19.4009159620228,19.6178329936888,19.4290553962835,19.8143491807302,19.8767862497333
Q9VWD1,chrX,19.935267944993,20.4358361520721,20.1196590877047,20.1919397891394,20.4854329889042,20.3344208870449,20.0284647097913,20.1739016865488,20.2267710077827,20.1352224101773,20.1801755210356,19.5756167656916,19.9859009527672,19.9080588505933,20.523504543062,20.6287935871632,20.5009728250298,20.5205128031834,20.4431723011231,20.6446749774755,20.2972144137675,20.3023507511387,20.5262233999175,20.3115189122216,20.743893632103,20.7698470513716,20.5790419086215,20.446705986204,20.4626240091907,20.4486679000511,20.1069019545655,20.2285712205508,20.0034399702527,19.7014469138837,19.9574058215877,20.0543687860444
Q9VWD9,chrX,18.1291895139858,18.5819696666758,18.3268217602997,18.1477383329669,18.3044894785131,18.3330748529811,17.8652413829774,18.294385351177,18.1221860176697,18.0108147157459,18.2535645662808,17.7052936466186,18.0104002145062,17.877765054364,17.9820367511728,18.2167713713131,17.9497416049001,17.8590899329905,17.7750341999692,17.1610859601075,17.8552768848922,17.8379739496942,17.7202961628784,18.1334936739577,17.9707513104003,17.9642054261288,18.0742346848361,18.0469107964922,18.1972458256686,18.0443752558334,17.7867125387423,17.8471014295944,17.5551089909153,17.4592958877249,17.5698828826597,17.5925655729587
Q9VWG1,chrX,19.6196928695569,20.1465130872991,19.8458421293715,19.6632217603127,19.9689761278671,20.1283050127285,19.3974650814435,19.7587375916502,19.637930097294,19.6785632722225,19.8659375392366,19.1097330645585,19.5842439536851,19.4687451591374,19.7760498600676,19.861753199833,19.7564975849896,19.7008878312098,19.8327840572055,19.6449219463261,19.6530849253723,19.661841392459,19.6929686397738,20.0315637382581,20.1063804531119,20.095299069311,20.0074335689485,19.9774315892802,20.0574816366545,19.9282481313164,19.6537664445444,19.7584678932643,19.3697949375309,19.2492809349416,19.3497585787759,19.3760804080862
Q9VWH4,chrX,20.728996212962,20.4731737942988,20.3587924895529,20.2821927109177,19.7200952562654,19.6573977271144,20.3334101627208,19.9109963930979,19.8742524097032,19.8229301197845,19.7886696890714,20.4402609551702,20.6039759646817,20.5026182097753,19.6272399964414,19.6547021442438,19.692453891545,19.834777357164,19.690947512112,21.041208157504,20.0805151859865,20.1272810464359,20.3842349570537,19.6120108022314,19.421753685676,19.3588396488607,19.872487439277,19.5026454474359,19.5485136715355,19.7914118611447,19.648927131726,19.7256041304424,20.7471653007442,20.6308850134814,20.635851295738,20.6914022662842
Q9VWI0,chrX,17.3505351765269,17.600953374276,17.4985781261916,17.5928927068841,17.667478119845,17.3484694758102,17.3066926113766,17.2755487137239,17.4043640942165,17.4181507066396,17.4102396099552,16.9439195449709,17.297519591174,17.1404157123909,17.5477627655956,17.4792241377431,17.4161894069414,17.4870175995681,17.3827741509069,17.9065446030035,17.471198777983,17.3845976878191,17.8517018358286,17.1037651403044,17.3706552931393,17.3730625095143,17.5709420591229,17.5574621209861,17.4977529133539,17.568592296612,17.6925674156166,17.4052117850028,17.139456106532,16.9779141169625,17.1443144719224,17.3121437722157
Q9VWW2,chrX,15.3218742557013,15.233505050998,15.709822185017,15.4934600383556,15.6056018655762,15.5305228353423,15.4425484197773,15.673674791442,15.6153729347979,15.6421829620028,15.873649528216,15.5298509127152,15.45382433121,15.4724728845945,15.4154145243764,15.9723994360678,15.5220577757809,15.2837349965999,15.7709213027437,12.550169059511,15.6272376007052,15.46932684717,15.1390827845812,15.2854816729366,15.5939467858113,15.2995629612239,15.5904238646943,15.792301920235,15.8470805178056,15.7334750494739,16.0609067939412,15.9160490156462,15.1291314779899,14.9768444622834,15.4344831405445,14.8627828219121
Q9VWX8,chrX,15.2701508540403,15.9857626910029,15.3130261053421,15.1734938120735,15.8827278786477,14.8637881346582,15.5559369987928,15.6274415583918,15.6890484336457,15.9037341703806,15.6029394039433,15.0784352508696,15.563849601584,15.5533820906897,14.8160319139155,15.3717390244073,15.2924831099855,15.0874446667335,15.0138316947542,13.7283915880648,15.1807986789816,15.1857198645765,14.6819888445412,15.214802330962,15.1545249447361,15.6283345828417,14.958364119553,15.4071477838478,15.2530693942247,14.9056808475222,15.1910589307146,15.1739707976269,14.7946196220755,14.6507902704837,15.0931812690286,14.6625643235945
Q9VX35,chrX,16.8163258515942,16.5089088815261,16.3583349882145,16.2386479519549,16.6490476642748,16.0460225909974,15.8396754595402,15.7330544270928,15.6462875147873,15.6483651388478,15.8133053990268,14.8980920132641,16.1894870940415,15.7316196153623,15.2411694601699,14.8748900218121,14.9768652982791,14.977844442819,15.0714293970876,12.9195694172597,15.1310106895278,15.3134464097351,14.4381354917351,14.3494896622593,14.8430647779683,14.6410715041738,15.52149197082,15.3482656251669,15.6378584850942,15.4044708706498,14.6086495596466,14.3788532900566,15.5357487168592,15.2717928645709,15.0600969483083,15.240328973619
Q9VX98,chrX,16.1448935728006,15.4469397251447,15.9016371212647,15.859427497735,15.6865805594317,15.8736780880477,16.1049026401641,16.0319472612128,16.0910895892776,15.9971158716762,16.0142961475914,16.1180766464503,16.3455517129239,16.357718356272,15.8144478975519,15.8010130346777,15.9937650485627,15.8744315047346,16.055295550621,14.8534743465986,16.0810014503357,16.0312136782058,15.7072459463252,15.7645183000785,15.9387506802811,15.8538606873239,15.9790465922547,15.840925122912,15.8465551650674,16.0234682185968,15.9708136795434,15.7666226004318,16.3703135978887,16.1218546574325,16.4412582721858,16.3575685543265
Q9VXF1,chrX,17.2591763083216,16.7333051913117,17.4488613169914,17.4732674873859,17.1827741863813,17.0783239678533,17.8617559359455,17.4030408636777,17.4949221717642,17.3503930687981,17.4091805508374,17.970111275392,17.5012258246988,17.4086152997655,17.0360717663811,17.1160951319218,17.1976072651898,17.350838643729,17.1942009039533,16.5541508690799,17.4285807098007,17.4106780633048,17.1332015755853,17.0212432021773,16.9665627639917,16.8527555648681,16.9627851608046,17.1936691793563,16.9334195010616,17.3820259497052,17.571366104383,17.4131120459173,17.5683471682653,17.9946425864417,17.7378314057367,17.7066920827022
Q9VXI6,chrX,18.739727977286,18.6741523712784,18.5174493691011,18.8271441602126,18.9133286634966,18.7990508335131,18.5629871508689,18.5604432966853,18.5764574853362,18.6484249941774,18.7254686685042,18.4763246766155,18.7349886159921,18.6574739054674,18.9130379193476,18.8895813359333,18.766937922527,19.0280773310074,18.620172801002,19.5352569780037,18.7118808144941,18.6711200076716,19.1036938667264,18.8015932832798,18.6355885289424,18.6696930770997,18.8042509248621,18.6056301721143,18.5529496633456,18.8377434279964,18.3839891908703,18.6753576444549,18.877286927977,18.4698624775386,18.7530924864905,18.9446533564031
Q9VXK6,chrX,13.7840421638117,13.7085455364889,13.3875905107548,12.7348934940182,13.6741451533606,14.0411211912816,13.884363931139,13.8738324275456,13.6683577222006,14.2259166480761,13.8536044656912,13.937535218595,14.2519589498403,14.2753642366571,13.7058243787253,14.610258040936,13.7843412464028,14.0505575921656,14.0830890292087,11.613892198651,14.0775858901062,13.9937228509632,13.3864272654002,13.8944395283026,14.4411148934498,14.0546530342383,14.3266343797361,14.0706125666563,14.3401786213056,14.2243197919897,14.444990905694,13.7069251437929,14.2025667061904,13.2090244569416,14.23800959408,13.9010521418559
Q9VXN2,chrX,16.499425750564,16.9076335977142,17.0368491499163,16.9356366120816,17.895290090412,17.5208928657173,17.1620210037322,17.041312092267,17.1170606412221,17.389452715652,17.6955404761914,16.7956421188165,17.761326693792,17.5756546651834,17.9879553045978,17.3766720151235,18.0402591978389,17.6807245585894,17.6882702529292,18.3094578504401,17.4987659779331,17.4216600524885,17.9080607616963,18.1891492528781,17.9899802939023,17.996802844922,17.9448544228865,17.3373691623186,17.6801448560105,17.6421228537274,17.7531330959555,17.8011003622857,17.7512897493265,17.3059142291639,17.4645368288224,17.2839729803866
Q9VXN3,chrX,15.1147436422564,15.0301759028812,15.4626136683205,14.6078332802464,15.2737263513932,15.0115338195363,14.9795777365328,15.1127325981148,15.495399808251,15.1971895689776,15.2393774610309,15.008757977257,15.1368786839241,15.3260692198531,14.663160484434,14.4666450525985,14.9319232639136,14.5068340435356,14.8198799250454,11.4749631412539,15.0452068608096,14.9246607288453,14.6237071669703,15.062974244351,14.1283964108877,14.3563940803814,15.0147831910368,15.0613772589756,14.8652482928903,15.0531432995677,14.2645633933094,14.5388761402506,15.2776684092047,15.4087577378068,15.1521122728732,15.1139005948826
Q9VXP3,chrX,15.5136918457776,15.4815939451863,15.7656663050817,15.7698802443886,15.3281771930942,15.660970829564,15.861441284591,15.9962394948334,16.0702395601468,15.9307622469562,15.8467169197061,15.477131895185,15.5547755517108,15.2334329164587,15.7373915355641,15.6843236365765,15.912262315113,15.5047139115564,15.6439544343389,14.6253107784856,15.5301158811626,15.4336671138159,15.2617413423384,15.4608321988441,15.7555847674797,15.595234865664,15.4059646164838,15.6502448684866,15.4536320429707,15.611594672275,16.2373904941439,15.7785237624977,15.0803504190695,14.8632268007228,15.2840884185256,15.370290598813
Q9VXP4,chrX,15.2421132221601,14.137272935815,14.6483860911264,14.6761015960255,13.9258232599388,14.9024400414664,15.4404249990546,15.273159691977,15.2935898540775,15.5352006589288,15.2893283753109,14.9776158759916,15.3478287097594,15.2237910346275,15.4766542509112,15.3463052335965,15.1646552704242,15.1301693653759,15.2428371198923,13.7596302966569,15.3214888394236,15.2435438009778,15.0361105701602,14.9782484742968,15.0721132856826,14.9674165128622,14.8761113415159,15.5328781587747,15.3221436643251,14.6861482555623,15.9692492379281,15.332999616344,15.2585764396485,15.2471344144706,15.5694548555374,15.3546460475767
Q9VXQ5,chrX,15.2697132318208,15.4176065097408,15.3745080017419,15.3706827533063,14.3742549667685,14.3330656372784,15.1028798025301,14.7634363765298,14.7042307701771,15.0182149898857,14.655872060425,15.2289536059483,15.1705715265779,15.5107431107653,14.2632689771097,13.9087067138092,14.3003948205322,14.5224882051108,14.506062521101,15.4439467611743,14.9075546963471,14.8104036899415,15.1105134411461,14.0103864031699,13.9130980410459,14.0201782443241,14.2471236589149,13.9252855265377,14.0986601795236,14.0945768952899,14.4958184788863,14.4988744294117,15.2512673520597,15.6538525170232,15.5247313757769,15.537721898562
Q9VXZ0,chrX,16.3343675013029,16.0374340762676,16.6830762565995,16.3001736779864,16.5625337707103,16.4700323927867,16.6684260717226,16.7209849519991,16.8645953795789,16.9674017524585,16.9087828775407,16.4077584422468,16.6523268491741,16.6131456637002,17.5356221610438,16.8095227730862,17.198912694624,17.0846864187703,17.1330379309993,15.86763182881,17.0268064928462,16.7718103237787,16.9119710117311,16.8392346167008,17.1997330198331,17.0165428079067,16.8106896797599,17.276705045561,17.0642257184141,16.979835714507,17.0086436869257,17.0428290641449,16.8215329514262,16.4879019044659,16.5930199810234,16.5273032280547
Q9VY05,chrX,18.2165353882465,17.6549115510078,18.4919601519372,18.3902867804891,18.2996535384779,18.1884984690572,18.5006264257274,18.2174634406573,18.2907149446439,18.2196031971918,18.0206449777435,18.1382561034712,18.3434619220613,18.1329821759048,17.9188861315379,17.7458015834805,18.2650291306558,17.7991418322313,18.0062029347891,17.4303278502198,18.2471894489584,17.8482168373987,17.7917032110219,17.8273902478785,18.0232268491062,18.0495089993685,18.3331448648668,18.5533908273315,18.2857470914944,18.4989494546723,18.3131004342605,18.5094836207763,18.5698066480322,18.1560896663186,18.2623320427911,18.4367557048801
Q9VY48,chrX,4.22480474212415,4.22480474212415,4.22480474212415,4.22480474212415,4.22480474212415,14.9303622701839,14.5101841253638,14.6776372689002,14.9563133068211,14.5574313930422,14.7671135813362,14.5462266944413,14.5259925567009,14.7351182382556,4.22480474212415,4.22480474212415,4.22480474212415,4.22480474212415,14.5229136239807,15.3409109630844,14.773532195439,14.5616678543285,14.7756797075056,4.22480474212415,4.22480474212415,4.22480474212415,14.5989971162695,14.524327667027,14.5221634796876,14.7964769301137,4.22480474212415,4.22480474212415,4.22480474212415,4.22480474212415,4.22480474212415,4.22480474212415
Q9VY87,chrX,14.9577875072716,15.6358059606581,15.2818456617552,14.966331699968,15.1579174238316,15.2206723177568,14.998799220207,15.1508836153241,15.2584677898035,14.9949579091792,15.2570219388649,14.8364148431872,15.1276689087761,15.0859359620933,15.2012050793871,15.029301447832,15.2594150724613,15.1941565890859,15.0936709199164,14.5935954265454,15.0544317076939,14.9556482996637,15.2157438542602,14.8327057261038,14.8873315983905,14.9406488383882,14.9991862976301,15.322986546446,15.1295695207972,14.7066318279134,15.1030493954729,15.2868613815024,15.0901912516992,14.7016287934533,14.8723877374113,14.6739342332547
Q9VYD7,chrX,17.3202829991302,17.3091163963961,17.7189950164175,17.3694767086566,17.4169238767595,17.4620621001468,17.606529820442,17.578607131489,17.7877929286778,17.7572453725079,17.6495807574366,17.1877368372037,18.0369512461543,18.1176841546067,18.3960797661026,18.407236667619,18.558459454138,18.263935760876,18.5898114803346,18.2315967628827,18.5109133059639,18.3219357385929,18.4596343729643,18.4849230701505,18.6555214975162,18.7850192333547,18.4885498495285,18.7623926848003,18.6283072475322,18.6294642732258,18.5691836294225,18.597935498836,18.1199626654124,17.8268762280351,18.1630977876778,18.1463597296364
Q9VYH3,chrX,15.0634385683503,15.0076122404713,15.1749649936143,15.5309353832424,16.0272476243,16.1969158895458,15.3462534847144,16.060960342458,16.3546478303271,15.7512452696144,15.9796129115917,15.3774129390031,15.9842533119069,15.7812309496538,16.8728976362443,16.2801130998244,16.5973094068266,16.3283287564287,16.892676183565,16.0844908944769,16.4027066114277,16.1422351472357,16.3121113505932,16.9273150073939,16.792453345406,16.6259796258111,15.9470642162046,16.2167238549044,16.5152613932272,16.2148629948751,16.5141442551404,16.3740308756723,15.7142430268037,15.6231220139965,15.8589189944829,15.8270034810104
Q9VYT6,chrX,14.41074001701,15.2284940376942,14.6952132153706,14.6923420785825,15.1243735130901,15.1939462335754,14.337278111623,14.8337465394071,14.4960923123794,15.0440804177132,15.0105069031675,14.1027411859283,14.266128734385,14.2445695629394,15.1969944964913,14.4291674675782,14.5299256571374,14.1995129192755,14.4947258479351,13.6367950134975,14.2648181125213,14.1220999400536,14.1366857302726,14.3912051937917,14.6279690004142,14.8480395397537,14.7234085664379,14.7286107182888,14.9116167408257,14.1882504706918,14.0170993893117,14.0938369673967,13.9883481256822,13.9699027969461,13.7682931109965,14.0584383271584
Q9VYU9,chrX,14.2246818545372,14.7518185734943,15.0364412838656,15.2070276188922,14.4455227677227,15.0276130827254,14.7196797716342,14.8497333113104,15.1834381135414,15.0018853109823,15.0400005730067,15.0541496910477,14.9574208788794,15.1888603420132,14.2220342142655,14.1817068064275,14.8767060816097,14.9810092067235,14.3984308988036,15.5956159006012,15.07421432823,15.0982077386922,15.3267438403638,14.8539053771754,13.8678773973059,14.5562217710449,14.4506260291856,14.6420784831863,14.2657703338507,14.3277806751403,15.3701155070767,14.5684518593751,15.7214905529448,15.7648212644524,14.9275515178088,15.2467485889065
Q9VYV3,chrX,19.3470818914259,19.5571785605463,19.2805082274597,19.2773739414371,19.1459533104651,19.0599562838624,19.3303816040269,19.2764900768938,19.4043092141836,19.3649153836222,19.4743861949374,19.0194637206089,19.3023531303084,19.3944116043382,19.6829777689902,19.3107886153051,19.495076294477,19.5191386039433,19.5141061405029,19.4409206481852,19.5201053751753,19.4160544517833,19.5037853999066,19.4820822416221,19.329973218449,19.4125309060153,19.5236796012982,19.3796366478276,19.3661081291251,19.5682573948633,19.3920092159822,19.4183318091123,19.4036216324013,19.0478185299268,19.4813222399462,19.4093300136807
Q9VZ23,chrX,17.3724943211009,17.3183217955717,17.2953538424442,17.1643117972946,16.5486280958999,16.8324178209701,17.1055275537421,17.2077457147032,17.2455044149264,17.2934174134295,17.1601963617514,17.3674009814452,17.1659534841847,17.4121428404907,16.6933440583032,16.9199924321893,16.6697395343349,16.7675371622514,16.7294494984998,16.4887331351524,16.8637317810507,16.9481516468747,16.7038805372241,16.6310472001297,16.456849205067,16.682349979788,16.7530990084827,16.7298333475997,16.9117595123848,16.8062059774607,16.9476229306617,17.0661018099837,17.0295139141038,17.2447399046307,17.3307351844936,17.2437311588485
Q9VZ24,chrX,18.7106897276411,18.4443533529856,18.3241723977485,18.243537232302,18.7372360283558,19.0198251955915,18.306035562227,18.5696554388122,18.4079372200687,18.5210388017767,18.5293953132334,18.0513972722263,18.3192739387582,18.4843754308435,18.7233328506787,19.0530326393761,19.0678965860783,19.8403254224052,18.7374281781594,18.8979069463967,18.4283802860129,18.4068469139849,18.6008738838605,18.5509940697417,18.5810458725718,18.7719658768102,19.0589100976311,18.8247301978358,18.8674759355829,18.5278016567804,18.5286447626462,18.2966368716283,18.0976704552291,18.0172264899341,18.1097364864849,18.6745210403614
Q9VZ38,chrX,18.5892143286552,18.9725115196088,18.9103975823709,18.7944398494774,19.0718487407702,18.8064070859632,18.2436725051204,18.6328061995607,18.5896434258325,18.6547456455894,18.874573633825,18.0243540513152,18.2949707251615,18.3955797369859,18.5115871899272,18.5293799772223,18.3090228040655,18.2965506488644,18.369085438939,17.8588169678789,18.3617292398877,18.1359243678485,18.3408775062448,18.4808590160055,18.6560634320492,18.4299713444188,18.7541422414733,18.4236352085787,18.6383136027288,18.7569165361737,18.2010235650468,18.2674329914329,18.2701243749262,17.8450074973716,18.0608902658131,18.1327281019688
Q9VZ49,chrX,17.8338188500646,17.683840640731,17.3320547218113,17.7138847375085,17.3284703082747,17.3203662940641,17.1345453618411,17.190104764849,17.2908009508859,17.2456206897961,17.2630491457911,16.5818054775549,17.2825186623144,17.1819722992354,16.9258816391435,17.0714351889393,17.0873259440697,16.7124347762034,17.2916775437466,15.0826511696256,17.1547448599016,16.8924261644146,16.8248552519105,16.7244236469536,17.726156239857,17.5555971477562,17.0517386907514,17.6230768839085,17.6702307953158,17.4571325860576,17.5541838309924,16.8787073394596,16.5456156542784,16.3437104508905,16.632005629678,16.6829201045929
Q9VZ66,chrX,11.7455383465996,13.0177660407387,11.3951699683057,12.8965653425551,12.3764967724769,13.6433064027593,10.7003956383236,13.5766665190431,10.7466872322015,13.9138950067369,14.0392406880688,13.6620435870919,13.5097685439445,14.1504589224672,12.2427982953854,12.7718326144051,12.5093542542468,12.7262748504829,10.6991809038441,13.4457139379402,10.4798842242489,13.1320707013331,10.4474276953657,13.1991070925818,12.7685430458553,12.8543442915396,13.6832949244957,10.5715277751343,10.6118793451669,10.5429697202833,12.7153249845944,12.8342160784826,11.8845311938302,12.060292513134,11.5310244247027,12.3407105124727
Q9VZE4,autosomes,15.0194651265978,14.9501002943061,15.6741845147239,15.2396977725012,14.7945581398412,15.3002769423419,15.6060097103751,15.4930617893536,15.7777499889069,15.9845281192482,15.6813523540521,15.7159960175821,15.1236277682344,15.1908152629118,14.4354853050778,14.7239896491344,14.7429621151662,14.4949389854075,15.2611518611801,9.30469917124835,15.1371399660097,15.0970846072709,14.6526283646733,14.3006129018646,14.7117698136548,14.9523638452079,14.8939678351903,15.422918272868,15.4395123995559,15.3218333485657,15.9785250251663,14.9725078807579,15.1294433187254,15.2693606077063,15.6463820640205,15.2088388916978
Q9VZF9,autosomes,16.2582636274661,16.3957048583885,16.4542925463812,16.4967736289283,17.3360861223082,16.596382408724,16.2823794527457,16.6431558751395,16.7192777203868,16.5912830005473,16.4119603693208,16.4935373807736,16.2527627677899,16.5094037195158,16.737990238177,16.4405736760908,16.8184527777645,16.770229366192,16.6200614351241,16.1468548340393,16.7172620633446,16.4082313107947,16.4760165659594,16.7907600629512,16.7503103664111,16.913112672429,16.6826052284314,17.0430152541848,17.7597336631475,16.8729303326548,16.9217345935453,17.0241593736675,16.0494765257066,16.0892399135648,16.8481112516608,16.0618352253424
Q9VZS3,autosomes,16.5273170447245,16.5389720930087,16.4933750810489,16.5424529450297,16.4663741186995,16.4718576859683,16.596780537148,16.2961195145888,16.5701600842947,16.403120003579,16.5740779698228,16.2943934635243,16.7776552889052,16.6294922179243,16.8638292340369,16.4232201474921,16.6725940608067,16.5437105811678,16.4116237830258,17.2800717048103,16.6341027394643,16.4768122949865,16.9080927379537,16.4764767118396,16.3699209909939,16.3942550497268,16.5949329969371,16.4409315926597,16.403621721383,16.5390506454626,16.7417830473771,16.5826596541178,16.757672921032,16.5337384598016,16.4868538358754,16.8661980895464
Q9VZU4,autosomes,18.3951095827091,17.6773418781768,17.9827113956731,18.0136205137953,17.6549290852728,17.4952280088661,17.9050288342318,17.7634250854149,17.873233921958,17.8720151277843,17.7769252357299,17.75502153856,17.3548816763729,17.1449803356374,17.7597621410162,17.5442399686898,17.4490031607723,17.6034488691947,17.6523847715955,18.1190260075173,17.8093998269272,17.998093582414,18.0157175482349,17.1399636127247,17.3054114096135,17.1972190602213,17.4469944371904,17.3951318922805,17.4372263473153,17.4770281677115,17.5722711131978,17.5054130769115,17.9526587698828,17.6383928087179,17.7541840071704,17.8391600460153
Q9W021,autosomes,15.6648201542454,16.2533844627418,16.2501320692874,16.1858937186062,16.7238759960631,16.810269664087,16.2259461723542,16.7497445136337,16.8344661871839,16.6420609499521,16.642558161993,16.0690558264931,16.7939644094703,16.6205378545064,17.019436633364,17.3568205900512,17.1558310435505,17.1875286747323,17.3872769470359,16.0629785034201,17.1554123763415,17.013965796524,16.7628375936318,17.2066851934526,17.4208094897852,17.3811390127228,17.0193495624556,17.4662061684196,17.6733343786645,17.4477517435282,17.4679853032384,17.2474783755333,16.5461125979034,16.3699634240608,16.6887263640276,16.6402996793988
Q9W022,autosomes,17.5458193442741,17.5492484712191,17.7303339872374,17.5229899906007,17.849014632224,17.6831846568263,17.7679386944599,17.8645251085937,18.0115124899195,18.2503791757318,18.1077257748114,17.6355924769411,18.9015830322153,19.3837296435116,19.0795923220154,18.2538687223223,19.2518995173755,18.768833345361,19.0883509030128,19.4600443196989,19.1479750474704,18.9673911220605,19.3623346164357,19.4152367801112,18.8152491152809,19.2998035057993,19.4185579657601,18.9720415261157,18.7394021284845,18.8630425666352,18.9918104675626,19.1230661194049,19.2393934440896,19.0736678100975,19.1790237694111,18.853337265984
Q9W0C1,autosomes,18.8710136630847,19.0403517011567,19.2440487512154,19.2016330919421,20.0140616513283,20.1103099845063,19.5224959082941,19.624570678295,19.7009177014301,19.7294500794423,20.0036185526181,19.2304988534599,19.931234958237,19.9097138480221,20.0851047834554,20.2214342664857,19.8378088225543,19.8666625724075,19.9675612051678,19.4451933998932,19.6361708163429,19.5023951144202,19.4966182342552,20.2079318902646,20.402586877812,20.233012425009,20.0512341071476,19.73542891834,20.1658275523077,20.3423277503903,19.8088366627672,19.8314298281813,19.924128548909,19.879831342401,19.9579399134893,19.8181271586527
Q9W0C3,autosomes,17.1803643926276,16.2809159657317,16.8894007777439,17.0097815087278,16.2660160493481,16.3203618259919,17.2564587942679,16.3452642763348,16.7081101063038,16.5014776061206,16.2929035388628,16.8247175977472,16.8391305353373,16.9891332128095,16.5134930789699,16.4224020613256,16.2504144876876,16.4448721591058,16.5823271140693,17.1476550395097,16.9342596063232,16.9186276672259,16.8980901116302,16.2489283399264,16.1287468872109,16.0519574384814,16.703962461731,16.2740976178058,16.1678421448849,16.6726602491169,16.3577443059914,16.7056508786927,17.2899517666146,17.2690959260552,17.1183427440706,17.2561390547741
Q9W0S7,autosomes,4.22480474212415,4.22480474212415,4.22480474212415,4.22480474212415,4.22480474212415,15.0477510583391,15.0981298117387,14.8990628598638,15.3051139939449,15.1572067965297,15.0610999456851,15.0325642955638,15.0137042239867,15.1062479567337,4.22480474212415,4.22480474212415,4.22480474212415,4.22480474212415,14.3610614117037,13.726325377037,14.9799580146396,14.7798098080803,14.5053092083256,4.22480474212415,4.22480474212415,4.22480474212415,14.6500190027846,15.2341387475758,14.8957553860838,14.7064272956051,4.22480474212415,4.22480474212415,4.22480474212415,4.22480474212415,4.22480474212415,4.22480474212415
Q9W0W6,autosomes,13.8594863869394,13.2352459121131,14.0715230641361,13.076175590283,14.0097547866855,4.22480474212415,4.22480474212415,4.22480474212415,4.22480474212415,4.22480474212415,4.22480474212415,4.22480474212415,4.22480474212415,4.22480474212415,14.072279129912,13.8337590158744,14.0116868456538,14.085929317687,4.22480474212415,4.22480474212415,4.22480474212415,4.22480474212415,4.22480474212415,13.820406116184,14.2202250016788,13.9202105183953,4.22480474212415,4.22480474212415,4.22480474212415,4.22480474212415,14.556935663415,14.7088805099719,13.6647129773097,13.5719634816735,13.7583237602898,14.0977375270496
Q9W0Y1,autosomes,16.2658205288086,15.8320277213287,16.2332360357267,15.8168222395818,15.6549067742679,15.4708762960817,16.1320654645592,15.5789620226945,15.951875200802,15.8236432300504,15.5475162339458,15.7062556976515,15.6703654025792,15.827654944068,15.5721313357974,15.3613042760492,15.44094390522,15.6285868230492,15.4261193120125,15.975945792211,16.0671277344055,15.6549138955126,16.1145914172586,15.4539102678548,15.78851005205,15.4016743315715,15.6920685323226,15.7741952522924,15.7635309061764,15.4829218827507,16.0278968175798,15.9040173139659,16.0782265615726,15.7459480615563,15.8360550740962,15.6916685041784
Q9W125,autosomes,14.3231630269915,14.4141976984406,14.1416631590296,14.1742797394052,14.5127758509984,14.5436552892153,13.9188513146024,14.2741283871621,14.3988874258307,14.0191007415728,14.4899896219339,13.6609670641876,13.6664476285125,13.7447419362287,15.1038339922748,14.5099558777924,14.3109407918912,14.1774838866199,13.7778651442389,13.9523215841971,14.0461260128679,14.0454642644982,13.9599543205661,13.9488912166775,14.3137023740506,14.1512407350326,14.7059647744411,14.0411000529153,13.9603916269754,13.9944169548797,14.4612069135456,13.5394346944369,13.1259093619272,13.6681642858274,13.1452160138225,12.5429427520258
Q9W140,autosomes,13.2292189427682,12.9698584328674,13.0655485680184,13.0970801535743,12.782714285657,4.22480474212415,4.22480474212415,4.22480474212415,4.22480474212415,4.22480474212415,4.22480474212415,4.22480474212415,4.22480474212415,4.22480474212415,13.0346739592167,12.2053112640812,12.3366546984834,12.7914618390031,4.22480474212415,4.22480474212415,4.22480474212415,4.22480474212415,4.22480474212415,12.9785610799159,12.87331579177,12.0824272173166,4.22480474212415,4.22480474212415,4.22480474212415,4.22480474212415,11.9477046502502,12.3250268556841,12.5180361046199,12.6711001123324,12.7800998484257,12.6049862424875
Q9W141,autosomes,15.7034203124718,15.7136886283058,16.3446517494552,16.5924018194333,16.7066126602024,16.0478501411925,16.9607483439805,16.1001466932159,16.1457414514158,16.502983891236,16.3165521776981,18.0210159262898,15.9184490569129,16.2737202896386,15.873108989684,16.5386519787906,15.8866399313457,16.2483124505471,16.570984874091,16.3921197900198,16.5927756120476,16.0485791206516,16.2616695907424,16.3763153349092,16.4165281227242,16.139812123399,15.9750582536777,15.950254171218,16.146012667076,15.7778974359809,16.1491509250239,16.5129693401827,15.9044765251057,17.9674503851222,16.6237826167376,16.2841512151228
Q9W158,autosomes,17.1601138948272,17.1844710226331,17.3536314343539,17.1844136723654,17.0633371219592,17.1797911330217,17.1211974370589,17.271066813136,17.3979559192123,17.2116613542675,17.3645428410045,17.1020482000335,17.4908527118735,17.4639654991493,17.7285928814757,17.496021804495,17.5016646664027,17.5640386822123,17.6128523672745,17.8675336527604,17.6846499079248,17.5644079658685,17.7934371775839,17.6107851223653,17.3976746711027,17.384007521158,17.8806675972606,17.4196232983031,17.5441058643351,17.676269410464,17.4598864589798,17.3906805695925,17.756055868099,17.2721545964647,17.8680982992602,17.8229914340564
Q9W1C9,autosomes,19.9464545757055,19.5122039960039,19.7067228842308,18.9422917757439,19.4341718997889,19.9148832678832,19.1605942489213,19.3271997552872,19.3458662544868,19.743989006373,19.6150837082667,18.9546760302515,19.8953686885283,19.1308329870658,19.7241476319689,19.4511021505797,19.8007648355544,19.6473998556972,19.8841131540325,18.902519934874,19.4147726938983,19.8214770483179,19.3252529131906,19.7804391737375,20.0230133841409,19.5514763966626,20.0308225108272,19.4586019119152,19.1715075434717,18.8588769250395,19.5407848239268,19.3781963427588,19.1392326372467,18.902210107172,18.8726423130701,18.8393650108372
Q9W1F8,autosomes,15.7123538583009,15.8091188838345,15.5636190471382,15.5947032468893,16.3067117906346,15.6433561303874,15.1097351763599,15.7373639292243,15.0490795410922,15.3504207269724,15.2348183062327,14.8340210365176,14.6312978651351,14.9293226040497,14.7328670035889,15.4146691925731,14.5977539679158,14.9974323123814,15.3160863276253,14.5096076054132,15.0639135874065,14.8337283590125,14.5425328326866,15.3586932955738,15.4228598497111,15.2586380999928,15.119516849231,15.8424880028357,15.7096629115139,15.563184665604,14.6646273105664,14.8759539359991,15.073872348462,14.8715181221875,15.2406066517381,14.6842780956205
Q9W1I8,autosomes,14.4242386732564,13.8938210328422,14.1655328323368,14.1575290788002,13.7203945211237,13.8989818435352,13.8907774179691,13.7719852317138,13.9441457809816,13.9721553518619,13.998930737056,14.0558629841048,13.5311850333944,13.8726878194899,14.0178329185845,11.5503811843822,13.6968783984315,11.0331221709867,13.8998377094037,14.5623460927289,14.2560147603558,13.8065756311495,14.0695629404452,13.2805214378718,14.3251141452114,14.0997611639216,13.7052323686546,13.4860938636333,13.3775506242785,13.2187228768839,14.0039637692373,14.2565386750176,14.2305817240241,14.1087398824581,13.7188034005282,13.8927514783648
Q9W1L5,autosomes,17.1479775930153,17.1760222652887,17.1069947647563,17.1262437450954,17.0968353800281,17.1603479622971,16.7704818545483,16.8560297221759,16.9037684503703,16.8988026047796,16.8604732833631,16.5108734156267,16.7548895884162,16.8366407997119,16.982273662056,17.1970108443922,17.1426927938153,17.1998439553674,17.128436111798,17.1399015405429,17.0967339087846,17.0998474322401,17.1671769271627,17.0427014531056,17.3231499025912,17.387936327717,17.2892901650482,17.3644988266518,17.5004095266542,17.3591023573559,17.3043782264535,17.2220563548538,16.6756690038232,16.5615814651848,16.6903824470131,16.6980279578724
Q9W1N3,autosomes,16.6678094647966,16.8504187549268,16.5224097351275,16.6038804284457,17.045132088888,16.2299068199791,16.3669118012835,16.3754457713165,16.3947687711141,16.4458370030598,16.3505839454018,16.1190637618175,16.3997318589082,16.5596212481203,16.5919987534113,16.5185856698404,16.7087750077183,16.6504051273268,16.738231275748,16.5702280703414,16.6594397536335,16.7355489109125,16.9934107650982,16.5069754069748,16.7169234792336,16.523753822189,16.7249787935437,16.6499979383781,16.6723129509087,16.5016235341854,16.2726125505873,16.3530148565843,16.4241546719368,16.2300344280074,16.3753783112257,16.3588970198337
Q9W227,autosomes,20.2455899885242,20.5713881956535,20.1956135296584,20.138845309276,20.2679644214043,20.5222696480086,19.842986406054,20.1958152309876,19.8765047340743,19.9400586383151,20.0519614335811,19.6020386915968,20.1031305604999,19.9929549458677,20.1225717863215,20.1409946249082,19.8935274625984,19.9762134960964,20.1568557365094,20.0731212971293,19.8004943650072,19.9671159706545,19.9121375675675,20.2665162927453,20.1412080031837,20.1158207838834,20.1585198833026,20.1115064257752,20.0902679204299,20.1223638902461,19.7889026839886,19.9475045418147,19.7569514252092,19.7929462336769,19.7062474968009,19.7258065062733
Q9W229,autosomes,16.027332775285,15.7192267973292,15.7768940014914,15.7719899384053,15.3866147166561,15.301017077217,15.5517430474174,15.6271038061578,15.7691954562263,15.8668227846791,15.689356968463,16.1998091162597,14.8465141867,15.0662263193177,15.9457365815122,15.3456602776875,16.1284022978072,15.5567547806703,16.4290416567538,14.9161817385113,16.0498526716403,16.119630658975,15.9289652923493,15.0542879301463,14.7414710636513,15.2279658623145,15.573835779666,15.8980591277513,15.8306479291863,15.2959348418628,15.8846307361981,15.913996227966,15.878252949722,16.0488509811638,15.673059618541,15.178090197073
Q9W237,autosomes,16.9019760649533,17.3087677567136,17.4769958346869,17.139227515357,17.1206879994633,17.2737326762168,17.228850422971,17.257742222844,17.3364478747572,17.6260284109807,17.4024907203849,17.4151170144738,16.9153377929279,17.2468363219948,17.2102915258643,17.0477530269102,16.9815379513567,17.1957187644231,17.3482968291955,17.0321645661752,17.3021664688144,17.2204681760881,17.3516845428491,17.5314351882601,17.0153652934474,17.275006723882,16.9986985676435,17.2867116574428,16.875984611166,17.0577196993327,16.9658904751154,17.0812825991001,17.3734468359841,17.6248674060746,17.5399825611193,17.4571236902635
Q9W254,autosomes,14.7890430734951,15.0113112371106,15.1284371646707,14.9267590434566,15.2797401110195,15.106156398106,14.5470733229364,15.0542274073231,14.7977124478656,14.7007906421415,15.215280890011,14.67770223498,14.7802247514389,14.3078160113303,15.2523228912747,15.1206617139867,14.9611854869972,14.897995830507,14.6377543549549,15.1752194816,15.0995815966992,14.5711182015503,15.1582851080309,14.598576227216,14.7535647009473,14.5447134141867,14.5341781021629,14.8188734683336,14.8748065101798,14.7204546520531,14.9881715540491,14.9072726214664,14.7587026102207,14.2220542098197,14.4747043416905,14.593481042106
Q9W2E8,autosomes,17.6135761257491,17.8868339001924,17.6223087689448,17.704844712833,17.9922580230437,17.713738928434,17.2675972190697,17.6720577790273,17.6500149211775,17.4653954772053,17.8372080204077,17.1406753396669,16.9031321860839,17.0197204322784,17.2529768622065,17.3725751039986,17.1116448786693,17.2598065640613,17.1540296174607,16.973513726278,17.2112678535304,17.2447686297669,17.3752440631877,17.0376349897076,17.2986913547019,17.1948421919628,17.1422978453725,17.2669271658136,17.2486404715864,17.3274309813463,17.2060599725099,17.3000656465326,16.9907461821352,16.9170177193899,16.9396619299665,17.0399481146388
Q9W2L6,autosomes,19.6064636580685,18.8683122148,19.5603709198724,19.8502007837001,19.7454759653766,19.29825935011,19.2853015471696,19.4333117952504,19.2446820566432,19.123757202218,19.0598112649984,18.9554651244106,18.9157058564492,18.5178781326349,18.5316861709006,18.6693637609904,18.6747707529432,18.5895490755694,18.9566339075269,16.7742783540049,18.9495948869904,18.8229984310864,18.3967928716636,18.3113355346656,19.1705258866499,19.0310057067994,18.8571640055813,19.0738739585196,19.1087631071269,18.6476354980393,18.8518454333358,18.3922331849728,18.5617399982239,18.0741940419816,18.5976190720149,18.5160435565713
Q9W2M4,autosomes,18.2133439426569,18.2551683422947,18.7206360216365,18.0264190725804,18.5139391803242,18.0666056088907,18.219190115559,18.3053953778615,18.5065592767639,18.5009617890956,18.3611746781209,17.9541089811221,18.2843731785024,18.409537947794,17.7549295783865,17.9530980116408,18.0985609837963,17.9086482904831,17.8227327392048,17.620361607767,17.9529957801343,17.9265688180947,17.8126358914804,17.7668929171223,17.7300038146803,17.7581235193221,17.8857868326981,18.0896888282387,17.9752020368417,17.8378140910322,18.094974897248,18.1132253136842,18.308590295826,18.1548891010185,18.2617732517277,18.1055645095206
Q9W2N0,autosomes,4.22480474212415,4.22480474212415,4.22480474212415,4.22480474212415,4.22480474212415,15.1460697942311,15.4072464608635,15.9165255027615,15.4934451436891,15.4641965753596,15.8552809752926,15.2987090703349,15.7694653007805,15.2759304664269,4.22480474212415,4.22480474212415,4.22480474212415,4.22480474212415,15.197329257105,15.3517767537815,15.2809565023416,14.8633015335519,15.0249742236966,4.22480474212415,4.22480474212415,4.22480474212415,15.4881534425326,14.9303846973332,15.1617072999638,15.1030526492644,4.22480474212415,4.22480474212415,4.22480474212415,4.22480474212415,4.22480474212415,4.22480474212415
Q9W2S2,chrX,16.6228072097382,16.9791198963736,16.6349704700566,16.7170590851698,16.9397639216893,16.7468600680596,16.2993483821365,16.5914187774634,16.5615544370992,16.353010115004,16.8087518824363,16.0761469327942,16.5542967523087,16.6730612760823,16.5472290239681,16.8231054257749,16.5159334181698,16.6304288275859,16.8383511738004,16.7908323966934,16.3618394482111,16.3646718649861,16.6534659275861,16.952948236839,16.9792764826482,16.7959391770329,16.8985090450659,16.6510205946552,16.7857794951657,16.9910857863699,16.2623622925449,16.4738295589795,16.2649646057138,16.2667386019678,16.1441455872334,16.2162941151377
Q9W2U4,chrX,15.0296843609851,14.6629636187812,14.713832930658,14.6850312876581,14.5422693023177,14.7901574648637,14.5086604515804,14.7775696799746,15.0778259371609,14.6310688702828,14.5790932831157,14.6233286075112,14.2045346466307,14.350787631719,15.0326256535827,14.6230526234929,14.767565325344,14.5852268908595,14.9893763148169,13.299537724178,14.4777597418366,14.8039092570129,14.0675267556842,13.6431353019955,14.5525505689576,14.187649656342,14.8226665426134,14.7840061069322,14.9949594481926,14.4909699962542,14.797260682846,14.5729884032797,14.4089139633458,13.957656301741,14.5536164194697,14.4017213105087
Q9W2X6,chrX,18.6153282433454,18.6812756368885,18.8263362516415,18.98893686719,19.3267502209595,19.5707541931539,19.4832951341031,19.2891510069504,19.3353523614902,19.379502852312,19.4030268006321,18.8642407245552,21.2938812653205,21.2269509307177,21.541764892214,20.6960274219708,21.6644781836769,21.314558255531,21.5374333192857,22.2114694477301,21.3306277033069,21.4062832140255,21.7397036315304,22.137072082958,21.6008434288402,21.8643994324032,21.8524037451179,21.3336220915416,21.4071297071885,21.5575935762899,21.2017164790698,21.2776941900541,21.2744560085009,21.045952546702,21.2483380709662,21.084640256275
Q9W303,chrX,20.1951861506099,20.5932787040492,20.3071099539684,20.2621803810932,20.5342650699233,20.665408945352,19.9328594948619,20.5186852047122,19.9940564250194,20.2555717637883,20.2364350346408,19.9063258782705,20.4934843611326,20.2880106396083,20.3056205214348,20.5850641974284,20.2006385841596,20.2936067995808,20.5740065106135,20.4671120388051,19.9556356268938,20.2550994631433,20.2258684521398,20.8600912928953,20.9306578836922,20.875175110509,20.7718155408414,20.5056835385583,20.9489657469851,20.2404327481864,20.1155874819387,20.3251291853787,19.96410194982,19.7197669759725,20.1837172152188,20.0726072427518
Q9W306,chrX,16.543953907944,17.1590674183213,16.8976072667734,16.8077107074428,17.1521492237765,17.2108228664718,16.6710191523267,16.8565567241603,16.4791462941584,16.6111723558334,17.1000965720083,16.1386551768609,16.6546754460519,16.6566983222107,16.7801316893755,16.3727003079518,16.7487518128539,16.7468408809665,16.6870234955189,16.8118004936114,16.4889813303597,16.4565799949655,16.649209536263,16.9728837140875,16.8418794197583,16.9724510552331,16.8038751807962,17.0116899094588,16.8981351108953,16.9569518545363,16.7420871393286,16.5483617459985,16.4371015599054,16.3910355497763,16.2322798389084,16.4924455366862
Q9W334,chrX,16.8218251904914,16.7656331168537,17.0943249156771,17.0012528915676,17.4074892004187,17.4646591429179,17.066691248897,17.0634838698457,17.1640551799686,17.2395425539973,17.2587896411454,16.6686493749213,17.6728492760663,17.9264846214421,17.8869746165035,17.2396931246681,17.7263984699485,17.6584398415495,17.5307118006467,17.9283829530962,17.5046250809854,17.4113245782017,17.7298962351195,17.5974739628419,17.5535177717189,17.5816610677688,17.6429865134205,17.4571375840248,17.1340344726891,17.451205279211,17.8517908454567,17.8508255007177,17.5826336134127,17.210943570285,17.4730286865107,17.169180516275
Q9W337,chrX,17.3442597138724,17.4517720790807,17.6046675273353,17.3379834254822,17.5038369975494,17.4874275640146,17.22805179839,17.4813547646262,17.5842015089395,17.4818644329841,17.5335084611884,17.0697035606308,17.3068425318166,17.3875300586314,17.4514623419843,17.3388316747187,17.4963685444948,17.3575381706069,17.6094532387453,16.1945197855104,17.3970860400916,17.3290074202468,17.1650891964614,17.221691777795,17.5657561600495,17.6236282050883,17.4781866108316,17.7169276515368,17.6903146306089,17.6007104305059,17.7544747561035,17.4914093583943,17.052993503267,16.7371300899393,17.1688989482993,17.1590596134962
Q9W3J1,chrX,15.6193271913125,15.0453448929942,15.6341498002863,15.5158635301765,15.3710905730929,15.1714068812759,15.5304218937846,15.7218121372146,15.6049700168512,15.5143156936644,15.5747640392668,15.2579748774032,15.0384923116015,15.1244743106414,15.3405170112311,15.0198140113812,15.2027854236662,15.2708967384822,15.2387849033206,14.5189315889181,15.5249884947702,15.5175164550962,15.2224426190885,14.7053762701843,15.0576648310886,15.0426959523667,15.1313357347113,15.3080809708753,15.290201724952,15.1258613333896,15.6075589376438,15.4473594623765,15.5421673239505,15.2912379758148,15.6195081961927,15.6526761846588
Q9W3N9,chrX,16.8073169940122,16.9774715756139,17.0675348920502,17.1634296869742,17.1426322260948,17.2505526673018,17.3950948905538,17.385945955503,17.4259641494045,17.3983363321342,17.3012093204258,17.0745147713616,17.1809091280651,17.3894702505781,17.2623155278466,17.3180659748112,17.0969647795504,17.1063547288851,17.0174904198496,17.009089317498,17.1212636874299,17.0203504022704,17.1496514454374,17.0880331849547,17.0259769013859,16.9726921109914,16.8756321670746,17.2237282017841,17.185381144962,17.1547908366898,17.4906160614731,17.4472160262615,17.1109961424554,17.2282240480504,17.186311679186,17.1671245327275
Q9W3Y3,chrX,15.3669085988791,15.6183109033978,15.5707465190876,15.3877925167933,15.0803873879235,15.0429804839728,14.9403370850537,15.1774972798603,15.3661840027751,15.1581009469871,15.2998584281116,14.9110267168746,15.2944857158745,15.3969468845498,15.1941577550172,15.1063619611083,15.3667647123604,15.2766082965334,15.1248576571258,15.2708754537665,15.3500436859603,15.4361625265125,15.3789615834637,15.2114757580798,15.1915901920334,15.0878450318196,15.2428522706637,15.1959144681145,15.5345551757127,15.3046211058573,15.2084785381822,15.2269697000408,15.0914212204589,15.3703110556738,14.8991687600403,15.084196089897
Q9W402,chrX,18.1152092734686,18.0189972987537,18.3565357804825,17.986463063938,18.0088334539116,18.1494420826787,18.441062785033,18.3359789329375,18.5402711624526,18.5061570536525,18.4780164784435,18.3185554589479,18.407888053736,18.3865651760032,18.3256027906056,18.8936305692747,18.5336343843767,18.2528162612189,18.6222282228352,17.1915702998022,18.2963196229438,18.3461598950919,18.1117642597992,18.2647980156511,18.7926928782957,18.6410706593441,18.3533649945449,18.6794645496676,18.6610884978614,18.581994142695,19.074065111002,18.9595058192218,18.0785490385495,17.8245550528757,18.3443243187353,18.3143305583941
Q9W445,chrX,15.1567422540706,14.9291090946923,15.4652151629038,15.2663369757429,15.9496775367738,15.5891464066397,15.313993357397,15.4502524294651,15.6300868095655,15.6837509440169,15.6569004209055,15.5501638848298,15.7079090449772,15.6971716093889,15.6101838920643,15.3810848445919,15.5651468823367,15.8154304769422,15.482454358968,15.9982775058611,15.5105396856258,15.363034685084,15.8746180141268,15.4284532143059,15.44863379803,15.4839075220905,15.4578900419269,15.5140762615967,15.315979063525,15.4721273239719,15.6342872624743,15.4567884281497,15.8684839786941,15.5505005312232,15.9572760118404,15.8974112762762
Q9W4V8,chrX,17.7978847258324,17.543689127787,17.6203905808739,17.6175764632579,17.4232965938621,17.8667469030403,17.0796328746941,17.4408828477358,17.6131423480653,17.3960436787815,17.8434473509929,16.9637701136678,17.1210052258491,16.7863728944515,17.2453101878447,17.6942049540111,17.3999960038487,17.0994816196231,17.1290365929099,16.4947306989937,17.149216828994,16.8893986621947,16.9678764380642,16.7412584591184,17.2728022584229,17.1389956926329,17.2820859887615,17.3304916897853,17.2180994846012,17.1957093722086,17.383510803192,17.3032422757123,17.1005244890787,16.6841918885144,17.0373053913177,17.0021108488813
Q9W4X7,chrX,16.9987789419578,17.0208479339391,17.0327374472635,16.7316082372303,17.1498834797854,16.8409547129653,16.8032906603172,16.7574205498119,16.8489960568626,16.8149048482491,16.8776816173111,16.5986798953692,16.8010116876868,16.6447314771506,16.7999472720602,16.5778874165897,16.6198970096313,16.690220058135,16.6864155918555,17.4125108065872,16.6208083940934,16.627677884005,17.138100621626,16.6104674224616,16.5347202666736,16.4999454734301,16.6092949931422,16.5667719599798,16.4752464208836,16.6636299283864,16.4035613840701,16.5916755393979,17.0611708810923,16.8768350603653,16.8830068165574,16.9896819807862
Q9W596,chrX,20.2193632269536,19.9570008402791,20.6241725799524,20.4212847647065,20.2712618510584,20.2288906740753,20.4682301938807,19.9655678053947,19.8435499397359,19.8381592543354,19.8415331256627,20.6505304061219,19.5789674477055,19.820080863074,19.6134684408741,19.6234800598365,19.6672046861676,19.6127291485922,19.6883312473934,19.092633928265,19.6673678768315,19.7620023439901,19.409253977862,19.4695464849394,19.6419294503316,19.6063170535917,19.8749652170161,19.6317901990573,19.7538733460312,20.224876938993,19.7465484066351,19.7093634344507,19.7339472570968,20.1073471858575,19.5399222445769,19.541793491732
Q9W5G7,chrX,14.5783352857264,14.4907794886246,14.6943422569141,14.3142966023174,14.6161992055038,14.4777047162948,14.795529464587,14.7301994497182,14.7680505571022,14.9036445749171,14.9745511318748,14.0804665531777,14.4925716891145,14.4814162305378,14.5016707477367,14.6489640735809,14.6493544354442,14.5468112563552,14.8060713264905,13.4028215829869,14.3466850299137,14.0559302357836,14.1591547329649,14.5876583316529,14.9673603711833,14.8085006184551,14.7845077797642,14.773350876039,14.9298505756456,14.3807819750517,15.2697028575798,14.7686356670041,14.451568110599,13.8273438788316,14.0046739534101,13.9096146802801
Q9W5N0,chrX,18.7636973547493,19.0593963310017,18.7833822226271,18.8316347871139,19.0555826987054,18.9675960563938,18.4302417349572,18.6989772299582,18.7397817182859,18.6909716324544,19.0686218403028,18.1472557552857,18.5395004980693,18.3994860629145,18.7512352325186,18.7626899760909,18.7791715889499,18.6512544342053,18.7376830625883,18.4559050764425,18.5507559999547,18.5030251246158,18.6734377563228,18.5425200881281,18.8432376675666,18.8283453907062,18.8368780371719,18.7537133482107,18.822143413941,18.8597902130196,18.7264664206845,18.5600737459843,18.3454120047211,17.9731505829265,18.301316364135,18.2298570187347
Q9W5W8,chrX,15.0198705466851,15.0865642424465,15.6740235860012,15.5695856261258,15.9524411625433,16.0471659724742,15.8612484042668,16.254882514891,15.9996087681879,16.0405476133337,15.9080147206371,16.1482028747284,16.7200453464204,16.5648541982799,15.6450152909423,15.6229178421234,15.8745514021842,15.7468213340966,15.0655482526692,16.6827756289882,15.7056590561033,16.4559851632006,16.1913073481869,15.6760856530764,15.3783004878309,15.4781029416075,15.6681075328172,14.7586449111107,14.1740059303997,15.0078882764695,15.5597776940478,15.8381362639858,16.8594299287942,17.1537262831513,16.9685013963453,16.8232056671556
Q9XTL9,autosomes,18.0512048779368,17.6238041596149,18.3137211891295,18.1953802349809,17.6290104970012,17.9110331410546,18.7102570205564,18.1707178113287,18.0635958506009,18.0507736267745,17.8292822360647,18.797051316232,17.719506515829,17.8610984944339,17.2276127893616,17.4523145053569,17.797428457564,17.3565831664942,17.6566930568718,16.7844305793362,17.8261693874336,17.8481472466367,17.4722868645456,17.1326268441664,17.7108365730698,17.769005424473,17.2377043343244,17.7126670361899,17.7056120469034,17.4170405713963,18.3423570594057,18.1273975724059,17.6874335117435,18.4396540505281,17.8629193788016,17.7584570187342
Q9XZ54,autosomes,18.8320415986551,19.026935713216,18.7793359223951,18.7291830935905,18.8459243713804,18.9134230792343,18.7098633025311,18.9134678777445,19.0006921012364,19.0377901622781,18.953852598904,18.2777115960682,18.8650792473753,18.7792687918324,18.768448807915,19.2265670667977,18.840177088238,18.8171148362322,18.9323624618879,17.8557611094553,18.8170162951414,18.69867008667,18.5681316240366,18.9295750009368,19.0184929825527,18.9983174212311,18.8288566937544,19.2531385498393,19.0749884601974,19.1010889464598,19.1218933158729,18.9958717909576,18.4595521745689,18.0712355647171,18.4151626905236,18.4588526325961
Q9XZ61,autosomes,16.3799955763229,15.607498250348,15.7125186674088,16.1458563457537,15.5474773103998,15.4479494272411,15.8240455070613,15.4487730057572,15.8029983367717,15.9887627553125,15.721497581832,15.724245914457,15.3506864307187,15.3740152866262,15.4908907180987,15.6404381234707,15.413065088417,15.5746440190076,16.0588773990133,14.5527461800825,16.0753246739443,15.9385645146635,15.5520099967782,15.4077923057479,15.2712013956264,15.4965321056133,15.3561488164953,16.3487369268348,15.9167426041562,16.0046595513542,15.1294875397882,15.3495255621642,16.0532775729242,16.0154595536076,16.1448817231784,16.2230894560756
Q9XZ63,autosomes,18.1511031901464,18.6282026330354,18.069534359948,17.8984183246121,18.2935371300381,18.5568808654697,17.7486156855408,17.9517083160556,17.919254880771,17.9729516085596,18.1768667017226,17.5574985324109,17.8510604625889,17.6512485270751,18.1612537560675,18.1794378136769,17.8986759808692,17.8797100033824,18.1640324582193,17.239656879033,17.9094971275838,17.6954633701754,17.7040285369827,17.9612597853391,18.1295454654529,18.1223657218392,18.1354694269335,18.1303643248836,18.0961342004059,18.0189782784172,17.6071556495363,17.8807604038173,17.604855879244,17.4184368790313,17.5061317328642,17.4750861996345
Q9XZH6,autosomes,16.8086977345077,17.0988481916971,16.9856491873108,16.6568680731628,17.1680637602041,17.0934218296133,16.8439243385054,17.0028191213492,17.3170502957763,17.4002870398905,17.4797645738933,16.7076644464302,18.0879072837846,18.062162474827,18.0735635400131,18.2244117167481,18.067804238261,18.0989828895961,17.973818895369,18.6742549149604,17.85770797717,17.7316992886305,18.0756069946599,18.5545493599643,18.2674199871738,18.4616546992921,18.2852754003581,17.7980743419072,17.9438825055215,17.8857233313928,17.706862045272,17.743761205898,17.8677535657978,17.7211354353734,17.7182860749404,17.6813448322875
Q9XZJ4,autosomes,15.9785016769909,16.0025075721705,15.8682334301391,15.8539119748837,15.4171241869032,15.4897334830739,16.204252145512,15.7781185218293,15.9525832700118,15.9155163125779,15.6566880313934,16.2019818187069,16.263131360983,16.2691324975199,15.4652665676866,15.8765142872293,15.924262274859,16.141125094783,15.425771896861,16.281701657111,15.8383519370938,15.9996593896281,15.938453773176,15.3702544818478,15.495202331779,15.3797847141303,15.2842488630226,15.6306754222464,15.5288231311199,15.3364770732707,16.1764317869902,15.8268071184567,15.9898954228053,16.0617661439585,16.1106737367939,16.1326249137991
Q9XZL8,autosomes,15.2002497118458,15.0345776033474,14.8814697688932,14.693326408125,15.357895900399,14.8951786923541,15.2740563548072,14.6837869060753,15.1491188940908,15.3041737281665,14.8606036177952,15.3051285364594,14.9436591682722,15.1707699111347,14.5759280147815,15.1057879598932,14.713327222979,14.6650368430674,14.6312824107067,13.7236784390736,15.0870989160414,14.9450269706582,14.6768049228262,14.4353087467278,13.9623068907722,14.3838533877858,14.4722758172262,14.6380508148172,14.5378692756644,14.4498817449354,14.558776672234,14.6759242988182,14.7700588460501,15.0528075614659,15.0269926976604,14.899948569387
Q9Y0V3,chrX,14.719614294472,14.4110113991166,14.3751093329469,14.5699389652418,14.9132184108419,14.6937448106763,14.4502352217244,14.3840729209327,14.709789672122,15.1465247925881,14.994053046923,14.4028197095029,14.6747644588066,14.6038956345176,15.0754734893808,15.0798737227372,15.2922036336439,14.7739516286412,14.9528156868677,14.9460533501661,14.7617105451512,14.8996810673393,14.9110552113618,15.1503534690822,15.1179451368769,15.2413204059699,14.8051577092542,14.8139933544659,15.3868113718614,15.2974195629128,15.1725343819876,15.0891633351589,14.3314884807941,14.2953139552171,14.509436656751,14.5260053893726
Q9Y114,autosomes,15.8655349067287,16.0426145075573,16.2811341475877,15.9463010814754,15.6710618345387,15.9206827209622,16.2333207187851,16.314177846766,16.8056089522192,16.7399507629446,16.2760399741618,15.7714112599927,15.655679272801,16.0240364785922,16.2535567036935,16.9094950216138,16.5567680378596,16.4593728102392,16.64224884148,14.4685197842296,16.646075774578,16.3104352471103,16.4794739196047,16.3276013571871,16.25831901014,16.4062641292804,16.0566394361908,16.7163444386473,16.856797409591,16.5329664537535,17.3115637782257,16.9704157885633,15.7906149977106,15.6598301599295,16.177730049412,15.8433016623049
Q9Y162,chrX,16.0552814528003,15.8843035807642,16.2017513813894,16.0714719135292,15.9707441733895,16.1272802289503,16.4326299461548,16.0580933546061,16.1205091289325,16.3561349671666,16.1068785449826,16.1821940376739,15.9613465235999,16.2714804434468,15.981148143036,15.9877102773855,15.8202734276923,15.8793308921352,15.8200378528164,15.7754961433995,16.0413066834375,15.8699115302195,15.9089291885859,15.8515064980076,15.8335334842802,15.7433774931566,15.8337677302258,15.7227685098509,15.8269367190678,16.0308291405392,15.975969122612,15.9941661415399,16.508754581341,16.1222905968236,16.2523330184658,16.335626297111
Q9Y1A3,chrX,16.8890660825351,16.9220365128055,17.2636207973624,17.0609869173883,17.0584472807816,17.1125394091202,17.431533433801,17.2676962625342,17.5544822967785,17.6245085008244,17.4997795665914,16.7356918178077,17.7816700975314,17.847498348075,17.9905833916331,18.278502200332,18.197049713695,18.1080748943074,18.2604933697976,17.7065363832659,18.0463734893415,17.9718394478351,17.8582176134104,18.2765779176347,18.3858104535162,18.3233609983024,18.2181453791596,18.3710674447888,18.3635325141914,18.2925513240513,18.2908167675062,18.1932108925359,17.8087560807415,17.5816394772316,17.7610352832755,17.8169465298977
X2JAU8,autosomes,17.5253788759942,16.1410858102282,17.0835025575567,17.2234001672723,17.2122595428501,16.7698797997844,17.6114401372197,17.2512181052344,17.2166424668794,17.270869966139,16.89013909584,17.715255983641,16.5135865442644,16.8782124091519,16.3839698541398,16.6077535049367,16.2267166049183,16.3681705954788,16.3372447425398,15.7824488292907,16.5223177346252,17.1191381155848,16.1788430662074,16.0912683046525,16.2503805079943,16.2151818772353,16.1270702819754,16.3114180254477,16.0476672732574,16.0842155076239,16.2986929355789,16.2374148938637,17.0000497557455,17.7517791136493,17.0063385811888,16.792781152254
X2JFJ0,chrX,16.0374369543044,16.4084330028471,16.3572184114766,16.3087872588441,16.5380615044246,16.525729313015,16.5516177703754,16.7915681618311,16.785740268723,16.5111168256448,16.6302415573864,15.9014891709691,16.2061660106629,16.3027330598309,16.2784420501382,16.6307328614799,16.3494143633104,16.5122898412081,16.2350978181164,16.2331192971834,16.4660603747902,16.2655000515967,16.2941635106627,16.5393111806717,16.7843167865698,16.6291454959378,16.4434610513328,16.5208583631946,16.5608539049749,16.2442208875446,16.695424307016,16.6952594410971,16.1916939585195,15.9077768975317,16.3427678950055,16.0595638118184
